right_hand_timestamp,right_hand_index,right_hand_accel_x,right_hand_accel_y,right_hand_accel_z,right_hand_gyro_x,right_hand_gyro_y,right_hand_gyro_z,right_hand_battery_percentage,left_hand_timestamp,left_hand_index,left_hand_accel_x,left_hand_accel_y,left_hand_accel_z,left_hand_gyro_x,left_hand_gyro_y,left_hand_gyro_z,left_hand_battery_percentage
0.345,6,8.5551,2.1336,-9.2096,0.0498,0.1804,0.0209,75,0.022,0,8.6194,0.4261,-10.3974,-0.4123,-0.0754,-0.0326,86
0.397,7,8.6663,1.845,-9.263,0.2289,0.1646,0.0251,75,0.074,1,8.6797,0.8018,-10.3967,-0.4893,0.0666,0.031,86
0.448,8,8.2059,1.8208,-9.2609,0.3851,0.1612,0.0229,75,0.126,2,8.5733,0.2638,-10.8103,-0.8661,0.1015,0.2992,86
0.5,9,6.8608,1.6248,-9.1709,0.3541,0.1551,-0.0344,75,0.178,3,8.1125,-0.2933,-10.8388,-1.1086,0.1474,0.4529,86
0.552,10,5.0324,1.5009,-9.0355,0.2994,0.1141,-0.0567,75,0.229,4,7.1274,-0.572,-10.9672,-1.128,0.1758,0.5498,86
0.604,11,4.5181,1.6439,-9.1663,0.322,-0.1065,0.0565,75,0.281,5,4.7708,-0.818,-10.8402,-1.2143,0.4888,0.437,86
0.656,12,8.3552,2.6801,-9.9696,0.9094,-0.3586,0.1086,75,0.333,6,4.0431,-0.3954,-10.2398,-1.4871,-0.1052,0.6043,86
0.707,13,11.1556,2.7235,-11.8974,1.3381,-0.4943,0.0985,75,0.385,7,7.8707,-1.9651,-12.7781,-1.7653,-0.7494,1.1064,86
0.759,14,13.1327,2.8649,-12.1326,1.4455,-0.4866,0.0053,75,0.437,8,10.6643,-4.2432,-14.4664,-1.4038,-0.4128,0.7222,86
0.811,15,10.6162,3.2662,-12.2436,1.3419,0.0589,-0.1836,75,0.488,9,12.7031,-3.7562,-14.2557,-0.5169,0.1706,0.0628,86
0.863,16,6.1142,1.4457,-12.1309,0.4083,0.1414,-0.262,75,0.54,10,9.9819,-1.6352,-12.6201,-0.3234,0.721,-0.5837,86
0.915,17,3.6882,1.1173,-10.7164,-0.0965,-0.5398,-0.2532,75,0.592,11,5.9822,-0.9925,-10.6226,-0.1987,0.9372,-0.5143,86
0.966,18,2.689,0.6438,-9.8869,-0.6662,-1.0633,-0.2848,75,0.644,12,2.0273,-0.5271,-10.7134,0.0653,1.0924,-0.2529,86
1.018,19,2.4898,0.8421,-9.074,-0.723,-1.408,-0.264,75,0.696,13,0.5711,0.0895,-10.1247,0.5419,0.6357,0.0233,86
1.07,20,2.5029,1.0645,-9.4389,-0.4464,-1.343,-0.0289,75,0.747,14,0.0981,0.6507,-9.6368,0.7917,0.4767,0.1938,86
1.122,21,6.8843,1.6289,-12.2097,0.3042,-1.1117,0.3453,75,0.799,15,0.088,0.9888,-8.7254,0.6674,0.3967,0.134,86
1.173,22,10.0821,2.0503,-14.8544,0.7787,-0.5882,0.128,75,0.851,16,4.9841,1.5965,-7.3789,0.2781,0.1344,0.1885,86
1.225,23,12.416,1.7485,-17.073,0.253,0.2532,-0.2311,75,0.903,17,8.5575,1.5583,-6.8164,-0.4327,-0.1264,0.0416,86
1.277,24,11.6559,2.2981,-17.5231,-0.4927,0.8672,-0.2017,75,0.955,18,11.1655,-0.7148,-8.8943,-0.9959,0.0657,-0.3351,86
1.329,25,6.0456,0.6348,-16.7172,-0.3746,1.3153,-0.5211,75,1.006,19,10.9105,-2.4602,-10.0407,-1.1231,0.4875,-0.7089,86
1.381,26,2.7506,1.6831,-15.1371,0.2918,0.7853,-0.3752,75,1.058,20,7.7164,-3.3194,-11.4294,-1.0931,0.9865,-0.9714,86
1.432,27,1.4763,1.8783,-13.6066,0.5403,-0.0189,-0.0864,75,1.11,21,4.6408,-2.4098,-11.6917,-0.6667,0.7473,-0.4446,86
1.484,28,0.7643,1.8991,-12.2971,0.4715,-0.6517,0.0457,75,1.162,22,3.7877,-1.2432,-11.8286,0.1217,0.5193,0.1135,86
1.536,29,-0.1496,1.5308,-12.0912,0.0547,-1.1377,0.1943,75,1.214,23,2.6135,0.0079,-11.5444,0.6909,0.8555,0.3654,86
1.588,30,4.9484,1.4637,-14.0006,0.4811,-1.3897,0.4563,75,1.265,24,0.6932,1.4015,-10.6493,1.1633,0.8061,0.6664,86
1.64,31,8.6692,1.8029,-16.119,0.4217,-1.1788,0.5682,75,1.317,25,3.6156,1.5199,-9.2863,0.7586,0.2418,0.9652,86
1.691,32,11.3848,0.6007,-16.6625,-0.1095,-0.4114,0.2906,75,1.369,26,7.5587,1.0891,-7.1022,-0.1224,-0.496,1.1176,86
1.743,33,11.5311,1.625,-15.5835,-0.0615,0.3822,0.1378,75,1.421,27,10.4366,-1.5661,-8.0672,-0.7694,-1.0347,1.2179,86
1.795,34,5.5254,1.6697,-14.3899,0.0436,0.9613,-0.1126,75,1.473,28,10.3821,-4.4304,-9.5415,-0.9226,-0.9244,0.676,86
1.847,35,2.6723,2.3429,-12.8714,0.5594,0.2941,0.2633,75,1.524,29,7.0844,-5.2004,-10.2253,-0.7943,0.004,-0.1379,86
1.899,36,1.582,2.3537,-11.8447,0.5374,0.0035,0.2478,75,1.576,30,4.209,-4.9354,-10.5157,-0.3319,0.1236,-0.3393,86
1.95,37,1.7329,1.4145,-11.4252,0.2406,-0.1619,0.0849,75,1.628,31,3.5989,-3.9732,-10.64,-0.0178,-0.3938,0.2687,86
2.002,38,0.9912,0.6249,-11.2035,0.0203,-0.0169,-0.0124,75,1.68,32,2.611,-2.8338,-10.55,0.3223,-0.5185,0.6512,86
2.054,39,2.7208,0.5386,-11.2187,-0.0864,-0.1135,0.0179,75,1.732,33,1.6973,-1.2264,-9.8961,0.3046,-0.5162,0.8952,86
2.106,40,7.0434,1.1044,-11.772,-0.3845,0.0113,-0.0036,75,1.784,34,2.3407,-0.0331,-9.1467,0.0657,-0.9541,1.2434,86
2.158,41,10.1982,1.9168,-12.4121,0.0849,0.1481,0.1388,75,1.835,35,6.2639,-0.3082,-9.4422,-0.6157,-1.1552,1.5729,86
2.209,42,12.4953,2.7312,-13.4908,0.6698,0.4237,0.1262,75,1.887,36,9.4916,-4.094,-13.0464,-1.0178,-1.1725,1.3919,86
2.261,43,9.1124,3.9549,-13.4524,0.5306,0.8615,-0.0226,75,1.939,37,11.5066,-6.5885,-15.677,-0.2438,-0.1767,0.3295,86
2.313,44,5.5361,3.2775,-12.7581,0.3351,0.242,-0.2118,75,1.991,38,10.4047,-5.3449,-13.5441,0.1015,0.4322,-0.4328,86
2.365,45,4.6467,3.116,-11.5839,-0.4213,-0.3545,-0.4638,75,2.043,39,6.787,-7.1964,-13.4377,-0.2527,0.9675,-0.9303,86
2.416,46,4.0463,1.9228,-10.6531,-0.9849,-0.5654,-0.6596,75,2.094,40,2.9135,-5.4566,-11.8101,-0.3512,1.3852,-1.3653,86
2.468,47,2.6226,0.5722,-10.0914,-1.0035,-0.2442,-0.7482,75,2.146,41,2.1802,-4.4936,-11.0558,-0.6772,0.4783,-0.8337,86
2.52,48,2.3837,0.6246,-9.6961,-0.7994,0.062,-0.7003,75,2.198,42,1.2281,-3.1626,-11.0353,-0.3418,0.6699,-0.6195,86
2.572,49,5.7049,1.1418,-9.7931,-0.6631,-0.206,-0.4776,75,2.25,43,1.0811,-2.3044,-10.6019,-0.1652,0.5976,-0.2649,86
2.624,50,9.2213,2.2485,-10.3994,-0.3993,-0.2663,-0.3601,75,2.302,44,5.5143,-1.702,-10.5953,-0.1944,0.2604,0.2236,86
2.675,51,11.7877,2.8075,-10.5683,-0.1146,-0.5271,0.1513,75,2.354,45,8.9445,-1.3549,-10.1769,-0.1572,-0.3527,0.4095,86
2.727,52,8.7703,4.0255,-10.923,0.5475,0.2615,0.1516,75,2.405,46,11.448,-2.634,-9.906,0.1413,-0.2872,0.0814,86
2.779,53,4.7085,4.0692,-10.7005,-0.1624,-0.2258,0.1297,75,2.457,47,9.8702,-2.9747,-9.3348,0.7576,0.2405,-0.3981,86
2.831,54,3.143,3.0291,-9.9789,-0.2694,-0.4587,0.102,75,2.509,48,6.2728,-2.0375,-8.43,1.167,0.3333,-0.3175,86
2.882,55,2.9496,1.948,-10.1273,-0.0524,-0.3946,0.1211,75,2.561,49,3.3043,-1.3569,-7.6033,0.7619,-0.0847,-0.0644,86
2.934,56,2.0038,2.0569,-10.2676,0.095,-0.0819,0.0783,75,2.613,50,2.0508,-0.8881,-7.1134,0.0737,-0.3985,0.0752,86
2.986,57,1.9789,2.3736,-10.7202,0.0091,-0.1415,0.198,75,2.664,51,1.5082,-0.833,-7.296,-0.3066,-0.2547,0.0727,86
3.038,58,6.5019,1.727,-12.0208,-0.6108,-0.251,0.3084,75,2.716,52,1.8696,-0.4735,-6.6719,-0.2982,-0.1489,0.1327,86
3.09,59,9.803,2.965,-12.4581,-0.1274,-0.2249,0.387,75,2.768,53,6.2844,-0.6685,-7.1803,-0.2841,0.2129,0.2151,86
3.141,60,11.9301,4.043,-12.0036,-0.1001,0.303,0.1807,75,2.82,54,9.5065,-0.6711,-7.8836,-0.2678,0.4429,-0.0528,86
3.193,61,8.4912,3.7776,-11.1716,-0.4662,0.8972,-0.074,75,2.872,55,11.8565,-0.9027,-8.4782,-0.553,0.2183,-0.231,86
3.245,62,3.8677,3.7896,-10.6607,-0.1006,0.6118,0.0619,75,2.923,56,9.3152,-1.513,-8.985,-0.8663,0.116,-0.4161,86
3.297,63,2.4379,3.7655,-10.0916,0.5359,0.1769,0.2184,75,2.975,57,6.1463,-1.9523,-10.3267,-0.75,0.2918,-0.3507,86
3.348,64,2.4171,3.3125,-9.7695,0.8488,-0.5169,0.1217,75,3.027,58,4.3305,-2.0131,-11.3248,-0.0155,0.1909,-0.0274,86
3.4,65,1.2879,1.9141,-10.9906,0.4017,-0.2212,-0.2839,75,3.079,59,3.5102,-1.8766,-11.7116,0.6604,0.2519,0.1627,86
3.452,66,1.0725,1.5023,-11.0464,0.0527,-0.5017,-0.2873,75,3.131,60,2.119,-1.1191,-11.0356,0.8102,0.2608,0.3471,86
3.504,67,5.8404,1.6742,-11.5923,-0.1006,-0.5586,-0.3564,75,3.182,61,2.4537,-1.2086,-10.2121,0.1688,-0.3615,0.703,86
3.556,68,9.3202,1.8182,-11.8161,-0.5673,-0.3176,-0.0599,75,3.234,62,6.7107,-0.5701,-9.3251,-0.2035,-0.9298,1.1041,86
3.608,69,11.8599,2.1272,-11.831,-0.654,0.0388,0.153,75,3.286,63,9.8176,-2.3933,-9.074,-0.3092,-1.1711,1.1122,86
3.659,70,9.328,2.3785,-11.561,-0.4501,0.6862,0.1972,75,3.338,64,12.0852,-3.013,-9.1019,-0.4599,-1.5274,1.2636,86
3.711,71,4.1839,2.6296,-11.2058,-0.4437,0.6455,0.3141,75,3.39,65,10.4326,-5.4022,-9.4297,-0.246,-0.9648,0.564,86
3.763,72,2.9474,3.3413,-10.2853,-0.17,0.1203,0.5104,75,3.441,66,6.2486,-4.6192,-8.5175,0.4743,-0.0251,-0.2747,86
3.814,73,2.1604,3.0236,-9.7139,0.1349,-0.4396,0.6088,75,3.493,67,3.0194,-4.6728,-9.0789,0.0719,0.3711,-0.5061,86
3.866,74,1.7491,2.7127,-9.3755,0.5388,-0.4301,0.4722,75,3.545,68,3.1306,-4.3209,-10.0705,0.315,0.2,-0.2076,86
3.918,75,1.4833,2.7222,-9.5898,0.5874,-0.5074,0.3213,75,3.597,69,1.6958,-3.3151,-10.6105,0.7248,0.8251,-0.1926,86
3.97,76,6.1402,2.2017,-11.4503,0.1521,-0.5139,0.2075,75,3.649,70,0.912,-2.7719,-10.9426,0.5875,0.459,0.1934,86
4.022,77,9.539,1.2153,-12.9767,-0.0791,-0.0726,0.1245,75,3.701,71,4.4496,-1.8326,-10.7671,0.18,0.1057,0.7547,86
4.073,78,12.0196,1.2009,-14.7996,0.3032,0.3338,-0.1259,75,3.752,72,8.1674,-3.963,-12.4147,-0.4769,-0.1926,0.6289,86
4.125,79,9.5737,2.8801,-14.8501,0.0936,0.874,-0.1267,75,3.804,73,10.8808,-5.4969,-12.9606,-0.487,-0.03,-0.0157,86
4.177,80,4.9558,1.7828,-14.2186,-0.4163,0.6961,-0.3767,75,3.856,74,10.321,-5.4762,-11.6171,-0.1593,0.3836,-0.6917,86
4.229,81,4.0522,1.9535,-12.5824,-0.5988,-0.0668,-0.3513,75,3.908,75,7.0531,-4.0657,-10.509,0.5146,0.9246,-1.1262,86
4.28,82,3.2363,1.3937,-11.5583,-0.7817,-0.6242,-0.2152,75,3.96,76,2.2879,-2.4742,-9.0153,0.3095,1.3506,-1.3467,86
4.332,83,1.5872,0.7109,-10.9211,-0.439,-0.491,-0.2003,75,4.012,77,1.2845,-2.1879,-8.75,-0.4542,0.313,-0.6751,86
4.384,84,1.9739,1.9295,-10.6629,-0.034,-0.7141,0.0795,75,4.063,78,0.6518,-2.7487,-8.673,-0.596,0.1519,-0.2427,86
4.436,85,6.4983,1.1032,-12.3841,-0.0566,-1.1611,0.3402,75,4.115,79,1.3533,-3.2524,-8.8609,-0.339,-0.1183,0.3415,86
4.488,86,9.8003,0.3463,-14.5066,0.5685,-1.0821,0.3144,75,4.167,80,5.9076,-4.0672,-10.0385,0.2811,-0.0635,0.8872,86
4.539,87,12.2103,-0.0598,-15.7908,0.5061,-0.6883,0.1318,75,4.219,81,9.2315,-4.2998,-10.7747,0.3057,-0.1834,0.7513,86
4.591,88,9.675,-0.3647,-15.8483,0.0068,0.153,0.1379,75,4.27,82,11.6574,-5.6665,-11.1224,0.5653,-0.4462,0.2626,86
4.643,89,5.4925,-0.9361,-15.0714,-0.0261,0.1091,0.1102,75,4.322,83,8.9736,-4.9453,-10.5157,0.5331,-0.0397,-0.4534,86
4.695,90,3.9005,-0.2186,-13.7841,-0.3063,-0.1831,0.2608,75,4.374,84,4.6643,-3.0458,-9.0255,0.6706,0.5266,-0.7667,86
4.747,91,3.0625,-0.2815,-12.7251,-0.2339,-0.5064,0.352,75,4.426,85,2.6447,-2.7876,-8.3922,0.2794,-0.1492,-0.3738,86
4.798,92,2.045,0.5492,-11.8756,-0.4171,-0.7561,0.379,75,4.478,86,1.3672,-1.5845,-7.297,0.0974,-0.0497,-0.2384,86
4.85,93,3.6939,0.6232,-11.9723,-0.9818,-1.2148,0.5727,75,4.529,87,0.3939,-0.8561,-7.1321,-0.453,-0.2953,-0.0012,86
4.902,94,7.7536,1.2654,-13.6369,-0.0739,-0.9718,0.7863,75,4.581,88,1.4865,-0.0449,-7.047,-0.9874,-0.3437,0.0718,86
4.954,95,10.7165,3.5117,-15.0795,0.2516,-0.6785,0.7304,75,4.633,89,6.0048,-1.7076,-9.926,-0.2884,0.1978,0.2255,86
5.006,96,12.879,2.5248,-16.1989,-0.1025,0.1578,0.1743,75,4.685,90,9.3025,-1.0749,-10.4002,0.3804,0.8235,-0.5218,86
5.057,97,10.2268,3.2113,-15.0262,-0.2449,0.7976,-0.1671,75,4.737,91,11.4919,-1.3488,-10.1749,-0.0056,0.4929,-0.6432,86
5.109,98,6.183,3.2694,-13.0936,-0.25,1.0332,-0.3759,75,4.788,92,9.5063,-2.7503,-10.71,-0.5458,0.2354,-0.5605,86
5.161,99,3.974,3.0498,-11.1725,0.4852,0.3991,-0.5306,75,4.84,93,6.3187,-3.994,-11.3713,-0.346,0.4767,-0.4594,86
5.213,100,4.2134,2.4305,-10.1573,0.8094,0.0295,-0.9615,75,4.892,94,3.9756,-3.9413,-11.8466,0.4176,0.3179,-0.0341,86
5.265,101,3.8625,1.6743,-10.5128,0.9414,0.4107,-1.3212,75,4.944,95,3.346,-3.0565,-11.5029,0.7333,0.0124,0.3134,86
5.316,102,5.0706,0.5564,-11.6877,0.6404,0.5799,-1.4081,75,4.996,96,2.5206,-2.3594,-10.8715,0.544,-0.1703,0.5372,86
5.368,103,8.7584,-0.62,-13.3802,0.521,0.9927,-1.3144,75,5.048,97,4.2163,-1.2605,-9.7064,0.1698,-0.6369,0.7714,86
5.42,104,11.4498,0.7047,-14.026,0.5306,1.3045,-0.7726,75,5.1,98,7.9971,-1.6412,-9.7342,-0.3825,-0.8506,0.9423,86
5.472,105,12.5588,2.0434,-14.2149,0.4903,1.4058,-0.4561,75,5.151,99,10.7566,-1.1287,-9.2205,-0.5998,-1.2924,1.0946,86
5.524,106,8.207,2.7806,-13.5258,0.1623,1.5521,-0.3617,75,5.203,100,12.7705,-2.718,-9.2582,-0.6078,-1.41,0.9963,86
5.575,107,4.8077,3.2086,-12.2451,-0.3128,0.6835,0.0301,75,5.255,101,9.0815,-3.4596,-8.2875,-0.2435,-0.402,0.0625,86
5.627,108,2.9952,2.8235,-11.3105,-0.7251,0.0848,0.3811,75,5.307,102,4.6172,-3.485,-7.5714,-0.3432,0.3857,-0.6407,86
5.679,109,2.284,2.3894,-10.272,-0.6656,-0.2819,0.5717,75,5.359,103,3.0534,-2.7534,-8.1479,-0.3652,-0.012,-0.0948,86
5.731,110,1.5626,2.4055,-9.6137,-0.4579,-0.3518,0.6478,75,5.41,104,3.5638,-3.3571,-9.5531,0.1516,0.1495,0.002,86
5.782,111,3.0419,2.6352,-9.3646,-0.1938,-0.5776,0.734,75,5.462,105,1.7131,-2.4821,-10.3019,0.7394,0.7882,-0.2583,86
5.834,112,7.2777,3.3081,-10.837,0.0291,-0.4308,0.4396,75,5.514,106,4.8397,-1.5254,-9.3647,0.6863,-0.0662,0.2593,86
5.886,113,10.3692,3.1941,-12.2187,-0.6323,-0.0408,0.1813,75,5.566,107,8.4256,-1.8198,-9.1879,0.1125,-0.5103,0.5165,86
5.938,114,12.6255,2.9798,-11.4404,-0.5496,0.1207,-0.0537,75,5.618,108,11.0693,-3.048,-9.6344,-0.5979,-1.0451,0.6941,86
5.99,115,10.5494,2.9715,-11.2164,0.2732,0.5818,-0.2025,75,5.669,109,12.9987,-5.2951,-10.8608,-0.215,-0.4097,0.0211,86
6.041,116,6.0739,1.9232,-12.2941,-0.233,0.2845,-0.2899,75,5.721,110,11.1082,-4.5879,-9.5195,0.5148,0.2887,-0.671,86
6.093,117,4.7165,1.0346,-11.8907,-0.8115,-0.2274,-0.5644,75,5.773,111,6.2565,-2.8073,-6.7436,0.2549,0.8898,-1.1761,86
6.145,118,3.6408,0.4916,-11.5482,-0.8889,-0.6744,-0.6322,75,5.825,112,4.3325,-1.3211,-6.2479,-0.3476,0.2154,-0.6512,86
6.197,119,2.2373,-0.3523,-10.7729,-0.7794,-0.7135,-0.6247,75,5.877,113,5.0907,-1.7772,-8.3293,-0.3451,0.7798,-0.8973,86
6.249,120,2.2903,-0.1487,-10.1518,-0.1532,-0.8795,-0.423,75,5.929,114,2.4691,-2.0625,-10.7103,-0.1024,1.2482,-1.2427,86
6.3,121,6.7292,0.815,-10.0505,0.4461,-1.3112,0.0352,75,5.98,115,4.349,-1.931,-11.0122,0.0005,1.2981,-0.9542,86
6.352,122,9.9689,2.2605,-10.8642,0.4182,-1.0916,0.3088,75,6.032,116,8.094,-3.2168,-11.3794,0.4238,0.6348,-0.2395,86
6.404,123,12.3333,3.3463,-11.7637,0.6507,-0.1879,0.3731,75,6.084,117,10.8273,-1.768,-8.9398,0.7977,-0.0472,0.3245,86
6.456,124,8.525,4.0582,-12.3569,0.4495,0.5453,0.0929,75,6.136,118,12.8221,-3.1684,-7.339,0.4425,-0.7071,0.9011,86
6.508,125,5.1457,3.2724,-11.5221,-0.0274,0.2787,0.1458,75,6.188,119,9.7875,0.0287,-4.0044,0.9947,-0.7678,0.5502,86
6.559,126,3.7703,2.1232,-12.2101,0.0155,0.5136,0.0658,75,6.239,120,6.1943,1.6814,-3.5188,0.8677,-0.5441,0.5301,86
6.611,127,2.8489,2.0535,-12.0405,0.1211,0.6612,-0.0681,75,6.291,121,3.4837,2.71,-3.1913,0.5028,-0.4608,0.4428,86
6.663,128,1.6304,1.6381,-11.4033,0.0353,0.6657,-0.2341,75,6.343,122,2.135,2.5355,-4.001,0.2922,-0.4703,0.3209,86
6.715,129,2.6698,1.613,-11.6258,0.0189,0.2699,-0.1189,75,6.395,123,1.0666,1.741,-5.0729,0.2857,-0.0095,0.0417,86
6.766,130,7.0062,2.0974,-12.195,0.0695,0.3053,0.0183,75,6.447,124,2.6027,1.2912,-5.9014,0.1383,-0.4121,0.1317,86
6.818,131,10.171,2.5377,-12.0133,0.7173,0.2223,0.2175,75,6.498,125,6.8195,-0.5033,-8.916,-0.2807,-0.402,0.2897,86
6.87,132,11.3881,3.3857,-11.4521,0.796,0.3568,-0.0335,75,6.55,126,9.897,-1.6168,-11.5094,-0.1527,-0.1496,0.0279,86
6.922,133,6.781,3.0354,-11.0302,-0.0717,0.9428,-0.3147,75,6.602,127,11.7843,-1.5822,-10.8471,-0.2381,-0.3276,0.0509,86
6.974,134,3.4964,3.0164,-9.8658,-0.0529,0.2351,-0.1537,75,6.654,128,8.9677,-1.7654,-9.766,-0.5068,-0.3741,0.137,86
7.025,135,2.1685,3.4209,-9.2487,-0.0697,-0.4018,0.0142,75,6.706,129,5.2507,-1.6372,-9.3635,-0.0659,0.2683,-0.1301,86
7.077,136,2.2458,2.2554,-9.1026,0.125,-0.6362,-0.0624,75,6.757,130,3.0927,-1.0261,-8.8897,0.1163,-0.0564,0.1643,86
7.129,137,1.4743,2.1989,-9.4759,0.1413,-0.4151,-0.2921,75,6.809,131,2.3445,-0.7899,-8.7971,-0.104,-0.2572,0.2963,86
7.181,138,2.5129,2.4442,-10.5401,-0.0314,-0.2726,-0.4402,75,6.861,132,1.2528,-0.8376,-9.109,-0.2274,-0.0885,0.2309,86
7.233,139,6.8917,2.2376,-11.9742,-0.6299,-0.131,-0.3702,75,6.913,133,2.1505,-0.7766,-8.926,-0.1397,-0.4944,0.4529,86
7.284,140,10.0874,3.2543,-12.5542,-0.3396,0.0685,-0.2839,75,6.965,134,6.4894,-1.4135,-10.2436,-0.5338,-0.1287,0.69,86
7.336,141,11.499,3.9578,-11.7699,-0.2729,0.2571,-0.1842,75,7.017,135,9.6562,-1.8093,-10.0761,-0.5853,-0.4283,0.7892,86
7.388,142,6.5992,3.1223,-10.9737,-0.4253,0.8701,-0.4925,75,7.068,136,11.8072,-2.7562,-10.0178,-0.642,-0.8171,0.7297,86
7.439,143,4.3494,2.4903,-10.2536,-0.7714,-0.0027,-0.1413,75,7.12,137,8.2857,-3.4041,-8.9524,-0.361,0.0376,-0.0683,86
7.491,144,2.2809,2.399,-9.7063,-0.881,-0.1421,0.0634,75,7.172,138,4.4042,-2.1596,-8.3896,-0.2463,0.7066,-0.7362,86
7.543,145,1.991,1.9052,-9.604,-0.8754,-0.5331,0.4312,75,7.224,139,2.7695,-1.4086,-8.4376,-0.4129,0.1828,-0.3173,86
7.595,146,0.8685,1.7739,-9.3367,-0.478,-0.3831,0.5018,75,7.275,140,3.2772,-1.3524,-9.6255,-0.5631,0.4091,-0.2158,86
7.647,147,2.0721,1.5243,-9.3407,0.001,-0.6936,0.6452,75,7.327,141,1.829,-1.1069,-10.126,-0.2424,0.9776,-0.5543,86
7.699,148,6.5699,2.8185,-10.3141,0.4179,-0.521,0.5829,75,7.379,142,2.9211,-0.9241,-10.2633,-0.3859,0.2587,-0.0939,86
7.751,149,9.8526,2.462,-11.8534,-0.1642,-0.2974,0.3207,75,7.431,143,7.0518,-2.252,-11.6381,-0.9511,0.293,0.2327,86
7.802,150,11.1065,3.2268,-11.7279,-0.0677,-0.0856,0.2538,75,7.483,144,10.0666,-4.4292,-12.2162,-1.3741,-0.2792,0.3116,86
7.854,151,6.2731,3.244,-12.473,0.0442,0.62,-0.1616,75,7.534,145,12.267,-4.2987,-11.2288,-0.6528,-0.0699,-0.2242,86
7.906,152,3.534,2.0261,-11.5736,-0.4561,-0.1391,-0.2759,75,7.586,146,8.1233,-2.3057,-7.4255,0.0649,0.6281,-0.85,86
7.957,153,2.6579,1.4751,-10.8179,-0.8804,-0.3663,-0.4985,75,7.638,147,3.2617,-1.0796,-5.8579,-0.3858,0.8462,-0.8139,86
8.009,154,2.0827,1.3251,-10.8,-1.3067,-0.5472,-0.3956,75,7.69,148,2.0063,-0.5169,-5.9283,-0.8287,0.47,-0.3815,86
8.061,155,1.4568,1.1576,-10.2663,-1.6311,-0.4149,-0.5163,75,7.742,149,1.8853,-1.4304,-9.1302,-0.7486,0.4836,0.0378,86
8.113,156,0.8836,-0.1284,-10.2551,-1.8678,-0.609,-0.4641,75,7.793,150,1.2997,-1.302,-11.7168,0.1253,1.032,-0.0063,86
8.165,157,5.7025,0.0512,-9.4132,-1.6461,-0.8854,-0.1752,75,7.845,151,-0.1872,-1.4764,-11.881,0.3309,0.5267,0.5587,86
8.216,158,9.2195,0.2067,-10.6094,-0.527,-0.7665,-0.1107,75,7.897,152,4.7833,-2.5022,-11.6341,-0.2788,-0.2471,0.875,86
8.268,159,11.7864,2.1816,-11.3622,0.2897,-0.3526,0.0176,75,7.949,153,8.4109,-4.3287,-10.4341,-0.2618,-0.853,1.0593,86
8.32,160,10.967,3.4777,-10.5923,0.813,-0.0478,0.0748,75,8.001,154,11.0586,-5.1829,-8.5996,-0.216,-1.2953,0.801,86
8.372,161,5.8189,2.5185,-10.493,0.7237,0.4699,-0.0243,75,8.053,155,11.2116,-3.6249,-6.8993,0.4641,-1.3209,0.2775,86
8.424,162,4.0663,3.1143,-9.9565,1.1543,0.0699,0.175,75,8.104,156,6.6062,-1.1418,-5.5159,0.997,-0.285,-0.0824,86
8.475,163,2.7747,2.3602,-11.028,0.8038,0.2863,-0.0776,75,8.156,157,3.6547,0.5685,-4.4398,0.7414,-0.5146,0.1925,86
8.527,164,1.8823,1.4324,-10.7849,0.8719,0.4118,-0.2712,75,8.208,158,2.3372,0.4953,-4.7604,0.4728,-0.1057,0.0092,86
8.579,165,0.1695,1.6362,-10.4694,1.0964,0.4833,-0.4526,75,8.26,159,1.9796,-0.4431,-4.6449,0.283,0.5354,-0.6796,86
8.631,166,2.2379,1.0681,-11.5185,0.5776,-0.1359,-0.3033,75,8.312,160,1.7824,-0.7052,-6.016,-0.4735,0.4274,-0.9079,86
8.682,167,6.691,2.372,-13.5555,0.8544,0.0551,-0.0613,75,8.363,161,3.3193,-0.7774,-8.6566,-1.0097,-0.1868,-0.4033,86
8.734,168,9.941,2.5263,-14.887,1.057,-0.2364,0.301,75,8.415,162,7.3424,-2.5118,-10.5193,-0.7665,-0.0952,-0.0503,86
8.786,169,11.5573,3.6048,-14.1576,0.4562,0.1433,0.2038,75,8.467,163,10.2787,-2.8516,-11.6989,0.0372,-0.175,-0.0167,86
8.838,170,7.8179,3.4635,-13.0396,-0.2499,0.7652,-0.0478,75,8.519,164,11.6489,-1.6277,-9.7945,-0.4063,-0.5387,0.0599,86
8.89,171,5.0047,3.659,-11.4254,-0.3305,-0.0246,0.0154,75,8.571,165,8.5511,-1.4287,-8.7978,-0.8005,-0.2221,-0.1848,86
8.941,172,3.0302,3.4892,-10.2436,-0.3252,-0.4689,-0.0337,75,8.622,166,4.3,-0.7076,-8.3749,-0.5554,0.517,-0.5837,86
8.993,173,2.2058,2.9117,-9.4712,0.0172,-0.8446,-0.0919,75,8.674,167,2.2201,-0.0901,-8.1942,-0.2636,-0.0322,-0.0991,86
9.045,174,1.566,2.9391,-9.0273,0.2039,-0.7788,-0.2833,75,8.726,168,1.5082,0.2036,-8.3031,-0.064,-0.034,0.1522,86
9.097,175,2.1824,2.2441,-10.0638,-0.0303,-0.6683,-0.4185,75,8.778,169,0.9686,0.3232,-8.7294,0.0371,0.1499,0.0119,86
9.149,176,6.6504,1.2763,-10.8677,-0.3602,-0.9676,-0.189,75,8.83,170,1.8452,0.2469,-8.7227,-0.2474,-0.0057,-0.0579,86
9.2,177,9.9114,1.2346,-13.2859,-0.5723,-0.0239,-0.6034,75,8.881,171,6.2666,-1.3683,-11.8012,-0.8606,-0.2399,0.4729,86
9.252,178,11.2852,2.0011,-13.3002,-1.0951,0.0536,0.2065,75,8.933,172,9.4935,-3.0547,-12.0934,-0.7663,-0.8432,0.4016,86
9.304,179,9.9067,4.4733,-12.0648,-1.4633,-0.6302,0.8273,75,8.985,173,11.8487,-4.0997,-12.704,-0.462,-1.2657,0.3606,86
9.356,180,4.1377,2.7804,-11.1699,-1.6775,-0.7903,0.3275,75,9.037,174,8.365,-4.0862,-10.9762,-0.227,-0.2483,-0.1687,86
9.408,181,5.3001,1.5226,-10.2598,-0.55,-0.9831,-0.0085,75,9.089,175,3.6279,-4.4962,-10.8166,-0.0541,0.4978,-0.8095,86
9.459,182,2.8471,1.673,-9.698,0.273,-0.7785,-0.1974,75,9.141,176,2.1045,-3.3213,-10.3064,0.1866,-0.3093,-0.2316,86
9.511,183,1.5733,1.0921,-9.3463,0.2221,-0.5671,-0.4341,75,9.192,177,1.5691,-2.5651,-10.6957,0.2728,-0.8984,0.4964,86
9.563,184,1.1565,0.5947,-9.1932,-0.0697,-0.3918,-0.512,75,9.244,178,1.7621,-1.8708,-10.261,0.3951,-0.3978,0.4793,86
9.615,185,5.9017,1.3324,-8.1458,-0.5901,-0.9553,0.1088,75,9.296,179,0.5739,-0.3814,-10.6844,0.9378,0.1772,0.2292,86
9.667,186,9.3649,1.8153,-12.0579,0.047,-0.0786,0.5097,75,9.348,180,5.3387,2.8364,-5.2461,0.7879,-0.5433,0.8098,86
9.718,187,11.8925,5.0947,-12.0783,0.7087,0.5586,0.6153,75,9.4,181,8.8163,-3.0457,-9.6274,0.2305,0.2371,-0.0938,86
9.77,188,8.2817,5.2584,-12.5994,0.9378,1.0901,0.1688,75,9.451,182,11.3544,-3.6397,-9.8517,0.1739,0.8521,-0.7548,86
9.822,189,4.7013,1.2383,-13.7245,0.3349,0.7606,-0.3585,75,9.503,183,9.6282,-3.8786,-9.6515,0.7987,1.2659,-1.0971,86
9.874,190,5.0768,1.5091,-12.3089,0.206,0.6543,-0.4099,75,9.555,184,5.3381,-5.3676,-9.9658,0.3751,1.603,-1.4871,86
9.926,191,3.1348,-0.7929,-12.3057,0.5266,0.9235,-0.2491,75,9.607,185,1.7436,-4.2845,-8.7339,-0.3556,1.1366,-1.0206,86
9.977,192,1.3065,-0.25,-12.1335,0.6706,0.2519,0.115,75,9.659,186,3.4038,-5.6049,-10.6889,-0.9396,0.5807,-0.1352,86
10.029,193,1.1277,1.1929,-11.9112,-0.0154,0.0392,0.1199,75,9.711,187,3.2697,-4.0122,-10.3549,-0.7912,0.2798,0.5667,86
10.081,194,4.3213,1.4141,-11.5995,-0.6886,-0.2845,0.2343,75,9.763,188,2.8211,-2.6286,-9.4935,-0.6122,-0.1395,1.079,86
10.133,195,8.2115,0.5582,-10.1956,0.1141,-0.2038,0.205,75,9.814,189,6.1946,-2.2428,-9.5493,-0.3641,-0.7745,1.4529,86
10.184,196,11.0507,2.3497,-9.769,0.6773,-0.2169,-0.1331,75,9.866,190,9.441,-3.4336,-10.1719,-0.0625,-0.6744,1.3014,86
10.236,197,9.7538,2.5641,-10.45,0.1166,0.2143,-0.3246,75,9.918,191,11.8103,-3.6146,-9.8364,-0.3537,-1.0436,0.6651,86
10.288,198,5.1089,2.9819,-11.2734,-0.5923,0.3657,-0.3482,75,9.97,192,10.3224,-3.3667,-9.2566,0.0054,-0.6113,-0.2009,86
10.34,199,4.3437,1.3746,-10.4552,-1.1003,0.1652,-0.3579,75,10.022,193,5.9723,-3.1514,-7.4817,0.0541,0.2329,-0.833,86
10.392,200,3.3789,1.4366,-9.3121,-0.7239,0.3633,-0.6809,75,10.073,194,3.9293,-2.2873,-6.701,-0.3829,-0.4645,-0.8647,86
10.443,201,2.1124,2.3473,-8.824,-0.9108,0.7114,-0.9517,75,10.125,195,4.198,-1.1257,-5.2363,-0.9375,-0.7712,-0.7286,86
10.495,202,1.655,2.0775,-8.6918,-1.3421,1.0066,-0.9529,75,10.177,196,3.5929,-1.0571,-5.6648,-1.3643,-0.1376,-1.2072,86
10.547,203,6.2655,2.0536,-7.1891,-0.8475,1.3307,-0.5739,75,10.229,197,2.8073,-2.4427,-6.3168,-1.6757,0.5786,-1.1431,86
10.599,204,9.6305,3.7427,-4.674,0.0558,1.0531,-0.3843,75,10.281,198,6.9688,-0.8174,-6.5384,-0.6934,1.1014,-0.309,86
10.651,205,12.0859,4.8198,-3.765,0.7151,0.8425,0.1376,75,10.332,199,10.006,3.1337,-6.7357,0.1656,1.4829,-0.1603,86
10.702,206,9.072,6.0065,-4.8188,1.1068,0.8186,0.2034,75,10.384,200,12.2227,3.4768,-6.1554,-0.0034,0.4635,0.4191,86
10.754,207,4.5891,4.8364,-6.3593,0.4987,0.4021,0.1863,75,10.436,201,10.8855,0.3686,-8.931,0.1818,-0.0313,0.2851,86
10.806,208,1.6216,4.4042,-7.2215,0.0958,-0.1662,0.3615,75,10.488,202,6.3103,-1.7875,-10.2923,0.48,0.6563,-0.4783,86
10.858,209,0.6409,3.903,-7.5477,0.1735,-0.7884,0.6399,75,10.54,203,4.0939,-2.0523,-11.0893,0.5427,-0.1755,0.2137,86
10.91,210,0.7956,3.4098,-7.7774,0.801,-0.9974,0.6555,75,10.591,204,4.631,-3.0935,-11.3048,0.916,-0.8007,0.7588,86
10.961,211,1.7187,3.4186,-8.5527,1.0557,-0.704,0.2278,75,10.643,205,3.4455,-2.5654,-11.7676,1.1961,-0.5518,0.8645,86
11.013,212,4.9093,4.1221,-8.9932,0.9895,-0.4767,-0.1086,75,10.695,206,4.0667,-1.2041,-10.6316,1.5238,-1.0754,1.2489,86
11.065,213,8.6406,5.0518,-8.9956,0.6763,-0.1606,-0.168,75,10.747,207,5.0499,-1.7152,-10.3839,0.5251,-1.1164,1.5769,86
11.117,214,11.3639,6.1609,-8.4274,0.7577,-0.0303,0.1143,75,10.799,208,8.6055,-0.5135,-10.4443,0.0518,-1.4875,1.791,86
11.169,215,12.5782,6.9107,-8.3456,0.4882,-0.0158,0.2962,75,10.851,209,11.2006,-0.6984,-10.3752,-0.2145,-1.7583,1.6819,86
11.22,216,8.6564,6.6533,-8.2122,0.1098,-0.0077,0.1242,75,10.902,210,13.0601,-1.2932,-9.8306,0.3528,-1.4801,1.0961,86
11.272,217,4.8378,6.7727,-7.2541,-0.5861,-0.4984,0.2379,75,10.954,211,10.4298,-2.517,-9.6139,0.7341,-0.4518,0.1715,86
11.324,218,3.093,6.5849,-6.1725,-0.4397,-0.3414,0.2982,75,11.006,212,6.4036,-2.427,-8.7953,0.7655,0.3493,-0.5612,86
11.376,219,2.5251,7.1512,-4.8383,-0.0658,-0.1948,-0.0698,75,11.058,213,3.1226,-4.9509,-11.1802,0.0219,0.3481,-0.32,86
11.428,220,3.173,6.1185,-4.4177,-0.7191,0.5288,-0.7261,75,11.11,214,6.0141,-7.4916,-14.6969,0.5072,0.063,-0.0305,86
11.479,221,7.3734,5.7332,-5.2786,-1.1109,1.0684,-1.205,75,11.161,215,3.9807,-5.372,-13.4295,0.4462,-0.1944,0.4291,86
11.531,222,10.439,5.2242,-5.0632,-1.2793,1.4622,-1.5546,75,11.213,216,5.8893,-4.3164,-12.0466,-0.2105,-0.8145,0.9786,86
11.583,223,11.791,4.7654,-3.8324,-1.4278,1.7496,-1.8093,75,11.265,217,7.9429,-2.3406,-10.3851,-0.8336,-1.2671,1.3796,86
11.635,224,9.4632,5.2138,-2.9988,-1.0671,1.243,-1.1357,75,11.317,218,10.7169,-3.6401,-12.6755,-1.2885,-1.5975,1.6723,86
11.686,225,6.6643,6.0024,-6.9658,-0.1045,0.705,-0.1545,75,11.369,219,12.6141,-5.9984,-14.1471,-0.516,-0.5485,0.5519,86
11.738,226,4.5249,7.3474,-8.5077,-0.1718,-0.1548,0.5639,75,11.42,220,11.5198,-6.0291,-12.7902,-0.1392,0.2788,-0.2836,86
11.79,227,4.9104,5.4214,-9.1911,-0.1524,-0.7823,0.8855,75,11.472,221,8.9495,-6.1153,-10.8399,-0.0864,0.8825,-0.8934,86
11.842,228,4.3639,4.9563,-8.4728,0.5592,-1.2403,1.2573,75,11.524,222,6.055,-4.6278,-9.1178,-0.5136,1.3232,-1.1984,86
11.894,229,3.852,3.7975,-8.0293,0.7508,-1.5746,1.4814,75,11.576,223,6.7107,-3.1734,-9.441,-0.5384,1.5451,-0.9589,86
11.945,230,3.0314,3.2056,-7.4867,0.5994,-1.8185,1.3971,75,11.628,224,7.821,-1.8428,-11.7339,0.2788,1.8068,-1.2415,86
11.997,231,5.216,4.119,-7.249,0.0248,-1.9966,1.3406,75,11.68,225,6.0414,-3.5318,-15.2351,0.4769,1.9978,-1.5925,86
12.049,232,8.8645,5.6874,-6.7483,-0.1425,-2.1265,1.5224,75,11.731,226,6.4761,-3.5574,-13.1725,0.6601,1.5552,-1.23,86
12.101,233,11.5273,5.7051,-7.8916,-0.3349,-1.5751,1.5833,75,11.783,227,9.6464,-3.4876,-9.9702,0.4236,0.4624,-0.3018,86
12.153,234,11.907,6.537,-9.8672,0.4272,-0.6998,1.6366,75,11.835,228,11.9603,-1.9081,-8.006,0.5582,-0.3352,0.3981,86
12.205,235,6.3389,5.7587,-10.5519,-0.1699,-0.2397,1.1102,75,11.887,229,12.808,0.8724,-6.7989,1.0791,-0.4273,0.5358,86
12.256,236,4.5104,4.5418,-10.5919,-0.0944,-0.1501,0.724,75,11.939,230,7.9545,2.5421,-7.181,1.4593,0.3547,0.2677,86
12.308,237,3.5709,4.1495,-11.0456,0.2415,-0.0424,0.5685,75,11.99,231,2.2578,4.6639,-6.9266,0.4361,-0.2199,0.8428,86
12.36,238,3.0418,4.0795,-11.6116,-0.4632,0.1289,0.2934,75,12.042,232,1.9222,3.9589,-6.9697,-0.3617,-0.8332,1.2525,86
12.412,239,1.4633,3.6476,-11.7609,-1.0154,0.2803,-0.2445,75,12.094,233,2.8103,2.996,-6.0934,-0.944,-0.6915,0.8989,86
12.463,240,1.6155,3.3782,-12.0885,-1.4185,-0.0153,-0.6072,75,12.146,234,1.4168,2.101,-6.3051,-1.3242,0.1744,0.1963,86
12.515,241,6.2367,3.7808,-12.79,-1.2287,-0.1729,-0.7155,75,12.198,235,1.7367,2.9768,-5.3086,-0.7029,0.3578,-0.1945,86
12.567,242,9.6094,4.8215,-12.0448,-0.2632,-0.5098,-0.352,75,12.249,236,6.1874,3.3749,-5.8454,-0.4048,0.9402,-0.3775,86
12.619,243,10.8536,5.7304,-11.4357,0.4694,-0.3081,-0.1923,75,12.301,237,9.4357,4.1462,-5.6561,-0.16,1.2034,-0.8538,86
12.671,244,6.4348,4.8941,-10.9841,-0.0662,0.0674,-0.4773,75,12.353,238,10.0257,2.477,-4.8396,-0.5584,0.7717,-0.9724,86
12.722,245,4.3889,4.2758,-9.3136,0.123,-0.4058,-0.3317,75,12.405,239,6.616,-0.2287,-6.353,-0.9167,0.9402,-0.9425,86
12.774,246,3.191,3.4975,-8.6465,0.1204,-0.47,-0.2096,75,12.457,240,3.9739,-0.2081,-7.0579,-0.3301,0.5906,-0.6113,86
12.826,247,1.6501,2.8378,-8.2062,0.2253,-0.0062,-0.3139,75,12.508,241,2.4332,0.0479,-7.373,-0.1899,0.4559,-0.3685,86
12.878,248,1.0592,1.9984,-8.4948,-0.0606,0.166,-0.3777,75,12.56,242,1.1529,0.31,-7.8283,-0.5886,0.4877,-0.4069,86
12.929,249,1.3737,1.8596,-8.9586,-0.3446,0.3572,-0.3807,75,12.612,243,0.8977,0.5303,-8.184,-0.4713,0.5849,-0.4329,86
12.981,250,6.0602,1.4932,-8.6927,-0.2498,0.2785,0.0279,75,12.664,244,0.7269,0.9191,-8.0259,-0.1731,0.6232,-0.3743,86
13.033,251,9.4806,5.1641,-9.7581,0.492,0.8562,-0.0506,75,12.716,245,5.4504,3.2451,-5.5937,-0.0947,-0.0407,-0.0746,86
13.085,252,11.7775,7.4032,-9.8973,1.0163,0.9553,0.1573,75,12.767,246,8.8979,5.2938,-3.8185,0.4146,-0.3238,0.1334,86
13.136,253,7.345,7.0664,-10.1395,0.549,0.8537,-0.0364,75,12.819,247,11.4139,6.3953,-2.3822,0.9743,-0.6251,0.4737,86
13.188,254,4.8597,6.4067,-9.637,0.1154,0.4926,0.0533,75,12.871,248,8.5171,5.204,-1.6699,0.96,-0.0952,0.6558,86
13.24,255,3.4625,4.6093,-9.4241,0.1877,0.2899,0.1753,75,12.923,249,5.1182,2.8099,-2.4905,0.0206,-0.7421,0.4402,86
13.292,256,2.1889,4.3278,-8.8276,0.1142,0.2028,0.2879,75,12.975,250,4.4773,0.3976,-5.2943,-0.329,-0.9632,0.5831,86
13.344,257,1.4512,2.4,-9.4457,-0.1783,-0.0219,0.4199,75,13.026,251,3.3036,0.1343,-6.8853,0.1304,-0.4673,0.7473,86
13.395,258,-0.1028,1.6587,-9.5462,0.2764,0.2482,0.2443,75,13.078,252,2.3381,-0.059,-7.6345,0.5244,-0.0503,0.9272,86
13.447,259,4.9826,2.819,-9.5676,-0.4432,-0.0011,0.5806,75,13.13,253,1.5875,0.4037,-8.5498,0.8722,0.251,1.1474,86
13.499,260,8.6941,4.9823,-8.8492,0.2733,0.5118,0.1847,75,13.182,254,4.3589,3.0265,-7.5663,0.9662,-0.2447,1.4335,86
13.551,261,11.403,6.5709,-8.3013,0.124,0.3045,0.4038,75,13.234,255,8.1012,4.4262,-5.9477,1.3355,-0.4198,0.9666,86
13.602,262,10.6226,8.3585,-9.2037,0.7649,0.3121,0.7437,75,13.286,256,10.8325,3.7027,-3.8974,0.2947,-0.9705,0.1964,86
13.654,263,6.284,7.7895,-10.0424,1.1842,0.5354,0.3987,75,13.337,257,12.55,0.7128,-4.0391,0.4046,-0.3222,-0.5321,86
13.706,264,4.4554,4.9834,-10.3949,0.1869,-0.1659,-0.1847,75,13.389,258,8.7745,-0.4504,-3.7734,0.967,0.3796,-0.7379,86
13.758,265,3.6437,2.9958,-10.3748,-0.1556,-0.6823,-0.3686,75,13.441,259,4.8153,-0.8702,-3.2205,0.3589,0.3716,-0.8094,86
13.81,266,2.3468,1.7974,-9.3214,-0.4358,-0.6619,-0.3336,75,13.493,260,3.2927,-1.004,-4.2046,-0.418,0.0871,-0.7428,86
13.861,267,1.7735,0.8817,-8.9337,-0.6949,-0.6852,-0.2188,75,13.545,261,2.2619,-0.8185,-5.7319,-0.6304,0.6198,-0.5327,86
13.913,268,1.8183,1.2154,-8.4273,-0.4315,-0.594,0.0115,75,13.596,262,1.9316,0.3979,-6.7372,0.0369,1.1314,-0.2952,86
13.965,269,6.3847,2.8501,-8.2495,-0.1868,-0.3712,0.2936,75,13.648,263,2.6684,0.8627,-7.0677,0.0822,1.5048,-0.3672,86
14.017,270,9.7175,3.7799,-9.4106,-0.3792,-0.1527,0.4,75,13.7,264,6.8674,1.6528,-5.4532,-0.1046,1.1464,-0.3866,86
14.069,271,12.1498,4.9981,-10.1,-0.3531,-0.1732,0.5798,75,13.752,265,9.932,2.3908,-3.4139,0.0692,0.5552,-0.3124,86
14.12,272,9.8535,5.0759,-10.8158,-0.2682,0.1026,0.4693,75,13.804,266,11.5354,2.0958,-2.2377,-0.2011,-0.2675,-0.173,86
14.172,273,5.692,3.9452,-11.6067,-0.5721,0.1731,0.1731,75,13.855,267,8.3311,1.0083,-0.3286,0.2945,-0.4435,-0.2209,86
14.224,274,3.9342,3.5027,-11.7305,-0.3828,-0.137,0.0228,75,13.907,268,5.0033,1.4193,-0.244,-0.1893,-0.6145,-0.2026,86
14.276,275,3.3779,2.8283,-11.8324,-0.4323,-0.4181,-0.0635,75,13.959,269,3.454,0.4679,-1.0708,-0.8182,-0.3871,-0.2922,86
14.327,276,4.3806,2.9065,-10.7916,-0.3151,-0.9474,0.0113,75,14.011,270,2.5901,0.023,-2.4328,-0.7855,-0.0009,-0.0423,86
14.379,277,8.2548,1.9926,-10.8407,-0.6175,-1.179,0.063,75,14.063,271,3.6366,0.7609,-3.2077,-0.1784,0.2529,0.1879,86
14.431,278,8.8002,2.4821,-10.2161,-0.5461,-0.9176,0.136,75,14.114,272,5.9439,1.4885,-5.0505,0.5415,0.7243,0.3723,86
