right_hand_timestamp,right_hand_index,right_hand_accel_x,right_hand_accel_y,right_hand_accel_z,right_hand_gyro_x,right_hand_gyro_y,right_hand_gyro_z,right_hand_battery_percentage,left_hand_timestamp,left_hand_index,left_hand_accel_x,left_hand_accel_y,left_hand_accel_z,left_hand_gyro_x,left_hand_gyro_y,left_hand_gyro_z,left_hand_battery_percentage,right_leg_timestamp,right_leg_index,right_leg_accel_x,right_leg_accel_y,right_leg_accel_z,right_leg_gyro_x,right_leg_gyro_y,right_leg_gyro_z,right_leg_battery_percentage
0.552,10,-1.0782,-1.333,-13.7547,-0.6284,1.0475,-0.1389,75,0.249,4,4.5784,0.7619,-4.8238,-0.9928,0.2612,0.6898,85,0.283,5,4.1152,1.0537,-14.0378,-0.8411,0.3639,1.7351,75
0.603,11,4.2707,-3.5291,-14.5213,0.2158,0.0952,-0.7765,75,0.301,5,6.4619,2.4701,-9.1957,-0.5656,0.6056,1.1688,85,0.335,6,4.403,2.9597,-12.5028,-0.2321,0.2583,1.3027,75
0.655,12,8.1746,-7.4023,-15.8275,-0.5199,-0.3624,0.1099,75,0.352,6,6.8678,3.908,-12.4627,0.0315,0.1333,1.5184,85,0.387,7,2.7727,1.75,-17.13,0.5071,-0.2916,0.91,75
0.707,13,5.3665,-9.4483,-13.3663,-0.1166,0.308,0.4979,75,0.404,7,5.5558,5.4813,-14.4443,0.1208,-0.3607,1.7446,85,0.438,8,7.2894,1.4187,-18.7853,0.3678,-0.2577,0.3805,74
0.758,14,-0.308,-8.9227,-15.0457,0.1283,-0.4446,1.0401,75,0.456,8,1.3956,9.3274,-12.4385,0.7599,-0.9315,1.6945,85,0.49,9,10.5859,0.8514,-17.3601,0.3695,-0.1256,0.4331,74
0.811,15,0.9367,-6.9173,-16.4756,0.768,-0.9938,1.4119,75,0.508,9,5.9385,12.1344,-9.0979,1.2263,-1.3525,0.5714,85,0.542,10,9.2951,0.5979,-15.4757,0.5264,0.2988,-0.1249,74
0.862,16,3.4968,-4.9172,-16.5373,1.2119,-1.3946,1.5263,75,0.56,10,9.2541,13.6047,-5.9199,0.215,-1.6598,0.2461,85,0.594,11,8.8024,4.3415,-11.6626,-0.2542,0.1871,-0.3229,74
0.914,17,5.2191,-0.5982,-15.5268,1.2104,-1.6872,1.7906,75,0.611,11,6.4334,4.6685,-6.6757,-0.5231,-0.5516,-0.4046,85,0.646,12,6.4436,0.4011,-11.8784,-0.7398,0.8113,-0.8964,74
0.966,18,7.1275,0.0926,-14.3971,0.4163,-1.9007,1.9835,75,0.663,12,6.2866,-0.6276,-8.7539,0.2645,-0.5464,-0.23,85,0.698,13,6.0001,-0.3835,-13.7409,0.1366,1.0316,-1.3283,74
1.017,19,10.2596,-5.1301,-13.6748,-0.2576,-1.8411,2.0977,75,0.715,13,4.3389,-1.3321,-9.7781,0.8647,0.0768,0.042,85,0.749,14,5.2503,-1.6302,-13.1821,0.7762,0.0795,-1.6435,74
1.069,20,8.3548,-8.9419,-17.977,-0.8654,-0.6613,0.856,75,0.767,14,3.1171,-1.729,-10.8767,0.9864,0.3909,0.6572,85,0.802,15,7.0935,-2.773,-11.6508,0.1818,-0.6154,-0.6362,74
1.121,21,5.1929,-11.6953,-19.0202,0.0428,0.1998,0.2126,75,0.819,15,0.9735,-1.32,-11.4678,0.6813,0.554,1.145,85,0.853,16,7.3536,3.328,-16.5081,0.0181,-0.9541,-0.7925,74
1.173,22,-1.7423,-6.1718,-17.205,0.1861,0.7194,0.2352,75,0.87,16,4.2452,-0.3912,-10.8601,-0.1795,-0.2683,1.5011,85,0.905,17,10.6327,7.4487,-15.5017,-0.0191,-0.018,-0.9455,74
1.225,23,-2.8471,-6.026,-15.9097,0.4606,0.3633,0.1812,75,0.922,17,8.0182,1.6029,-11.0229,-0.2546,-0.0076,1.7609,85,0.957,18,7.4253,0.1994,-19.3187,-0.6892,0.6652,-0.033,74
1.276,24,-2.8428,-5.8773,-15.4567,0.4994,-0.3052,0.208,75,0.974,18,10.7719,1.2089,-8.7494,-0.0465,-0.6757,0.5988,85,1.009,19,7.613,-4.4626,-19.2932,-0.7879,-0.1879,0.6537,74
1.328,25,-1.1909,-3.4728,-15.959,0.5977,-0.8918,0.503,75,1.026,19,4.8167,-2.0668,-8.9766,-0.714,0.1859,0.2301,85,1.06,20,5.8319,-3.2079,-16.4417,0.1015,-0.8105,1.1545,74
1.38,26,3.9435,-2.0251,-14.9915,-0.2411,-1.3202,1.0437,75,1.078,20,2.9222,1.2208,-8.0288,-0.1167,0.1134,-0.183,85,1.112,21,6.3974,1.9713,-12.9219,-0.2482,-0.1021,1.5204,74
1.432,27,4.9023,-6.6757,-14.3056,-0.8534,-1.1354,1.4384,75,1.129,21,3.671,0.5469,-9.069,-0.7652,0.4324,-0.432,85,1.164,22,8.3391,6.7906,-10.7157,-0.8564,0.5511,1.7874,74
1.483,28,3.9805,-7.4146,-15.9463,-0.6664,-0.1463,0.6727,75,1.181,22,2.7486,0.4213,-10.0901,-0.6589,0.9946,-0.6707,85,1.216,23,6.6385,8.2902,-15.8257,-1.3002,0.9778,1.4744,74
1.535,29,4.3903,-10.2724,-18.3286,-0.2838,0.545,-0.1841,75,1.233,23,2.555,0.1944,-11.1445,0.1908,1.405,-1.1759,85,1.267,24,10.1108,6.1669,-9.9847,-0.4095,0.3781,0.9614,74
1.587,30,3.5415,-6.3407,-17.2156,0.3501,1.0802,-0.1921,75,1.285,24,6.7847,2.368,-10.5506,0.811,1.0425,-1.5446,85,1.319,25,11.0327,9.8528,-13.1248,-0.2626,0.8755,0.7243,74
1.639,31,2.9701,-4.3719,-15.3518,-0.1988,1.4708,-0.0963,75,1.337,25,9.8716,4.1482,-8.7527,0.4189,1.2468,-1.8137,85,1.371,26,10.2391,4.6494,-12.6295,0.317,0.5948,0.0684,74
1.691,32,3.3008,-3.4485,-14.4614,-0.7708,1.7558,-0.0017,75,1.388,26,9.8736,8.1128,-6.684,0.2446,0.5162,-0.8973,85,1.423,27,6.6845,7.4795,-9.1299,-0.4248,1.0717,-0.5795,74
1.742,33,1.8755,-4.1461,-14.433,-1.2399,1.9639,0.6557,75,1.44,27,1.5362,8.6982,-4.9523,-0.5015,0.3704,-0.7211,85,1.475,28,6.4715,3.764,-9.8119,-0.3633,1.4606,-0.8833,74
1.794,34,-1.1462,-7.0729,-15.141,-1.4277,2.1158,1.1552,75,1.492,28,0.2218,7.7376,-3.6019,-1.0461,-0.337,-1.0216,85,1.526,29,5.8205,2.0765,-11.1483,0.4114,1.7443,-1.3187,74
1.846,35,4.221,-6.4023,-19.0471,-1.1108,0.8748,1.5186,75,1.544,29,0.3106,9.8626,-5.6293,-0.8682,-0.0461,-1.3475,85,1.578,30,3.8629,-1.7113,-14.4153,0.9768,1.9486,-1.6364,74
1.898,36,4.7856,-9.8704,-19.9373,-0.9491,1.3205,0.4974,75,1.596,30,2.536,8.9474,-6.6695,-0.5897,0.2084,-1.6699,85,1.63,31,8.085,-4.5648,-7.9368,0.5522,0.7488,-1.0315,74
1.95,37,2.59,-7.9619,-15.3211,-0.0183,1.0528,-0.3121,75,1.647,31,6.7707,6.5201,-4.2327,-0.8305,0.4007,-1.9051,85,1.682,32,11.1666,2.0203,-13.7975,0.5352,0.4435,-1.3438,74
2.001,38,1.928,-0.8596,-11.1451,0.661,0.1007,-0.8846,75,1.699,32,8.1369,2.012,-4.577,-1.0333,0.9716,-1.8884,85,1.733,33,13.4156,5.088,-8.9655,-0.1711,1.0021,-0.6196,74
2.053,39,4.1862,1.6196,-10.4133,-0.195,0.7559,-1.3179,75,1.751,33,5.2766,0.41,-7.3458,-0.2096,0.4267,-0.7129,85,1.785,34,7.4658,-0.4717,-12.7433,-0.8001,1.2582,0.2237,74
2.105,40,5.5808,1.2858,-11.0712,-0.8197,1.2341,-1.637,75,1.803,34,8.142,-1.7756,-8.1033,-0.5323,-0.2333,0.1451,85,1.837,35,7.6359,-5.5813,-12.4212,-0.893,0.3342,0.841,74
2.157,41,5.8208,-4.0164,-14.2141,-1.2756,1.5307,-1.8698,75,1.855,35,8.7534,-0.211,-9.3572,0.2833,-0.8374,0.7713,85,1.889,36,3.9221,-2.3277,-10.7095,-0.7153,0.7114,1.2915,74
2.208,42,5.0257,-8.1291,-18.3706,-0.2566,1.1694,-1.9583,75,1.907,36,8.5045,2.1584,-9.4708,0.8785,-1.2839,1.2283,85,1.941,37,4.0704,3.6521,-10.2133,-1.1949,1.0461,1.5764,74
2.26,43,8.7256,-7.7293,-17.2505,0.4871,0.1842,-0.7592,75,1.959,37,8.2691,3.8115,-7.1893,1.3129,-1.0395,1.5618,85,1.993,38,5.1028,5.849,-15.459,-0.1956,0.4979,0.7335,74
2.312,44,5.0451,-7.8441,-17.2221,1.0299,-0.094,0.0741,75,2.01,38,10.955,3.832,-8.881,1.6299,-0.7126,1.8053,85,2.044,39,8.99,7.1007,-11.8308,-0.7907,-0.2331,0.6195,74
2.364,45,8.7397,-2.5893,-16.618,0.9929,-0.7379,0.7307,75,2.062,39,12.9154,8.1236,-8.2691,1.6136,0.159,1.9829,85,2.096,40,5.6581,0.0229,-16.6395,0.0994,-0.2,-0.2167,74
2.416,46,5.9576,0.814,-16.1472,0.5452,-0.4842,1.1647,75,2.114,40,5.1568,5.1538,-9.2793,0.4976,0.7951,2.1126,85,2.148,41,-1.1946,5.3686,-15.4531,0.5538,-0.2477,-0.8322,74
2.467,47,5.9959,3.6506,-13.4891,1.0433,-0.5337,0.5618,75,2.166,41,5.2911,4.0161,-11.7537,1.0349,0.0829,1.9799,85,2.2,42,-0.1714,-1.3188,-15.7113,1.0807,-0.6413,-1.2814,74
2.519,48,9.4337,4.1556,-11.6224,0.2012,-0.7401,0.0402,75,2.218,42,3.4919,1.5287,-13.5126,0.8544,-0.4392,1.9286,85,2.252,43,3.5295,-3.3205,-13.3209,1.4653,-1.1414,-1.6059,74
2.571,49,11.9427,-2.1648,-10.9499,0.334,-0.5613,-0.2622,75,2.269,43,3.7505,-0.1776,-12.1123,1.2953,-0.7415,2.0536,85,2.303,44,6.2136,-3.0656,-15.8592,0.43,-1.2985,-0.507,74
2.623,50,8.1971,-5.2359,-12.3546,-0.4336,0.2727,0.0708,75,2.321,44,4.3211,2.1931,-10.2095,0.9561,-0.6902,2.1642,85,2.355,45,9.8007,3.1145,-19.5796,-0.1875,-1.6008,-0.8521,74
2.674,51,0.4817,-4.0491,-16.952,-0.8108,-0.1002,0.2696,75,2.373,45,8.0736,3.1984,-10.2317,0.0178,-1.1389,1.8091,85,2.407,46,12.4187,3.7776,-18.6221,-0.7811,-0.49,-0.6495,74
2.726,52,1.5844,-3.1539,-20.3689,-0.6084,-0.7425,0.3237,75,2.425,46,10.1543,3.4554,-6.449,-0.667,-0.9146,0.634,85,2.459,47,8.9815,-2.48,-20.2066,-1.2453,0.1858,0.2037,74
2.778,53,5.9651,-2.4217,-22.8624,0.2271,-1.2112,0.1055,75,2.477,47,10.1085,-0.2153,-7.0744,-1.106,-0.096,-0.2223,85,2.511,48,9.7245,-6.5165,-19.3576,-1.1351,-0.5378,0.8264,74
2.83,54,9.4112,-0.6695,-22.4728,0.8401,-1.5533,0.4751,75,2.528,48,5.3292,0.8379,-7.3302,-0.9155,0.2603,-0.8486,85,2.562,49,6.7682,-4.926,-15.2844,-0.1519,-0.8009,1.2809,74
2.882,55,11.9263,-2.8811,-20.0019,0.1875,-1.803,1.0234,75,2.58,49,5.3718,1.0593,-8.5615,-0.8257,0.8582,-0.9483,85,2.614,50,7.9517,1.7567,-11.8257,-0.7861,0.0938,1.6126,74
2.933,56,9.8117,1.4301,-15.0391,0.8113,-0.7162,0.0718,75,2.632,50,7.3482,0.3381,-10.4449,-0.6899,0.5618,-1.2507,85,2.666,51,10.2901,3.7487,-12.9758,-0.0202,0.6801,1.4493,74
2.985,57,12.2186,6.3694,-12.5975,0.278,-1.1921,-0.6227,75,2.684,51,10.1682,-1.0504,-11.9732,-1.1789,-0.1635,-1.5821,85,2.718,52,12.7759,-2.1549,-11.9967,-0.3339,0.8553,1.1001,74
3.037,58,11.0481,1.2286,-13.3923,-0.4745,-0.1876,-1.1296,75,2.736,52,12.3411,-1.6244,-9.2153,-1.5405,-0.1076,-1.8411,85,2.769,53,11.4309,3.7791,-12.8336,0.2716,0.8344,0.6587,74
3.089,59,11.564,1.2386,-13.5895,-1.0166,0.3004,-1.4995,75,2.787,53,3.337,-6.3266,-8.4699,-1.6138,0.6006,-1.9385,85,2.821,54,13.6085,3.097,-12.7981,0.8748,-0.0644,-0.0957,74
3.14,60,12.2326,-3.459,-15.0623,-1.4193,0.9017,-1.7695,75,2.839,54,1.4953,0.7094,-9.8333,-1.2767,-0.2343,-1.9458,85,2.873,55,12.5979,4.5067,-8.5433,0.6764,-0.7204,-0.6846,74
3.192,61,12.7301,-4.2107,-14.3508,-1.7133,1.3405,-1.5563,75,2.891,55,5.5392,3.7566,-10.1987,-1.1691,-0.5,-2.1065,85,2.925,56,6.974,4.5335,-4.2104,-0.1815,0.1526,-1.1737,74
3.244,62,14.3486,-8.2708,-18.4704,-1.9278,1.6608,-1.2378,75,2.943,56,8.6636,5.079,-6.5371,-1.427,0.058,-2.2238,85,2.977,57,7.8273,-1.9283,-11.0778,0.5441,0.7897,-1.5306,74
3.296,63,9.8997,-7.7371,-15.5157,-0.7326,1.5465,-1.5109,75,2.995,57,9.5005,0.7607,-3.1501,-1.7215,0.7052,-2.3094,85,3.028,58,10.9785,3.9445,-6.9694,0.7357,-0.0593,-1.7571,74
3.348,64,6.4646,-1.7887,-18.3811,-0.4115,0.4633,-1.6737,75,3.046,58,11.8538,-1.013,-2.9948,-1.0038,1.1642,-1.6234,85,3.08,59,13.2783,5.1803,-10.061,0.8276,0.3376,-1.803,74
3.4,65,5.4222,-3.3658,-20.3593,-0.9777,1.0205,-1.1032,75,3.099,59,7.2978,-2.1488,-8.0135,-1.3505,1.4051,-0.5195,85,3.132,60,13.194,5.2198,-11.6126,-0.0712,0.9246,-0.6382,74
3.452,66,2.9949,-7.4476,-19.7586,-0.7048,0.6866,-1.2589,75,3.15,60,4.3754,-0.6506,-12.8737,-0.6142,0.8671,0.2863,85,3.184,61,12.2682,0.9735,-9.6041,-0.4379,0.187,0.212,74
3.503,67,2.4066,-8.2025,-17.3915,-1.0924,-0.1616,-0.2902,75,3.202,61,5.5831,0.2867,-13.8118,0.2234,-0.0398,0.8743,85,3.236,62,8.5425,4.4563,-8.6586,-0.9948,0.519,0.8324,74
3.555,68,6.814,-11.1843,-18.1172,-0.231,-0.7227,0.3101,75,3.254,62,5.3985,0.2767,-13.1731,0.8348,-0.3446,1.3035,85,3.287,63,11.3693,4.4249,-12.4584,-0.2292,0.8205,0.9704,74
3.607,69,6.881,-7.6499,-16.958,0.3788,-0.9439,0.8066,75,3.306,63,8.86,-1.0497,-10.2475,1.281,-0.9241,1.6167,85,3.339,64,13.5636,8.4434,-11.7553,0.5092,-0.0745,0.0469,74
3.659,70,10.0797,-5.6093,-18.2584,0.9509,-1.3582,0.8294,75,3.358,64,11.3863,4.489,-11.0782,0.5388,-1.3471,1.8453,85,3.391,65,15.1651,5.8025,-12.6827,0.2642,-0.5175,-0.0149,74
3.71,71,7.5928,-0.6371,-15.3489,1.2044,-1.4092,0.9711,75,3.41,65,13.2301,1.3795,-14.6407,-0.2868,-0.9743,2.0122,85,3.443,66,11.7687,-0.3583,-12.9348,-0.1445,-0.9262,-0.6849,74
3.762,72,4.9947,-1.2558,-14.5204,0.2283,-0.9805,0.8433,75,3.461,66,3.9859,0.4288,-15.5366,-0.0798,-1.038,1.902,85,3.495,67,4.9992,-0.0366,-12.1906,-0.3644,-0.2825,-1.1739,74
3.814,73,5.6001,0.2505,-12.5659,-0.1363,-1.2554,0.0604,75,3.513,67,4.8992,-1.8102,-16.1352,0.5126,-1.3505,1.5474,85,3.546,68,6.8802,-5.1164,-14.11,0.4106,0.0475,-1.5308,74
3.866,74,9.1448,-3.9266,-13.5011,-0.6906,-0.7805,0.4991,75,3.565,68,5.1685,-0.6481,-16.2862,1.0458,-1.6584,1.4177,85,3.598,69,10.2873,1.6177,-7.714,-0.1419,-0.0432,-0.8569,74
3.918,75,11.4668,-7.3901,-14.7108,-1.0156,0.0434,-0.1712,75,3.617,69,5.3298,1.3315,-15.6027,1.435,-1.8163,1.3001,85,3.65,70,12.7738,2.1376,-9.6406,-0.1402,-0.7048,-0.117,74
3.969,76,2.8367,-10.5913,-18.2879,-0.4155,0.7141,-0.2586,75,3.669,70,8.8098,6.2987,-13.257,0.9897,-1.9983,1.5443,85,3.702,71,11.2219,1.1071,-15.041,-0.587,-0.4375,-0.2477,74
4.021,77,2.0305,-10.564,-21.156,0.3711,-0.1482,0.1152,75,3.72,71,11.3497,-0.6637,-12.2391,0.0423,-0.8927,0.5404,85,3.754,72,13.4559,-3.0905,-16.4187,-0.6243,0.3591,-0.4149,74
4.073,78,5.2987,-9.307,-23.4366,0.9452,-0.7775,0.7577,75,3.772,72,3.293,-1.0086,-9.6345,-0.6491,-0.0457,0.4938,85,3.806,73,13.9055,-7.4926,-19.0856,-0.4293,-0.4113,0.3749,74
4.125,79,8.6711,-7.7966,-22.5019,0.3235,-1.2368,1.2297,75,3.824,73,5.8779,-2.4617,-10.9625,-1.1538,0.6453,0.8779,85,3.857,74,10.7822,-5.5673,-16.1095,0.1379,-0.9736,0.9513,74
4.176,80,11.3862,-9.1923,-20.5258,0.5961,-1.572,1.5741,75,3.876,74,7.5095,-0.9466,-11.6675,-0.5546,0.9823,1.0674,85,3.909,75,8.9077,0.773,-9.4504,-0.5536,-0.5401,1.3721,74
4.228,81,13.3677,-2.0291,-17.0815,1.1095,-1.6917,1.2726,75,3.928,75,6.7929,-2.9223,-12.6789,0.2669,1.396,0.5813,85,3.961,76,11.767,5.465,-7.9061,-1.0792,0.2841,1.6434,74
4.28,82,13.435,3.2909,-13.8432,0.3134,-1.2815,0.376,75,3.979,76,9.8776,-4.5554,-13.0181,0.7057,1.4429,-0.2621,85,4.013,77,13.8538,7.688,-3.1862,-0.1111,-0.2917,0.9964,74
4.332,83,11.4988,-0.5581,-13.5727,-0.4487,-0.3475,0.2351,75,4.031,77,11.8145,-6.9328,-11.7104,-0.165,1.7322,-0.7205,85,4.065,78,15.2584,9.7309,-6.3389,-0.6187,-0.5441,0.7003,74
4.383,84,8.8079,-3.0051,-11.2828,0.1475,0.0294,-0.1884,75,4.083,78,6.6264,-0.3815,-8.5631,0.4028,1.9433,-1.1707,85,4.116,79,14.4263,4.4053,-8.7237,0.225,-1.0579,-0.0761,74
4.435,85,4.8828,-5.1215,-10.208,0.5776,0.7039,-0.8124,75,4.135,79,4.9331,5.0484,-9.2249,-0.186,2.0736,-1.5408,85,4.168,80,11.0833,8.4334,-5.879,-0.511,-0.7759,-0.7296,74
4.487,86,8.5324,-8.9356,-14.3963,0.6298,0.6398,-1.0372,75,4.187,80,8.5203,8.7021,-9.6843,-0.4233,2.1925,-1.8109,85,4.22,81,5.832,3.3116,-7.3467,-0.0253,0.1121,-1.2065,74
4.539,87,9.7858,-11.7193,-17.9596,1.134,-0.0675,-1.4321,75,4.238,81,11.1384,5.4556,-10.4946,-0.0017,2.2792,-2.0081,85,4.272,82,8.3329,-1.7578,-10.4338,0.6581,0.4811,-0.5458,74
4.591,88,5.4183,-7.0263,-17.8913,0.5752,0.1454,-1.7203,75,4.29,82,13.0492,0.0841,-11.3276,0.2415,1.4719,-2.1519,85,4.324,83,11.3475,4.069,-13.6502,0.5455,-0.3118,-0.7837,74
4.642,89,7.3181,-2.3696,-18.7105,-0.2576,-0.0178,-1.9307,75,4.342,83,14.0507,-4.6853,-10.5661,0.7775,0.578,-1.7819,85,4.375,84,12.6323,4.5931,-12.15,0.8571,0.2373,-0.8889,74
4.694,90,6.8173,-4.327,-21.469,-0.8654,0.6694,-2.0828,75,4.394,84,12.8399,-6.0552,-9.8492,1.2392,-0.2399,-0.6351,85,4.427,85,14.4853,-1.8848,-11.8314,0.3669,0.2516,0.029,74
4.746,91,6.2257,-7.4878,-20.0958,-1.309,0.5466,-2.1952,75,4.446,85,13.4806,-4.1487,-8.5919,1.5762,-0.8478,0.2018,85,4.479,86,8.2058,-1.8741,-9.8676,-0.4074,0.8619,0.6989,74
4.798,92,7.8951,-7.6806,-19.497,-1.6327,0.3775,-0.9273,75,4.497,86,14.7586,2.2989,-9.3009,1.8221,-0.9756,0.8127,85,4.531,87,10.706,-0.093,-13.9828,-0.823,1.3074,1.1878,74
4.85,93,9.1935,-9.6812,-18.9561,-0.5872,-0.3938,-0.1965,75,4.549,87,13.7784,5.2125,-9.2007,1.3562,-0.4541,1.2585,85,4.582,88,13.0795,5.2841,-15.0754,-0.4194,0.6374,0.9476,74
4.901,94,4.5519,-12.1603,-17.2913,0.2458,-0.8767,0.17,75,4.601,88,14.976,9.1311,-7.3628,0.3098,-0.7336,1.5839,85,4.634,89,14.8117,4.8479,-8.4187,-0.9664,-0.1278,0.9523,74
4.953,95,6.4688,-10.2644,-15.7082,0.7771,-0.8776,0.8007,75,4.653,89,5.2601,3.975,-5.1081,-0.4539,-0.8077,1.0144,85,4.686,90,8.9982,1.5125,-11.3241,-0.1711,0.1118,0.1762,74
5.005,96,9.7788,-8.2264,-17.7663,1.2415,-1.1633,1.261,75,4.705,90,3.8667,5.3866,-8.2553,0.3404,-1.2622,1.2208,85,4.738,91,1.2431,4.792,-10.5948,-0.2599,0.3787,-0.5454,74
5.057,97,12.1946,-6.955,-16.7477,1.4151,-1.5183,1.597,75,4.756,91,4.723,1.2292,-9.9683,0.9197,-1.2622,0.7568,85,4.79,92,0.8583,2.207,-13.319,0.4868,-0.0179,-1.0721,74
5.109,98,13.9578,-8.5955,-17.5516,0.6173,-0.8518,1.8422,75,4.808,92,4.5906,4.6069,-11.054,1.343,-0.3541,0.142,85,4.841,93,3.1162,-3.6262,-17.7257,1.0318,-0.6865,-1.4565,74
5.16,99,13.4583,-7.3914,-17.5965,1.1249,-1.2824,1.2246,75,4.86,93,8.2703,2.4373,-7.9993,1.6519,-0.9311,0.0379,85,4.893,94,7.5401,-4.6928,-20.137,0.0779,-0.3293,-0.3853,74
5.212,100,7.3016,-0.0046,-14.7283,1.4954,-0.2626,1.2966,75,4.912,94,9.8882,6.2321,-3.1904,0.6676,-0.1281,0.019,85,4.945,95,8.3921,-7.8359,-16.4095,-0.6083,0.438,-0.5766,74
5.264,101,5.2938,2.4167,-16.5278,0.414,-0.7135,0.7391,75,4.964,95,4.3591,2.69,-3.7678,-0.1196,0.0057,-0.088,85,4.997,96,6.4577,-10.956,-19.8706,-1.1192,-0.3032,0.2569,74
5.316,102,2.1974,-3.4339,-19.0829,-0.3732,-0.5596,-0.1357,75,5.015,96,5.0465,3.2737,-3.7003,0.5759,0.6832,-0.4243,85,5.049,97,7.6795,-13.2332,-17.6941,-0.2292,-0.8947,0.8652,74
5.367,103,4.6164,-7.3854,-21.3161,0.402,-1.0778,-0.2233,75,5.067,97,7.8873,5.1283,-3.2197,1.092,1.1777,-0.996,85,5.101,98,4.0083,-8.6927,-10.3299,0.2902,-0.294,1.225,74
5.419,104,4.9262,-10.5879,-17.9244,0.1074,-0.204,-0.8149,75,5.119,98,9.7019,4.8132,-2.606,1.2201,1.5386,-1.4133,85,5.152,99,8.1912,-0.9924,-14.817,-0.1256,-0.3824,1.5501,74
5.471,105,8.2596,-3.2408,-11.5108,0.7527,0.0808,-0.8572,75,5.171,99,11.6121,-0.1374,-2.7614,0.2105,1.802,-0.7964,85,5.204,100,11.2441,-5.9613,-10.5933,0.2309,-0.5287,1.3019,74
5.523,106,6.2219,-1.3129,-11.533,-0.128,0.6617,-0.3437,75,5.223,100,2.805,2.1881,-8.9644,0.2256,0.9747,-0.2623,85,5.256,101,11.0267,-0.3776,-11.9642,0.3716,-0.5874,0.6883,74
5.575,107,4.2636,-0.0206,-12.9501,-0.7708,1.1443,-0.7678,75,5.275,101,2.1004,5.097,-11.9093,0.3762,0.0387,-0.42,85,5.308,102,10.7816,1.2969,-11.1822,0.8916,-1.1021,-0.0385,74
5.626,108,4.7538,-3.3331,-9.9356,-0.6771,0.5658,-1.2355,75,5.326,102,3.9738,7.191,-12.8475,-0.3558,-0.6444,-0.9929,85,5.36,103,3.908,4.7675,-5.5772,0.0167,-0.2537,-0.702,74
5.678,109,8.5271,-6.571,-10.7418,-0.6294,0.9776,-1.5768,75,5.378,103,7.8201,8.4264,-9.1944,-0.6249,-1.143,-1.411,85,5.411,104,7.0663,0.1774,-9.3022,0.1959,0.4932,-1.1864,74
5.73,110,10.9541,-3.1058,-12.3965,0.2046,1.3959,-1.826,75,5.43,104,8.0033,7.1001,-5.8276,-1.1361,-0.7539,-1.7162,85,5.463,105,10.423,-2.6209,-4.2051,0.5,0.4839,-1.0371,74
5.782,111,6.979,1.5527,-13.7438,0.7107,0.5998,-2.0078,75,5.482,105,10.0944,2.0193,-6.2017,-1.4018,-0.4142,-1.8949,85,5.515,106,12.8619,0.506,-4.8297,0.1057,0.8299,-0.6994,74
5.834,112,8.2552,0.6548,-15.9743,-0.1587,0.2995,-2.1405,75,5.534,106,10.0671,-3.787,-7.3992,-0.6782,-0.154,-0.8058,85,5.567,107,12.0148,-4.209,-8.6839,-0.5981,0.6395,0.1673,74
5.885,113,10.5579,0.7353,-15.0124,-0.7072,-0.0908,-2.2373,75,5.585,107,5.5768,-2.5357,-9.4143,0.1767,0.5667,0.0773,85,5.618,108,11.7302,-6.518,-8.7897,-0.8767,-0.2067,0.7998,74
5.937,114,6.884,-1.6073,-15.1025,-1.1935,0.5687,-2.308,75,5.637,108,3.1804,0.6448,-11.4744,0.7724,-0.025,0.7218,85,5.67,109,3.237,-3.8199,-8.8901,0.0101,0.5275,1.2615,74
5.989,115,10.0819,-6.3708,-15.9774,-1.5485,0.7596,-1.6245,75,5.689,109,5.1925,5.7975,-8.6954,1.2354,-0.2811,0.1506,85,5.722,110,6.4543,2.2597,-14.4918,-0.2226,1.0634,1.5984,74
6.041,116,4.5574,-9.2837,-14.4359,-0.4558,-0.1149,-0.5607,75,5.741,110,5.9534,9.5581,-4.1576,0.9686,0.1329,-0.5764,85,5.774,111,9.9764,3.7757,-8.3983,0.1057,0.1028,1.6716,74
6.092,117,7.8729,-11.9734,-13.6986,-0.926,0.0916,0.2674,75,5.793,111,9.1442,10.2426,-3.9976,0.9823,0.7761,-0.0213,85,5.826,112,10.1458,1.2761,-13.4603,-0.2872,-0.469,1.2839,74
6.144,118,10.8036,-13.9364,-15.1111,-0.1403,-0.6025,0.8718,75,5.844,112,7.5357,4.3222,-10.8574,0.0369,0.4922,0.3873,85,5.877,113,4.6385,5.6394,-12.0644,-0.2765,-0.4044,0.263,74
6.196,119,12.9426,-8.4592,-15.4016,0.1081,-0.2201,1.3129,75,5.896,113,8.4155,-0.3822,-13.7349,-0.3659,-0.3134,0.9481,85,5.929,114,0.1314,5.1142,-11.7022,0.4748,-0.2451,-0.4821,74
6.248,120,14.5037,-11.3716,-12.8455,-0.5736,-0.83,1.6349,75,5.948,114,9.9148,-3.071,-14.6213,0.3538,-0.9014,1.3573,85,5.981,115,5.1958,-1.5045,-11.4653,1.023,-0.1107,-1.0259,74
6.3,121,11.2712,-6.9348,-10.9036,0.2558,-0.5579,1.8698,75,6.0,115,12.1561,-2.957,-15.1011,0.9299,-1.319,1.656,85,6.033,116,5.5086,-3.7209,-16.3728,1.4232,-0.5332,-0.9155,74
6.352,122,10.2462,-3.0757,-13.6784,0.6265,-1.0765,2.0413,75,6.052,116,13.792,-1.7279,-17.7243,1.3504,-1.6266,1.874,85,6.084,117,9.2862,-7.17,-17.86,0.9733,-0.3678,-0.7289,74
6.403,123,7.2369,-5.4676,-17.9796,-0.2201,-1.439,2.1665,75,6.104,117,14.9859,4.0657,-10.6594,0.3056,-1.5946,2.0331,85,6.136,118,10.885,-0.8811,-18.8147,0.0352,0.4038,-0.0634,74
6.455,124,9.218,-3.1398,-17.6487,-0.5658,-1.7196,2.2578,75,6.155,118,11.6009,4.0315,-5.1319,-0.1153,-1.8022,1.9939,85,6.188,119,10.3599,-5.2617,-20.53,-0.6496,-0.3787,0.6314,74
6.507,125,4.9817,-5.0322,-19.3445,-1.0903,-1.8353,1.9218,75,6.207,119,9.9477,4.3062,-1.2037,-0.522,-0.7935,0.9746,85,6.24,120,9.3954,-5.7049,-17.8613,0.1743,-0.9498,1.1381,74
6.559,126,8.0881,-8.8704,-15.8809,-0.6251,-2.0088,0.7745,75,6.259,120,11.643,5.1307,-1.7996,-0.1019,0.0999,0.0796,85,6.292,121,7.8507,-3.5098,-13.5634,0.547,-1.0073,1.5084,74
6.61,127,7.7081,-1.257,-8.9994,-0.7308,-2.1276,-0.1099,75,6.311,121,11.8476,2.6451,-2.4993,0.1895,0.752,-0.6283,85,6.344,122,9.7308,0.6351,-13.0694,-0.276,-0.0663,1.7786,74
6.662,128,10.6833,-2.4012,-10.8764,-1.2108,-1.1213,-0.7553,75,6.363,122,13.5668,5.0062,-7.8838,-0.4872,1.2279,-1.1449,85,6.395,123,12.3677,-0.5109,-10.0847,0.4641,-0.0189,1.5811,74
6.714,129,11.5084,-0.3396,-14.1779,-1.5611,-0.1359,-1.2264,75,6.414,123,14.8215,1.7846,-11.9237,-0.8867,1.5753,-1.522,85,6.447,124,13.3466,4.4559,-11.8977,-0.2608,0.1117,1.073,74
6.766,130,13.4569,-3.8406,-18.3282,-1.8167,0.5722,-1.5702,75,6.466,124,5.1474,0.7873,-16.6422,0.0245,1.5082,-1.4302,85,6.499,125,15.0067,1.6375,-11.4871,0.4862,-0.5919,0.1095,74
6.818,131,14.8127,-6.2058,-18.7493,-2.0033,1.1,-1.8211,75,6.518,125,7.0582,1.2342,-15.5546,0.0475,0.6324,-1.7241,85,6.551,126,10.8529,4.3264,-5.7997,-0.059,-0.5997,-0.5941,74
6.869,132,15.8685,-6.6254,-20.0954,-2.1395,1.4853,-1.996,75,6.57,126,8.2586,3.0267,-11.3268,0.5439,-0.2111,-1.9447,85,6.603,127,6.3419,4.3602,-6.2428,-0.0523,0.2407,-1.1076,74
6.921,133,16.6392,-10.0332,-22.663,-2.2388,1.7664,-1.8104,75,6.622,127,7.2246,5.0409,-5.619,-0.283,0.0069,-2.1057,85,6.654,128,9.8943,-2.0548,-10.1861,0.6384,0.854,-1.4824,74
6.973,134,9.329,-9.2124,-20.3801,-0.9596,1.9716,-1.4463,75,6.673,128,10.1927,5.1797,-1.4532,-0.6663,-0.0418,-1.9152,85,6.706,129,12.4871,-6.7367,-9.7596,-0.2093,-0.0501,-0.5832,74
7.025,135,6.093,-6.3473,-22.2525,-1.3446,0.7697,-0.8247,75,6.725,129,10.0935,1.9633,-6.3523,-0.9718,0.6485,-0.7774,85,6.758,130,14.3794,-2.0068,-5.9485,-0.8266,-0.6581,0.1251,74
7.077,136,7.4652,-3.9378,-18.5548,-0.8421,-0.1076,-0.5235,75,6.777,130,6.5949,-1.5258,-12.576,-1.1433,-0.1993,0.098,85,6.81,131,12.1213,-6.7017,-9.6286,-1.2785,-0.1157,0.7691,74
7.128,137,6.4096,-1.7124,-10.951,-0.3481,-0.641,-0.3562,75,6.829,131,6.4538,2.1206,-17.1184,-0.1627,-0.1721,0.7369,85,6.862,132,3.5225,-8.4252,-12.2207,-0.3727,0.5939,1.239,74
7.18,138,9.7356,0.5704,-5.4014,-0.9315,-0.8372,-0.1235,75,6.881,132,9.6301,6.8746,-16.9153,-0.7068,-0.7983,1.0147,85,6.913,133,1.0416,-4.2855,-15.5826,-0.8163,1.1118,1.582,74
7.232,139,6.8573,-4.7814,-8.0306,-0.0533,0.0714,-0.4331,75,6.932,133,8.0853,10.0612,-11.4438,0.0719,-0.8687,0.4696,85,6.965,134,6.026,2.2242,-19.3777,0.0808,0.9148,0.6282,74
7.284,140,10.0624,1.9002,-9.7987,0.6355,-0.6172,0.0113,75,6.984,134,10.8209,10.3729,-10.1361,-0.6275,-1.3067,0.6495,85,7.017,135,9.6638,3.6013,-17.2408,-0.6163,-0.0057,0.7874,74
7.335,141,3.3464,0.8933,-13.4539,-0.1265,-0.3528,0.3842,75,7.036,135,11.5205,7.2641,-4.75,-1.138,-0.2755,0.5176,85,7.069,136,3.1593,0.0469,-20.588,0.1616,0.5725,0.0808,74
7.387,142,7.5,-0.874,-9.8785,-0.3332,-0.9268,0.6707,75,7.088,136,8.0703,3.6843,-5.1896,-0.2889,-0.8669,0.5137,85,7.121,137,-0.9543,-0.1548,-23.0309,-0.092,-0.1483,-0.6151,74
7.439,143,5.6848,-3.8166,-4.6244,-0.2557,-1.3458,0.9691,75,7.14,137,4.2763,1.6263,-7.621,0.4609,0.0407,0.6066,85,7.172,138,-2.6131,-3.6143,-20.6069,0.3992,-0.7816,-1.1229,74
7.491,144,9.2066,-4.0025,-3.4534,0.4878,-1.6463,1.0128,75,7.192,138,3.4722,2.0298,-8.3138,0.8411,0.0256,0.2828,85,7.224,139,-0.8874,-3.1063,-12.5112,0.9275,-1.2439,-1.4865,74
7.543,145,11.6089,-1.2783,-5.2577,0.0912,-1.0176,1.4158,75,7.243,139,3.4161,1.4975,-8.5527,0.4607,0.5438,0.0998,85,7.276,140,4.6181,-5.8938,-14.0568,0.0185,-1.3093,-1.5389,74
7.594,146,5.1517,-2.4048,-6.8737,-0.5632,-0.0603,1.2159,75,7.295,140,6.5031,3.8413,-7.945,1.008,0.5549,-0.5246,85,7.328,141,8.6362,1.0504,-13.7745,0.1428,-0.8593,-1.1245,74
7.646,147,1.6364,-2.2802,-9.0823,0.2261,-0.7133,0.6722,75,7.347,141,9.6661,6.3013,-7.2527,0.0556,0.6308,0.0834,85,7.38,142,8.4876,-4.4704,-15.4334,-0.571,-0.3801,-0.3103,74
7.698,148,1.8253,-0.7345,-10.1232,0.1534,-0.9985,0.5382,75,7.399,142,6.1903,7.7789,-7.5961,-0.6394,0.3862,0.224,85,7.432,143,9.1308,-6.4898,-15.6951,-1.092,-0.4827,0.4513,74
7.75,149,0.9712,-0.6532,-11.6942,-0.5654,-0.7721,0.4987,75,7.451,143,4.0131,7.1144,-7.8041,-0.7874,0.1187,0.2109,85,7.483,144,8.4235,-6.8028,-15.983,-0.1204,-1.0257,1.0071,74
7.802,150,2.0257,-3.1255,-14.841,-1.09,-1.2329,0.1893,75,7.503,144,1.4509,6.352,-8.2479,-1.2171,-0.419,0.0105,85,7.535,145,5.3106,-3.0862,-12.56,0.5886,-0.7397,1.4128,74
7.854,151,6.536,-6.9221,-16.3382,-0.1212,-1.5691,-0.4816,75,7.554,145,1.8345,4.8966,-9.5299,-1.2206,-0.3522,-0.1667,85,7.587,146,6.7324,3.0994,-12.1828,-0.2456,0.128,1.7088,74
7.905,152,9.3815,-5.8117,-12.6919,0.4461,-1.51,-0.8567,75,7.606,146,1.6042,3.6658,-10.3782,-0.7663,0.0571,-0.5829,85,7.639,147,10.1793,2.971,-11.3681,0.4973,0.4874,0.7091,74
7.957,153,5.3658,-4.1381,-9.2703,0.2992,-0.4197,-0.5637,75,7.658,147,2.4436,2.5064,-8.8861,0.1124,0.0791,-1.1118,85,7.69,148,11.2922,5.644,-15.0765,0.3801,0.7165,0.5365,74
8.009,154,3.1147,-2.0271,-9.1158,0.5263,-0.1303,-0.543,75,7.71,148,6.7034,7.1562,-5.6013,0.7521,-0.4848,-1.377,85,7.742,149,10.4569,7.5197,-12.7852,-0.1421,1.2013,0.2787,74
8.061,155,2.5609,-0.6136,-10.4533,-0.278,0.5873,-0.5127,75,7.762,149,9.8123,10.5497,-2.666,-0.1311,0.2911,-0.8604,85,7.794,150,10.7953,3.1727,-13.2338,0.5194,0.4669,-0.1329,74
8.113,156,0.9189,-0.5423,-11.8289,-0.748,1.0999,-0.7063,75,7.813,150,4.6079,7.531,-5.1044,0.0691,0.6127,-0.3772,85,7.846,151,8.5263,5.4832,-11.167,0.0959,-0.209,-0.6003,74
8.164,157,0.1104,-1.5946,-14.2449,-1.1183,1.2233,-1.0199,75,7.865,151,-1.1546,3.9229,-6.4959,-0.6296,0.063,0.0785,85,7.898,152,5.4857,4.781,-10.2948,-0.2839,0.0621,-1.112,74
8.216,158,3.4402,-4.9168,-17.6025,-1.4931,0.2545,-0.766,75,7.917,152,-3.7461,7.5524,-7.3829,-1.0194,-0.528,0.3612,85,7.949,153,4.2458,2.4204,-12.4649,-0.0312,0.6576,-1.4856,74
8.268,159,7.5684,-6.6948,-18.4018,-0.5275,-0.305,-0.8862,75,7.969,153,-2.7156,9.8685,-8.5847,-1.2833,-0.9827,-0.0493,85,8.001,154,8.3645,1.4219,-6.5133,0.2209,-0.1934,-1.0707,74
8.32,160,7.0125,-5.8798,-13.656,0.2894,0.384,-0.6173,75,8.021,154,0.151,10.1449,-8.5579,-1.5056,-0.7363,-0.7224,85,8.053,155,11.3705,-4.1993,-10.1908,0.5011,-0.4841,-0.8371,74
8.372,161,3.4442,-0.3326,-10.5511,-0.0989,0.1431,-0.6839,75,8.072,155,5.0301,9.8632,-6.8644,-1.1831,-0.4496,-1.2136,85,8.105,156,12.2758,-2.7852,-14.934,0.5052,-0.09,-0.5313,74
8.423,162,4.5715,1.9704,-7.8966,-0.7426,0.7855,-0.8032,75,8.124,156,8.5911,7.806,-4.3449,-1.5435,0.2717,-1.5721,85,8.157,157,14.2252,-0.6173,-11.9649,-0.3065,0.6127,-0.0503,74
8.475,163,5.2503,3.8622,-9.3317,-1.113,1.2484,-1.2613,75,8.176,157,4.3258,3.6077,-3.6583,-0.7863,0.8774,-0.7349,85,8.208,158,9.0101,-4.0657,-16.7374,-0.8989,0.596,0.641,74
8.527,164,6.0006,3.3744,-11.2861,-1.4897,1.5935,-1.3339,75,8.228,158,5.2363,3.5786,-5.3246,-0.4061,-0.0323,0.129,85,8.26,159,8.3523,-6.405,-16.1154,-1.3313,-0.2384,1.1456,74
8.579,165,6.6277,0.9358,-13.9925,-1.6097,1.8454,-1.6487,75,8.28,159,3.285,1.7445,-7.2739,-0.8029,-0.3489,0.7595,85,8.312,160,6.8164,-6.1819,-13.8236,-0.4715,-0.8474,1.4347,74
8.631,166,8.2407,-1.5566,-15.5082,-1.4455,2.007,-1.6631,75,8.331,160,3.0411,0.4208,-8.7632,0.0511,-0.7006,1.2197,85,8.364,161,5.654,-0.8654,-12.3517,0.3324,-0.6325,1.2302,74
8.682,167,8.9524,-3.8159,-15.8418,-0.3858,0.8751,-0.837,75,8.383,161,3.4349,2.0862,-9.5227,0.709,-0.7866,1.5556,85,8.416,162,4.507,3.634,-11.5073,0.9191,-0.6379,0.6869,74
8.734,168,11.1617,-3.1515,-14.5107,0.3523,-0.0306,0.0658,75,8.435,162,3.9167,3.8241,-8.7593,1.1892,-0.4938,1.8007,85,8.467,163,8.5552,-1.3364,-8.312,1.1268,-0.6884,0.1652,74
8.786,169,7.414,-2.9553,-14.4387,0.9315,-0.4629,0.428,75,8.487,163,5.9531,6.3259,-7.8933,1.5127,0.0237,1.7499,85,8.519,164,11.2004,2.2876,-9.5201,0.534,-0.2439,-0.1583,74
8.838,170,6.5142,-2.4739,-13.6479,1.3542,-0.8285,0.7483,75,8.539,164,9.2647,9.3612,-9.4433,1.226,-0.6554,1.9425,85,8.571,165,11.1207,-3.1739,-13.9582,1.0663,-0.8217,-0.7887,74
8.889,171,7.5187,-0.5395,-13.5285,1.6627,-0.9525,1.2212,75,8.59,165,11.6817,10.0276,-7.6368,0.2147,-1.151,2.0791,85,8.623,166,9.2756,-1.1047,-14.6759,0.7528,-1.2731,-1.1805,74
8.941,172,4.6984,-0.2055,-12.7226,1.2683,-0.5159,1.5679,75,8.642,166,4.2304,3.4573,-8.2298,0.3427,-0.161,1.277,85,8.675,167,5.4936,0.0188,-13.3891,0.9883,-1.6026,-1.5119,74
8.993,173,3.9879,-1.8749,-13.1762,1.6001,-1.0458,1.821,75,8.694,167,2.8382,2.3207,-7.5936,0.8991,-0.4439,1.0117,85,8.726,168,4.4832,-0.7188,-11.9167,1.3978,-1.843,-1.7642,74
9.045,174,7.9681,-3.8255,-16.3629,1.188,-1.1459,2.0057,75,8.746,168,1.7161,1.6361,-8.4479,1.3278,-0.334,0.9216,85,8.778,169,6.0946,0.5185,-9.3222,1.6967,-1.9823,-1.8142,74
9.097,175,10.8731,-5.9713,-14.3257,0.8829,-0.8118,1.629,75,8.798,169,1.0933,0.0602,-9.2381,1.1962,-0.2799,0.89,85,8.83,170,9.7138,-4.8572,-13.0826,0.9046,-1.3852,-1.2433,74
9.148,176,5.7779,-4.6982,-13.5926,0.3648,0.0899,1.4927,75,8.85,170,1.2688,-2.5495,-10.4867,1.5125,-0.3895,1.3149,85,8.882,171,10.533,-2.253,-17.5532,0.6543,-0.994,-0.6519,74
9.2,177,1.0049,-5.3048,-13.1453,0.097,-0.0428,1.2871,75,8.901,171,4.2801,-3.5416,-9.8951,0.5064,-0.7344,1.6251,85,8.934,172,10.5378,-4.7257,-14.6863,-0.1628,-0.0471,-0.1081,74
9.252,178,-1.0547,-3.3979,-13.6628,0.0169,-0.2927,1.0842,75,8.953,172,8.0437,-4.786,-14.7231,0.4723,-1.2087,1.8277,85,8.985,173,6.2168,-5.3514,-16.4855,-0.7941,0.5843,0.5988,74
9.304,179,-1.8053,-2.5422,-14.4902,-0.2617,-0.7221,0.896,75,9.005,173,8.0806,-2.3423,-12.2298,1.0164,-0.5708,0.8494,85,9.037,174,5.2657,-5.7148,-15.489,-1.2548,-0.2292,1.1148,74
9.356,180,-0.3275,-1.7913,-14.45,-0.1945,-1.1964,0.7342,75,9.057,174,5.6245,2.4327,-9.7886,0.0722,-0.3294,0.2101,85,9.089,175,4.4901,-3.8289,-13.2928,-0.374,-0.8407,1.4679,74
9.407,181,0.4183,-5.3753,-15.3983,-0.7176,-1.5425,0.8607,75,9.109,175,4.7778,1.4703,-7.8986,-0.6273,0.4383,-0.4586,85,9.141,176,3.4211,-1.6653,-12.2624,0.4035,-0.9416,1.6843,74
9.459,182,5.3629,-9.1208,-17.5557,0.1507,-1.7951,1.0447,75,9.16,176,4.7325,1.7429,-8.0384,-1.1379,0.9804,-1.0206,85,9.192,177,3.07,1.6873,-10.1152,0.9632,-0.239,1.7775,74
9.511,183,6.7769,-10.7892,-16.9543,-0.5674,-0.8707,0.1034,75,9.212,177,5.13,0.6691,-8.5932,-0.7903,1.3946,-1.4312,85,9.244,178,5.5701,-4.0056,-4.7985,0.1019,-0.6205,1.9665,74
9.563,184,4.4976,-9.4101,-13.7418,0.2603,-0.0332,-0.5781,75,9.264,178,7.6678,0.7717,-8.8638,0.095,1.697,-1.731,85,9.296,179,9.3311,-1.4868,-11.507,0.3152,-0.0741,0.8001,74
9.615,185,5.1937,-3.7342,-10.727,0.7582,0.4451,-1.097,75,9.316,179,10.5162,5.4791,-9.1788,-0.5525,1.8094,-1.9497,85,9.348,180,12.076,-0.6911,-11.483,-0.1423,-0.0062,0.1577,74
9.666,186,5.1541,-2.3978,-10.2802,-0.1237,1.0073,-1.4758,75,9.368,180,12.5951,6.7306,-8.4758,-0.2389,1.42,-1.8011,85,9.4,181,10.4611,-2.9386,-10.7181,0.5633,-0.0828,-0.5038,74
9.718,187,5.7796,-3.3691,-10.3545,-0.6439,1.4176,-1.7522,75,9.419,181,9.4132,6.2235,-8.3627,-0.8544,0.6659,-1.4739,85,9.451,182,11.422,1.2724,-9.6355,-0.2641,-0.3423,-0.9223,74
9.77,188,6.0457,-2.7275,-10.5016,-1.1466,1.717,-1.9539,75,9.471,182,3.188,2.874,-9.7844,-1.3036,-0.1865,-1.2424,85,9.503,183,7.1242,1.77,-10.0617,-0.868,0.4285,-1.2312,74
9.822,189,8.5287,-5.3619,-14.2082,-1.5142,1.9356,-1.1197,75,9.523,183,1.5901,2.3551,-9.897,-0.4969,-0.7351,-0.7157,85,9.555,184,5.4504,1.3473,-11.7912,0.0431,0.9911,-1.5726,74
9.874,190,11.2822,-7.5486,-14.9494,-1.7825,1.7826,-0.7137,75,9.575,184,0.05,3.8384,-9.3326,-0.558,-1.1928,-0.7184,85,9.607,185,6.6842,-4.2537,-11.82,0.708,0.6054,-1.8218,74
9.925,191,12.9701,-6.2547,-14.6422,-0.7499,0.6317,-1.196,75,9.627,185,0.776,5.0094,-7.4878,0.021,-0.86,-1.0639,85,9.659,186,10.1441,-6.6597,-15.0106,0.2613,0.639,-0.9473,74
9.977,192,7.4236,-5.8364,-12.7285,-0.7383,1.1426,-1.259,75,9.678,186,5.4863,8.0713,-2.853,-0.17,-1.1739,-1.4629,85,9.71,187,10.3729,-3.2067,-16.9088,0.433,0.4515,-0.5984,74
10.029,193,3.0947,-6.6892,-11.9358,-1.1064,0.1646,-1.4731,75,9.73,187,8.924,7.9973,-0.8007,-0.7764,-0.1894,-1.5803,85,9.762,188,12.8364,-2.3782,-13.5547,-0.3592,0.7332,0.1133,74
10.08,194,4.9117,-6.9008,-11.1788,-0.1366,-0.4235,-1.5652,75,9.782,188,5.9131,5.8803,-1.2264,-0.6105,0.3319,-0.7995,85,9.814,189,12.2714,-6.9727,-15.0632,-0.9374,0.1668,0.7604,74
10.132,195,5.1396,-2.524,-9.1538,-0.0492,0.0307,-1.4828,75,9.834,189,4.8283,2.3316,-3.9393,-1.0504,-0.1775,0.056,85,9.866,190,10.3852,-6.0588,-13.6976,-0.992,0.0026,1.2327,74
10.184,196,1.61,-0.8279,-8.0811,-0.1106,0.3552,-1.3709,75,9.886,190,1.5407,0.5695,-7.292,-0.0949,-0.5684,0.7063,85,9.918,191,8.5905,-2.0176,-13.1065,-1.3206,0.1823,1.5774,74
10.236,197,6.2327,-1.366,-11.8457,-0.5112,-0.4101,-0.902,75,9.937,191,1.7995,2.0658,-8.3622,0.6025,-0.3444,1.1808,85,9.969,192,7.4144,0.7627,-11.8726,-1.2655,-0.0307,1.6713,74
10.288,198,7.124,-4.0086,-12.9856,0.2325,0.3831,-0.6318,75,9.989,192,2.4951,1.8453,-9.3328,1.1114,-0.6465,1.5262,85,10.021,193,10.6771,2.2929,-16.4556,-0.2471,-0.6958,0.7868,74
10.339,199,3.7316,-4.3239,-14.3475,-0.0887,0.962,-0.4697,75,10.041,193,3.4756,2.5858,-9.2133,1.0396,-0.6486,1.5383,85,10.073,194,13.0584,1.1893,-16.3506,-0.798,-0.9164,0.5824,74
10.391,200,2.7434,-3.5843,-15.0465,0.6089,0.1068,-0.0826,75,10.093,194,7.4565,7.2141,-10.2087,0.4122,-1.146,1.0416,85,10.125,195,8.8477,1.7915,-19.9382,0.0941,-0.5911,-0.249,74
10.443,201,3.2848,-3.0029,-14.6832,0.822,0.1955,0.3708,75,10.145,195,10.362,10.586,-7.6463,-0.3792,-1.3908,0.7585,85,10.177,196,4.9,3.7422,-18.8631,0.6211,-0.1441,-0.8557,74
10.495,202,2.4907,-1.9533,-14.3906,1.0027,-0.1926,0.8244,75,10.196,196,2.5526,4.8646,-7.8971,-0.9568,-0.4733,0.0584,85,10.228,197,3.2731,2.6353,-16.5281,0.7999,-0.4766,-1.2986,74
10.547,203,1.7851,-1.1102,-13.3172,1.1982,-0.2051,0.864,75,10.248,197,1.6394,2.5446,-8.0307,-0.0384,-0.1351,-0.0843,85,10.28,198,2.1494,1.0073,-15.8818,1.2603,-0.8202,-1.6218,74
10.598,204,6.3604,1.7271,-12.4401,1.5488,-0.819,0.7529,75,10.3,198,1.1446,1.8322,-8.1521,0.1345,0.0688,-0.1984,85,10.332,199,3.1474,-1.7324,-14.7741,1.5964,-1.0132,-1.8577,74
10.651,205,9.6997,0.9135,-14.2887,1.0112,-0.4674,0.7802,75,10.352,199,-0.0914,0.3762,-9.0276,0.0056,0.5488,-0.2068,85,10.384,200,7.5628,4.0875,-14.0839,0.9682,-1.1607,-1.2154,74
10.702,206,8.0574,0.9983,-13.2688,0.0606,0.3413,1.2392,75,10.404,200,-1.4336,-0.5073,-8.4294,0.452,0.6066,-0.2098,85,10.435,201,10.7444,4.0278,-17.0046,0.4093,-0.9226,-0.765,74
10.754,207,3.7531,-1.1437,-12.578,-0.6331,0.0408,1.2203,75,10.456,201,3.8736,2.2245,-8.4242,1.0016,0.3098,-0.0188,85,10.487,202,13.1075,1.051,-14.5324,-0.2518,0.005,-0.6661,74
10.806,208,0.4858,-1.6359,-11.8044,-0.6952,0.5579,0.8483,75,10.507,202,7.747,6.9504,-8.5899,1.4027,0.6773,-0.2685,85,10.539,203,7.0374,-2.7729,-18.5049,-0.859,0.3605,0.1916,74
10.858,209,-1.06,-2.2532,-11.2966,-0.1748,0.4902,0.3567,75,10.559,203,6.1058,5.9892,-7.7912,0.3438,1.1109,-0.5892,85,10.591,204,5.1717,-4.4668,-17.9775,-1.3022,-0.3809,0.8175,74
10.909,210,-1.5257,-1.2237,-10.8739,0.1942,0.435,-0.0541,75,10.611,204,-0.2019,1.7968,-8.9156,0.9214,0.9658,0.0351,85,10.643,205,5.7766,-5.139,-17.3993,-0.2738,-0.9514,1.233,74
10.961,211,0.698,-3.07,-11.1112,0.28,-0.0045,-0.3462,75,10.663,205,-1.9119,3.3949,-7.9584,0.6324,0.5415,0.637,85,10.694,206,4.0612,0.9393,-15.139,0.2511,-1.1842,1.5774,74
11.013,212,5.5671,-3.5988,-14.8636,0.8787,-0.6726,-0.3075,75,10.715,206,-1.9259,3.451,-8.1328,-0.0925,-0.158,0.5769,85,10.746,207,2.8165,2.1693,-13.4353,0.2186,-0.529,1.4734,74
11.065,213,8.1381,-3.1061,-14.5437,0.7948,-0.383,-0.0943,75,10.766,207,-1.8164,3.1937,-9.0901,-0.7475,-0.2036,0.1474,85,10.798,208,7.3214,4.676,-7.2216,-0.3606,-0.9853,1.0327,74
11.116,214,4.7683,-3.228,-13.6635,0.317,0.4029,0.1371,75,10.818,208,-0.7979,3.3998,-9.7712,-0.8726,-0.1939,-0.3774,85,10.85,209,10.6092,6.0652,-11.2551,-0.382,-1.2827,0.8643,74
11.168,215,3.5399,-2.7795,-12.1405,-0.446,-0.2546,0.4823,75,10.87,209,4.3376,7.6581,-8.917,0.0349,-0.3415,-0.9618,85,10.902,210,8.6158,4.3758,-13.5333,-0.5932,-0.5089,0.2317,74
11.22,216,2.2892,-2.174,-11.5593,-0.573,0.1954,0.628,75,10.922,210,8.0856,10.916,-8.5572,0.6972,0.2806,-1.3867,85,10.954,211,6.6947,4.6705,-15.5622,0.2436,-0.1726,-0.5037,74
11.272,217,1.9814,-1.7991,-10.7416,-0.1176,-0.174,0.6225,75,10.974,211,5.4363,11.2618,-5.3373,-0.043,0.8688,-0.9056,85,11.006,212,6.0901,4.1984,-14.4494,-0.4345,0.3422,-0.9548,74
11.324,218,0.3889,-0.8792,-10.2127,-0.2117,0.2949,0.6775,75,11.026,212,-1.262,6.0997,-6.9446,-0.7114,0.0623,-0.5392,85,11.057,213,5.5133,3.2376,-13.4266,-0.9924,0.9281,-1.1135,74
11.375,219,0.3726,-3.2114,-11.7484,-0.7224,0.1387,0.4313,75,11.077,213,-3.1401,4.241,-8.3674,-1.1993,-0.4427,-0.1091,85,11.109,214,4.4348,1.6507,-14.5421,-0.8667,1.3542,-1.3315,74
11.427,220,5.3296,-7.5416,-16.571,0.1472,-0.5681,-0.3603,75,11.129,214,-1.9376,4.7313,-9.7702,-0.8968,-0.9958,0.4418,85,11.161,215,3.3081,-2.164,-15.2496,0.044,0.9568,-1.6281,74
11.479,221,8.9474,-6.5619,-16.0006,0.7818,-1.0237,-0.831,75,11.181,215,0.1224,6.3137,-9.0888,-0.415,-0.676,0.0758,85,11.213,216,7.6801,-6.8164,-11.4439,0.7086,0.212,-1.1033,74
11.531,222,6.1149,-2.3307,-12.5056,0.2952,-0.0647,-0.7694,75,11.233,216,-0.3613,6.8567,-7.5002,-0.0352,-0.2501,-0.631,85,11.264,217,10.0998,-6.7036,-16.3572,-0.1578,0.0316,-0.8726,74
11.583,223,3.6066,-2.1101,-12.5168,-0.4619,-0.2622,-1.2302,75,11.285,217,4.6562,10.3312,-4.4483,-0.2621,-0.3792,-1.1469,85,11.316,218,12.637,-4.9216,-15.5484,-0.7904,0.7014,-0.0048,74
11.634,224,4.4685,0.2641,-12.4573,-0.9933,0.4206,-1.1251,75,11.336,218,7.6973,10.343,-2.9639,-0.1033,0.3481,-0.6197,85,11.368,219,6.2534,-8.829,-19.3528,-1.2521,0.1439,0.6743,74
11.686,225,2.9879,-0.2276,-12.7728,-1.4023,0.6134,-1.2335,75,11.388,219,7.1479,6.7885,-5.6659,-0.7554,-0.0689,0.0482,85,11.42,220,6.0752,-9.4696,-17.3941,-0.3871,-0.5684,1.1698,74
11.738,226,3.4215,-0.184,-12.3815,-1.4151,0.8772,-1.4574,75,11.44,220,5.684,0.8874,-9.8259,-0.1035,-0.2157,0.7006,85,11.472,221,5.9187,-5.434,-15.2632,-0.0854,-0.67,1.5315,74
11.79,227,7.2551,-4.193,-12.9019,-1.3845,0.4519,-1.7388,75,11.492,221,6.249,0.2081,-11.2473,0.5962,0.1761,1.1767,85,11.523,222,6.6885,-2.3912,-12.141,0.0819,-0.494,1.781,74
11.841,228,10.3527,-7.7023,-15.197,-0.3361,-0.0824,-1.1378,75,11.544,222,5.3178,0.7485,-12.5408,1.0151,0.2411,1.5242,85,11.575,223,6.8308,3.6067,-9.909,0.7363,-0.6144,1.3215,74
11.893,229,10.7294,-6.4015,-16.5077,-0.9226,-0.274,-0.1538,75,11.595,223,5.0173,0.9153,-13.4429,1.4126,0.5499,1.7778,85,11.627,224,10.2511,-2.6047,-12.3583,0.876,-0.8133,0.7454,74
11.945,230,4.9502,-4.3954,-15.729,0.001,0.1821,0.4057,75,11.647,224,6.6634,1.8683,-13.6998,1.7027,0.4436,1.9629,85,11.679,225,12.7475,3.4509,-13.2621,0.8017,-0.4269,0.1765,74
11.997,231,3.6279,-4.1757,-13.8441,0.6751,-0.1866,0.6308,75,11.699,225,9.7832,6.6905,-17.2091,1.9144,0.0896,2.098,85,11.731,226,10.2698,0.5761,-13.8209,1.2616,-0.0108,-0.5452,74
12.049,232,4.1547,-4.188,-15.2475,0.7337,-0.2646,0.8573,75,11.751,226,12.0402,9.7544,-14.4074,1.7225,0.1136,1.9157,85,11.782,227,8.3621,5.7724,-12.8487,1.5296,-0.0078,-1.072,74
12.1,233,4.0671,-4.3935,-16.4969,1.2099,-0.7765,1.3023,75,11.803,227,3.1174,10.0914,-11.6863,0.9381,0.7594,1.2466,85,11.834,228,6.4544,2.3821,-13.4701,1.3229,-0.4456,-1.4171,74
12.152,234,8.026,-3.871,-14.9201,1.5518,-1.2361,1.6271,75,11.854,228,3.8485,5.4377,-10.6054,0.0852,-0.0027,0.2831,85,11.886,229,5.3449,1.0285,-14.2859,0.5018,-0.9986,-1.6931,74
12.204,235,10.9153,-6.961,-14.8242,1.7551,-1.5715,1.8642,75,11.906,229,3.1473,0.7232,-10.2447,0.2556,0.1862,-0.1047,85,11.938,230,5.2082,-1.2935,-12.2049,1.0428,-1.4022,-1.9097,74
12.256,236,13.0241,-9.1506,-13.8569,0.9685,-1.1845,1.2663,75,11.958,230,2.3234,-0.7537,-10.5896,-0.0107,0.2673,0.5812,85,11.99,231,9.067,-6.1811,-6.3236,0.4238,-0.6417,-1.027,74
12.308,237,7.1938,-8.5547,-12.4836,0.5134,-0.1821,0.7,75,12.01,231,2.8042,-1.2535,-10.4763,-0.3801,0.3192,1.0896,85,12.041,232,8.0571,-2.3131,-12.6201,0.0863,-0.6801,-0.2309,74
12.359,238,-0.282,-7.0168,-12.1751,0.2791,0.0974,0.0928,75,12.062,232,5.3272,-0.0158,-9.788,0.0488,0.2824,1.4606,85,12.093,233,11.1462,1.1119,-11.1265,-0.6122,0.182,0.1713,74
12.411,239,-2.4107,-10.3189,-13.7395,-0.0961,0.1546,0.226,75,12.114,233,8.8079,0.29,-12.6481,-0.4285,-0.2601,1.1029,85,12.145,234,6.0798,-3.2461,-13.4722,-1.1221,0.8112,0.8028,74
12.463,240,-0.446,-10.1737,-14.8998,0.325,-0.5551,0.8416,75,12.165,234,11.2339,2.3477,-8.7523,0.359,-0.4241,0.1185,85,12.197,235,4.9641,-5.3852,-14.2302,-0.9187,-0.0814,1.1987,74
12.515,241,1.4854,-11.157,-15.9469,0.5864,-1.0745,1.2909,75,12.217,235,2.5289,4.3219,-8.9422,-0.418,0.3695,-0.3007,85,12.249,236,3.6587,-4.8507,-14.4861,0.006,-0.7328,1.3547,74
12.567,242,5.5885,-11.3886,-15.1243,1.0055,-1.4535,1.6188,75,12.269,236,4.7298,2.3681,-9.1309,-0.9851,0.1579,-0.5552,85,12.301,237,1.6727,0.9181,-13.4966,0.0611,-0.5247,1.6662,74
12.618,243,9.1363,-8.2113,-13.4134,1.2598,-1.7302,1.8581,75,12.321,237,4.988,1.135,-10.0411,-1.3682,0.5674,-0.9243,85,12.352,238,4.4358,6.022,-12.0006,-0.6306,0.108,1.8938,74
12.67,244,5.7433,-4.9718,-11.6124,0.4918,-0.8228,1.0487,75,12.372,238,2.7576,0.7148,-12.0525,-0.3696,1.0932,-1.3609,85,12.404,239,7.6589,3.7736,-16.7634,-0.1604,0.0137,1.5037,74
12.722,245,6.5795,-6.4174,-11.8123,0.2018,-1.2699,0.0903,75,12.424,239,2.6381,2.3066,-13.8871,0.402,0.9463,-1.6797,85,12.456,240,10.8556,3.9252,-14.8669,0.4525,0.324,0.7983,74
12.774,246,5.6647,-6.0791,-11.3543,0.8043,-1.3823,-0.6092,75,12.476,240,6.8453,7.0103,-16.2446,0.9651,0.018,-1.9123,85,12.508,241,11.2404,3.0506,-14.0687,0.6069,0.3444,0.1115,74
12.825,247,3.5257,-3.6971,-8.9628,0.4553,-0.969,-1.1103,75,12.528,241,9.9159,10.3302,-11.9741,0.0244,-0.6595,-1.3198,85,12.559,242,8.9157,0.9596,-14.1069,1.1195,0.1932,-0.5841,74
12.877,248,2.6384,-2.8981,-8.6153,-0.3451,-0.5868,-1.4855,75,12.58,242,1.567,5.9462,-13.8677,-0.6622,0.1977,-0.5236,85,12.611,243,6.4155,1.7423,-12.472,0.1418,0.3338,-1.0988,74
12.929,249,2.8901,-3.4705,-8.5188,-0.9292,-0.0463,-1.7593,75,12.631,243,1.6245,8.3253,-11.8833,-1.0126,-0.524,-0.5682,85,12.663,244,4.7349,0.8766,-11.8432,0.1722,0.8663,-1.476,74
12.981,250,7.1151,-7.7306,-8.8753,-1.3556,-0.3347,-1.956,75,12.683,244,0.3642,9.9634,-13.2267,-0.6308,-0.5263,-1.101,85,12.715,245,5.2621,-0.5155,-12.3433,0.5966,1.2433,-1.7513,74
13.033,251,10.2505,-10.8399,-11.869,-1.6667,0.4382,-1.5589,75,12.735,245,4.8025,9.9451,-12.7817,-0.3416,-0.6067,-1.49,85,12.767,246,6.1696,-5.6133,-17.0136,0.9774,0.3131,-1.9517,74
13.084,252,7.9781,-8.5881,-10.7562,-0.9219,0.9747,-1.6192,75,12.787,246,5.2728,7.5464,-11.1291,-0.9287,-0.2101,-1.7738,85,12.818,247,9.7686,1.2551,-20.4221,0.0875,-0.0255,-1.9312,74
13.136,253,3.8748,-2.3404,-11.0254,-0.9422,0.9619,-1.8569,75,12.839,247,7.5723,8.8326,-8.1012,-1.2454,-0.3547,-1.981,85,12.87,248,12.3953,6.0451,-19.0109,-0.0395,0.6598,-1.0947,74
13.188,254,6.5774,2.019,-12.3891,-1.365,1.3474,-1.7724,75,12.89,248,7.9868,4.6022,-6.0208,-1.222,0.4168,-1.294,85,12.922,249,8.114,-0.8148,-16.3848,-0.7041,1.1599,-0.1537,74
13.24,255,6.8041,1.3363,-14.7804,-1.6736,1.6658,-1.881,75,12.942,249,7.3014,2.3022,-6.9779,-1.0354,-0.3613,-0.279,85,12.974,250,9.0159,-5.5026,-15.305,-1.1891,0.3466,0.5656,74
13.292,256,5.498,-1.0164,-15.8611,-1.8657,1.8982,-2.048,75,12.994,250,7.3093,0.7113,-7.5251,-0.8792,0.1452,0.4617,85,13.026,251,6.5548,-3.6456,-12.3356,-1.2239,0.5061,1.0905,74
13.343,257,6.8671,-4.392,-14.9688,-1.1383,1.5006,-2.1698,75,13.046,251,8.1111,0.2394,-9.3189,0.0301,0.4658,1.0024,85,13.077,252,6.6925,0.2893,-11.1304,-1.4332,0.8863,1.4736,74
13.395,258,10.0695,-6.6313,-17.0531,-0.7866,0.8296,-1.0706,75,13.098,252,7.7793,1.3402,-10.1038,0.6937,0.8795,1.3969,85,13.129,253,6.8862,5.5631,-11.213,-0.3695,0.5338,0.959,74
13.447,259,11.8849,-7.2965,-16.7713,-0.6863,-0.0639,-0.1047,75,13.149,253,8.9951,3.8506,-9.8575,1.178,1.1908,1.6849,85,13.181,254,10.2916,-1.1769,-6.8153,0.0689,-0.2459,0.4905,74
13.499,260,9.6062,-4.5432,-17.6712,0.1735,-0.7159,-0.0457,75,13.201,254,11.4849,6.2789,-12.4528,1.4637,0.6459,1.8951,85,13.233,255,12.777,4.493,-9.3598,0.0911,-0.3234,0.0951,74
13.55,261,8.1768,-0.9127,-14.8139,0.801,-1.1919,0.52,75,13.253,255,13.3021,9.9094,-13.1983,1.74,0.4789,2.0485,85,13.285,256,8.5762,4.1395,-13.5109,0.7001,-0.5213,-0.5912,74
13.602,262,5.7293,-3.5572,-14.7266,1.1274,-1.3225,1.0562,75,13.305,256,13.159,10.7704,-13.6577,1.9416,0.6953,2.1605,85,13.336,257,4.1835,5.1795,-14.8307,0.039,-0.6975,-1.076,74
13.654,263,6.4226,-4.2877,-13.3343,0.6662,-0.737,1.4475,75,13.357,257,5.1569,10.8544,-11.3795,1.5057,1.1805,1.8397,85,13.388,258,1.8143,1.5396,-14.9323,0.4527,-1.174,-1.4594,74
13.706,264,5.5761,-3.2107,-13.562,0.8204,-1.1833,1.7331,75,13.408,258,4.2759,8.7354,-9.8947,0.4757,0.1889,1.3182,85,13.44,259,1.6059,0.6037,-13.7237,1.0069,-1.5303,-1.7391,74
