right_hand_timestamp,right_hand_index,right_hand_accel_x,right_hand_accel_y,right_hand_accel_z,right_hand_gyro_x,right_hand_gyro_y,right_hand_gyro_z,right_hand_battery_percentage,left_hand_timestamp,left_hand_index,left_hand_accel_x,left_hand_accel_y,left_hand_accel_z,left_hand_gyro_x,left_hand_gyro_y,left_hand_gyro_z,left_hand_battery_percentage,right_leg_timestamp,right_leg_index,right_leg_accel_x,right_leg_accel_y,right_leg_accel_z,right_leg_gyro_x,right_leg_gyro_y,right_leg_gyro_z,right_leg_battery_percentage,left_leg_timestamp,left_leg_index,left_leg_accel_x,left_leg_accel_y,left_leg_accel_z,left_leg_gyro_x,left_leg_gyro_y,left_leg_gyro_z,left_leg_battery_percentage
0.044,0,7.9176,-1.0408,-14.1589,-0.8402,-0.0611,0.2751,75,0.005,0,12.4697,1.9198,-6.7029,-0.0007,-0.1797,-0.0249,86,0.336,6,9.7419,-6.4617,-8.5623,0.9315,0.2016,-0.2019,71,0.706,13,10.3638,-0.3426,-15.8753,0.5243,0.4217,-0.6428,39
0.096,1,7.575,-1.1341,-13.9622,-1.2373,0.0288,0.1963,75,0.057,1,8.2795,1.3977,-6.8199,0.1025,0.2645,-0.1722,86,0.388,7,8.3879,0.6359,-5.2209,0.4422,0.6247,-0.3517,71,0.758,14,7.7662,-0.6351,-16.2377,0.4495,-0.359,0.0486,39
0.148,2,6.8793,-1.3997,-13.8382,-1.0311,0.173,0.007,75,0.109,2,5.0513,0.6497,-6.4069,-0.2707,-0.1529,-0.2159,86,0.44,8,5.2874,-2.7454,-8.3291,-0.3525,1.0569,-0.1145,71,0.809,15,4.5471,0.1691,-13.1067,-0.3472,-0.6357,0.3354,39
0.2,3,5.4574,-1.6566,-13.7772,-0.4931,0.3075,-0.1888,75,0.16,3,3.7446,0.2519,-7.359,-0.3879,-0.1173,-0.034,86,0.491,9,3.721,-2.4568,-11.5256,0.4193,0.3137,-0.1788,71,0.861,16,2.5673,-1.0695,-11.9031,-0.0172,-0.7243,0.0909,39
0.252,4,3.3228,-2.234,-13.6834,-0.0493,0.31,-0.229,75,0.212,4,2.4204,0.1518,-7.8191,0.0261,0.1362,0.1484,86,0.543,10,7.9815,-0.6218,-12.5714,0.3426,-0.4445,-0.0541,71,0.913,17,2.4752,0.1765,-9.9249,0.6339,-0.5566,-0.2222,39
0.304,5,5.5843,-3.5079,-14.9625,-0.1178,-0.2461,0.3014,75,0.264,5,1.3708,-0.0771,-8.2169,0.3772,0.3014,0.2579,86,0.595,11,0.7986,-3.0819,-14.5121,0.4022,0.354,0.0115,71,0.965,18,2.5015,-4.163,-15.2248,0.7032,-0.3891,0.276,39
0.355,6,9.1333,-1.7182,-16.459,-0.2409,-0.4131,0.6499,75,0.316,6,0.8011,-0.3951,-8.4229,0.2935,0.4125,0.3317,86,0.647,12,5.8486,-2.2339,-15.6138,-0.1248,0.9292,-0.0445,71,1.016,19,6.943,-2.943,-18.5281,0.2698,-0.3304,0.278,39
0.407,7,11.7235,-3.0695,-16.6704,-0.8532,-0.2515,0.6566,75,0.368,7,5.5045,0.2445,-7.6992,0.2964,0.3178,0.7434,86,0.699,13,6.0521,0.6705,-14.4318,-0.3713,1.3566,-0.4974,71,1.068,20,10.1846,-3.7185,-17.3115,0.4811,-0.0736,-0.1075,39
0.459,8,9.0189,-3.014,-15.933,0.0509,0.4984,0.1608,75,0.419,8,8.9373,1.494,-5.3921,0.6503,0.0293,0.643,86,0.75,14,0.3979,-1.6997,-14.2022,-0.9397,1.1647,-0.2389,71,1.12,21,10.2411,-2.2109,-15.639,0.6528,0.6312,-0.2842,39
0.511,9,5.8237,-1.9026,-14.7797,0.2818,1.0449,-0.1084,75,0.471,9,7.4995,0.3492,-4.4958,-0.2054,-0.0437,0.0983,86,0.802,15,2.5582,1.0466,-11.3316,-0.5795,0.5941,-0.3072,71,1.172,22,6.8318,-1.8934,-16.9953,0.378,1.1272,-0.1041,39
0.563,10,2.3969,-2.986,-15.2523,0.3565,1.4451,-0.5216,75,0.523,10,3.4301,0.0741,-5.4135,0.1299,0.186,-0.1588,86,0.854,16,3.2587,0.2017,-8.1133,-0.6201,-0.1787,-0.3957,71,1.224,23,4.578,-2.3224,-14.9429,0.655,1.5077,-0.1233,39
0.614,11,1.8508,-1.4211,-15.324,0.7762,0.3896,0.291,75,0.575,11,1.9778,0.0871,-6.8837,-0.4923,0.0171,0.0944,86,0.906,17,3.4048,-1.0839,-7.6733,-0.6661,-0.3574,-0.4771,71,1.275,24,3.6434,-0.1127,-12.8718,-0.1289,1.4022,0.1832,39
0.666,12,1.7356,-0.2741,-15.1556,0.4271,-0.3231,0.4597,75,0.626,12,1.6654,1.0106,-7.7486,-0.2999,-0.2026,0.3267,86,0.958,18,2.2562,-2.4924,-8.7906,-0.4547,-0.5634,-0.2963,71,1.327,25,2.3653,-0.1614,-14.3322,-0.7712,1.2899,0.6465,39
0.718,13,1.1244,-1.2876,-14.8984,-0.2555,-0.6176,0.1823,75,0.678,13,0.0802,1.2707,-7.6863,-0.1735,-0.0639,0.256,86,1.01,19,6.9124,-1.0052,-12.0448,-0.7184,-1.0243,-0.2971,71,1.379,26,1.7121,0.2012,-13.4091,-1.2399,0.8916,1.0069,39
0.77,14,5.8783,-0.9937,-15.6036,-0.6256,-1.1201,0.8097,75,0.73,14,-0.4641,1.2392,-7.6526,-0.1737,0.0695,0.0143,86,1.061,20,3.3394,-5.9706,-16.526,-0.7692,-0.0692,-0.5436,71,1.431,27,6.3669,5.439,-10.7465,-0.3518,-0.006,0.7166,39
0.821,15,9.3478,-2.6716,-16.6465,-1.1339,-1.2346,0.4663,75,0.782,15,3.1676,0.9066,-6.1167,-0.5297,-0.125,-0.1956,86,1.113,21,7.703,-7.9335,-14.9779,-0.989,0.6278,-0.4842,71,1.483,28,9.7641,2.0333,-12.7128,-0.4099,0.3106,0.8003,39
0.873,16,9.9755,-5.236,-16.2833,-0.5172,-0.4329,-0.3078,75,0.834,16,7.2317,-0.2375,-5.1326,-0.2181,0.1181,-0.2922,86,1.165,22,8.5691,-8.7167,-18.2976,-1.3158,1.132,-0.33,71,1.534,29,12.2436,-1.5496,-12.54,0.0956,0.7688,-0.0501,39
0.925,17,6.8047,-2.9524,-14.4374,-0.2989,0.1637,-0.4786,75,0.885,17,10.1979,0.5205,-3.1396,0.266,-0.2761,-0.331,86,1.217,23,6.8235,-11.5989,-18.5138,-0.6127,0.1528,0.4353,71,1.586,30,11.8991,2.0239,-15.0133,-0.475,1.2461,-0.3072,39
0.977,18,4.2287,-4.4162,-15.2243,-0.8955,0.8019,-1.0244,75,0.937,18,6.8322,-0.9483,-4.8453,-0.3142,-0.0358,-0.5582,86,1.269,24,9.1593,-4.375,-15.7958,0.2293,-0.4332,0.9151,71,1.638,31,6.9864,2.9058,-16.9223,-1.0238,0.4349,-0.5203,39
1.028,19,2.7898,-2.6917,-14.2228,-0.123,0.4662,-0.2998,75,0.989,19,4.2849,-1.3989,-6.139,-0.1781,-0.3942,-0.3044,86,1.32,25,6.7827,-2.7586,-12.1328,-0.5061,-0.1621,1.3456,71,1.689,32,4.9406,0.6475,-13.9063,-0.5507,0.2601,-0.8562,39
1.08,20,2.3918,-3.0011,-13.8559,0.1571,0.2306,0.0363,75,1.041,20,3.1105,-0.7061,-7.1383,-0.063,-0.4866,0.0405,86,1.372,26,5.3429,1.2275,-10.6242,-1.0446,0.4644,1.6598,71,1.741,33,3.6685,0.1441,-11.9673,0.0273,0.4695,-1.1309,39
1.132,21,1.0492,-1.8279,-13.3653,-0.2633,0.5697,-0.0341,75,1.093,21,1.5984,0.0044,-7.8024,0.152,-0.302,0.1384,86,1.424,27,5.3353,6.2478,-13.0689,-1.4376,0.9861,1.4521,71,1.793,34,3.8822,-3.9327,-10.7301,-0.0509,0.4286,-1.1449,39
1.184,22,0.9977,-3.1033,-13.8028,-0.7474,-0.1845,0.54,75,1.144,22,0.9918,0.5352,-7.9194,-0.0305,-0.4139,0.0215,86,1.476,28,6.3837,-0.6772,-8.5993,-0.3727,0.8579,0.7022,71,1.845,35,3.3299,-5.8423,-10.821,-0.358,0.0346,-0.2314,39
1.236,23,5.7858,-4.0916,-17.2995,-1.1077,0.2099,0.5034,75,1.196,23,0.8242,0.693,-7.9923,-0.2157,-0.2933,-0.0845,86,1.528,29,9.9249,1.9621,-12.5067,-0.936,0.9666,0.2457,71,1.897,36,7.5476,1.0282,-5.2899,0.2402,-0.6416,-0.2826,39
1.287,24,9.2803,-5.2892,-19.4406,-1.4858,0.5121,0.7951,75,1.248,24,2.5002,0.3871,-7.0723,-0.2029,-0.2452,-0.1244,86,1.579,30,12.5093,4.5767,-12.9158,-0.7173,1.1447,0.1462,71,1.948,37,10.6259,-0.9811,-5.0733,-0.0686,-1.1327,0.3872,39
1.339,25,7.6028,-3.7438,-19.9342,-0.41,1.0562,0.1737,75,1.3,25,6.7446,-0.6606,-7.1086,0.0758,0.153,0.1162,86,1.631,31,12.1371,1.6011,-12.9749,-0.4644,1.2418,-0.343,71,2.001,38,12.8725,-4.1303,-7.5311,-0.0918,-1.091,-0.0966,39
1.391,26,4.4963,-4.0213,-22.5454,-0.5414,1.4533,-0.5484,75,1.352,26,9.8424,0.939,-5.1124,0.6823,-0.0559,0.3244,86,1.683,32,7.0953,0.9991,-14.9607,-0.1177,1.179,-0.4603,71,2.052,39,14.5122,-2.3952,-6.3752,0.3306,-0.2151,-0.7328,39
1.443,27,3.6765,-2.3044,-21.3225,0.2793,0.3913,0.2764,75,1.404,27,9.4957,0.4449,-4.9625,0.1662,0.1291,0.2657,86,1.735,33,5.1761,1.4219,-13.8568,-0.4971,1.5388,-0.5586,71,2.104,40,12.7798,-7.0428,-12.6341,0.7973,0.528,-0.841,39
1.495,28,5.4779,0.2611,-19.259,0.0713,-0.0213,0.343,75,1.456,28,5.3024,0.4898,-5.1974,0.4112,0.2995,0.4,86,1.786,34,4.7864,0.6504,-13.0947,-0.0995,1.544,-0.923,71,2.156,41,9.7652,-1.1881,-10.2474,1.2566,0.0441,-0.1101,39
1.546,29,3.5022,0.1387,-16.0131,-0.2692,-0.6718,0.2185,75,1.507,29,3.7263,1.0626,-5.5157,-0.1345,0.0056,0.5054,86,1.838,35,3.8978,-0.6657,-12.9026,0.6039,1.3815,-1.2664,71,2.208,42,6.2819,-1.279,-10.4403,0.24,-0.0372,0.6,39
1.598,30,4.021,0.9338,-13.3608,-0.7734,-1.0314,0.3411,75,1.559,30,2.4397,1.1365,-6.5053,-0.0304,0.274,0.5047,86,1.89,36,2.4743,-2.918,-15.4191,1.1173,0.6536,-1.3865,71,2.26,43,5.0,-1.0943,-10.1473,-0.0224,-0.1648,0.9283,39
1.65,31,2.5217,0.7004,-13.2585,-1.2419,-1.1389,0.0663,75,1.611,31,1.1379,1.3565,-7.7593,0.0748,0.4733,0.3724,86,1.942,37,7.0716,-5.0371,-8.6695,0.4707,-0.1964,-0.5107,71,2.311,44,3.3259,-0.2106,-10.7024,-0.3804,-0.3337,1.0886,39
1.702,32,6.898,-0.374,-17.5094,-1.0154,-1.5005,0.388,75,1.663,32,0.6634,1.0428,-8.6075,-0.1445,0.4636,0.2333,86,1.994,38,10.4269,-2.5416,-9.3036,0.9895,-0.5591,-0.0487,71,2.363,45,2.0618,-1.3775,-15.6596,-0.6774,-0.6222,1.2807,39
1.754,33,10.0921,-1.0929,-20.7756,-0.2916,-0.9717,-0.0576,75,1.715,33,1.0877,0.1323,-8.6698,-0.4055,0.4682,0.1962,86,2.045,39,12.8758,3.4969,-11.1301,0.3737,-1.0814,-0.0716,71,2.415,46,6.6221,-6.3022,-11.6753,-0.0242,-0.8634,1.2283,39
1.805,34,10.4384,-3.1501,-22.5344,0.3859,-0.0479,-0.5668,75,1.766,34,5.7137,-0.2618,-7.6922,-0.4923,0.3751,0.2311,86,2.097,40,14.6121,0.3872,-10.5554,0.4293,-0.4265,-0.1513,71,2.467,47,9.9504,-9.2351,-12.4887,-0.0413,-0.9659,0.4516,39
1.857,35,6.9665,-2.083,-19.0728,0.9325,0.6475,-1.0888,75,1.818,35,9.09,0.4087,-5.6857,0.1243,0.1139,-0.0534,86,2.149,41,7.5997,-4.9544,-15.7087,-0.3293,0.3671,0.2792,71,2.518,48,10.8214,-1.448,-10.9839,0.4342,-0.02,-0.2663,39
1.909,36,0.7468,-2.6034,-17.0933,0.205,1.155,-0.5987,75,1.87,36,7.6765,-0.6175,-5.3653,-0.2027,0.0663,-0.5248,86,2.201,42,6.7708,-1.9192,-13.1644,0.3522,0.2778,0.7703,71,2.57,49,2.4253,-4.1011,-15.9977,0.9916,-0.0447,-0.3016,39
1.961,37,0.4675,-1.0832,-15.4863,-0.1748,0.4859,0.2397,75,1.922,37,3.0939,-1.5305,-5.2651,-0.0903,-0.22,-0.5722,86,2.253,43,5.41,3.318,-11.3736,-0.4182,0.8529,1.1193,71,2.622,50,4.9822,-1.0746,-10.8694,0.0466,-0.3507,0.4602,39
2.013,38,0.2852,-1.1921,-14.5793,-0.0627,0.7903,0.0823,75,1.974,38,2.97,-0.7536,-5.4883,-0.4558,-0.515,-0.487,86,2.305,44,4.7404,2.8567,-11.9182,0.0007,0.8974,0.974,71,2.674,51,2.3252,-5.1994,-9.6428,-0.2888,-0.6925,0.1295,39
2.064,39,-0.3922,-1.1669,-14.1315,0.1965,1.0825,-0.1749,75,2.025,39,2.2224,-0.7399,-5.7005,-0.7054,-0.4383,-0.3897,86,2.356,45,3.4663,7.4369,-13.7219,0.1533,0.5753,0.639,71,2.726,52,2.8623,-3.0145,-10.0708,0.4026,-0.2132,-0.2912,39
2.116,40,-0.4704,-1.5408,-14.4861,-0.0884,0.4824,0.1364,75,2.077,40,0.9973,-0.5325,-5.7913,-0.8967,-0.1885,-0.4378,86,2.408,46,7.7956,4.3846,-9.1566,0.5035,-0.2535,0.0238,71,2.778,53,2.5742,-5.3228,-9.1202,0.9304,-0.2419,-0.4694,39
2.168,41,4.7143,-1.8984,-15.4611,-0.6802,-0.3173,0.7762,75,2.129,41,0.5249,-0.6255,-6.7384,-0.9467,0.1829,-0.3443,86,2.46,47,6.0324,0.9299,-12.5024,0.2733,0.4933,0.0734,71,2.829,54,4.3169,-2.2959,-6.3065,1.3537,-0.6253,-0.301,39
2.22,42,8.4983,-3.5209,-17.8356,-1.0184,-0.4033,0.9203,75,2.181,42,1.8678,-0.6909,-7.0422,-0.5749,0.4145,-0.1171,86,2.512,48,7.6868,-0.2841,-14.137,-0.07,1.0384,-0.1047,71,2.881,55,8.2679,1.8297,-12.584,0.3928,-0.0982,0.0172,39
2.271,43,10.4812,-3.3408,-19.4912,-0.0689,0.388,0.2073,75,2.233,43,6.2831,-0.3699,-6.2653,0.011,0.8753,0.0399,86,2.564,49,10.8759,2.6688,-10.6122,0.3783,1.4362,-0.633,71,2.933,56,10.5347,-3.8193,-12.5093,0.4166,0.217,-0.1724,39
2.323,44,7.0047,-1.5532,-17.4158,0.0028,0.9656,-0.314,75,2.284,44,9.5056,0.4371,-5.6306,0.2711,0.7114,-0.0999,86,2.615,50,6.1358,-3.2892,-15.7501,0.9526,1.7266,-1.116,71,2.985,57,11.7053,-2.4762,-11.8779,0.1325,0.8433,-0.2303,39
2.375,45,2.8106,-1.6592,-16.6352,0.0411,0.4107,0.2305,75,2.336,45,10.0423,0.188,-5.0692,-0.2141,0.2185,-0.3298,86,2.667,51,9.7439,1.8504,-11.5188,0.261,0.5867,-0.9434,71,3.037,58,7.903,-1.2573,-12.2622,-0.0149,1.3005,-0.2172,39
2.427,46,3.2607,0.1483,-14.6156,-0.1886,-0.3696,0.8449,75,2.388,46,6.317,-1.0358,-6.0991,-0.2096,0.0683,-0.301,86,2.719,52,6.5485,0.587,-9.5449,0.1085,0.0606,-1.0673,71,3.088,59,6.6041,-0.2073,-10.5964,0.6638,1.6224,-0.439,39
2.479,47,2.2265,-0.2971,-13.349,-0.5624,0.2508,-0.0585,75,2.44,47,4.653,-0.4477,-7.3435,0.1986,-0.008,0.0493,86,2.771,53,5.5319,-1.0152,-10.2076,-0.0253,-0.2488,-1.0603,71,3.14,60,5.2176,0.4634,-10.7865,-0.0461,1.8691,-0.4047,39
2.53,48,0.7089,-1.4456,-13.5774,-1.0199,0.7714,-0.4825,75,2.492,48,3.0671,0.1675,-7.8523,0.7181,-0.0793,0.2454,86,2.822,54,4.2602,-1.3147,-11.3159,0.5293,-0.8292,-0.855,71,3.192,61,4.2322,-0.0668,-12.4722,-0.7107,1.967,-0.0604,39
2.582,49,0.7602,-2.3585,-13.8463,-1.1933,0.1759,0.0348,75,2.543,49,1.2614,0.4602,-7.2974,0.5382,-0.1676,0.2241,86,2.874,55,8.375,-6.1966,-5.6747,-0.2062,-1.2069,-0.1008,71,3.244,62,3.3217,0.0321,-13.5247,-1.1958,1.3923,0.4563,39
2.634,50,5.6124,-3.3562,-15.3412,-0.504,-0.541,0.702,75,2.595,50,0.619,0.0058,-6.6172,0.0495,-0.1292,0.1848,86,2.926,56,11.3782,0.8294,-12.1466,-0.823,-1.336,-0.0707,71,3.296,63,2.6636,-5.2733,-17.8521,-0.9974,1.0415,0.7161,39
2.686,51,9.1538,-3.0378,-16.9187,-0.6528,-1.0317,0.4768,75,2.647,51,0.781,0.0332,-5.5627,0.1541,0.2047,0.1966,86,2.978,57,12.364,2.5031,-14.35,-0.7034,-0.5473,-0.112,71,3.347,64,7.0613,-2.1223,-16.5862,-0.2845,0.5187,0.3798,39
2.738,52,11.7384,-1.7532,-17.2319,0.0325,-0.7264,0.17,75,2.699,52,5.4899,0.296,-6.6321,0.7842,0.7541,-0.0374,86,3.03,58,13.5038,0.392,-13.0374,-1.1886,0.2789,-0.0179,71,3.399,65,7.6521,-2.7226,-17.7826,-0.2125,0.9439,-0.0536,39
2.789,53,8.0631,-1.5301,-15.1688,-0.6047,-0.3497,0.1269,75,2.751,53,8.9266,1.5545,-5.4975,1.244,0.3101,0.235,86,3.081,59,5.8854,-4.9509,-10.8183,-1.5427,-0.1907,0.4559,71,3.451,66,10.7021,0.6366,-13.1285,0.5196,1.3739,-0.7105,39
2.841,54,4.4436,-1.8781,-14.4545,0.0592,0.4272,-0.5825,75,2.802,54,9.4211,2.2132,-4.3049,0.5904,-0.134,0.3334,86,3.133,60,9.5546,0.1468,-11.5023,-0.4494,-0.8126,0.7671,71,3.503,67,6.5773,-2.4032,-17.563,1.0539,1.6877,-1.19,39
2.893,55,3.0139,-1.1825,-13.7253,0.6705,-0.1515,0.1537,75,2.854,55,4.1824,1.3548,-4.5182,0.3311,-0.2775,0.1385,86,3.185,61,7.0697,2.2702,-9.5705,-1.0032,-0.6801,1.1919,71,3.555,68,8.0233,-0.5871,-13.2203,0.4715,0.7065,-1.0475,39
2.945,56,2.5386,0.0763,-12.7473,0.623,-0.3846,0.7134,75,2.906,56,2.9819,0.3025,-5.9723,0.0488,-0.5511,0.4337,86,3.237,62,5.5832,2.7994,-8.1543,-0.7358,0.0433,1.0283,71,3.606,69,6.0225,-1.6385,-10.5718,-0.143,0.1962,-1.2026,39
2.997,57,1.4907,-0.018,-12.0146,0.2324,0.1032,0.3413,75,2.958,57,2.0089,0.8114,-6.7769,0.6878,-0.3475,0.7623,86,3.289,63,5.3685,3.7743,-11.1926,-0.8398,0.2883,0.814,71,3.658,70,5.3707,-2.6581,-8.7767,-0.1591,0.0624,-1.2437,39
3.048,58,0.9489,-0.2569,-11.2936,-0.0587,0.0961,0.2257,75,3.01,58,1.0603,1.5845,-6.9332,0.4478,-0.4757,0.6923,86,3.34,64,2.8398,-2.4824,-16.1737,-0.0423,-0.1384,0.5005,71,3.71,71,4.0269,-3.2994,-8.4136,-0.7139,0.0736,-0.8662,39
3.1,59,2.6915,-1.7521,-12.6704,-0.4437,-0.5992,0.7852,75,3.061,59,0.2735,1.662,-7.1913,0.3248,-0.3112,0.5376,86,3.392,65,7.3383,-2.4402,-17.9358,-0.1955,-0.6344,0.6323,71,3.762,72,3.1964,-5.4134,-9.2015,-1.1981,-0.1641,-0.0844,39
3.152,60,7.022,-2.816,-16.7652,-1.0012,-0.8692,0.9072,75,3.113,60,-0.0274,1.5285,-7.286,0.184,-0.2516,0.4324,86,3.444,66,9.959,-4.2231,-20.7714,0.0396,-0.6866,0.3898,71,3.814,73,5.6526,1.3412,-8.9851,-0.3813,0.5652,-0.4535,39
3.204,61,9.422,-3.238,-18.7278,-0.0563,0.0289,0.286,75,3.165,61,4.8999,1.1045,-6.2686,-0.2096,-0.742,0.4771,86,3.496,67,12.1113,-4.4476,-14.7926,-0.0767,0.1593,0.041,71,3.865,74,2.5472,1.6401,-12.831,-0.2401,1.0961,-0.4569,39
3.256,62,6.0591,-2.1111,-19.1279,-0.0929,0.7035,-0.4664,75,3.217,62,8.496,-0.2111,-7.0598,0.3129,-0.2973,0.3828,86,3.548,68,7.8174,-3.5862,-15.387,0.1136,0.5082,-0.0751,71,3.917,75,6.9763,-0.7438,-11.5473,0.3896,1.4757,-0.987,39
3.307,63,0.835,-2.4863,-21.6799,0.2424,0.1491,0.208,75,3.269,63,11.1207,-0.3318,-6.5107,0.07,-0.4033,0.2226,86,3.599,69,7.7277,-1.5516,-12.1893,-0.2009,0.6549,-0.2625,71,3.969,76,8.6289,-0.1315,-13.1519,-0.2832,1.762,-0.6383,39
3.359,64,2.2904,-0.9185,-21.6086,0.8513,-0.5605,0.8285,75,3.32,64,5.6405,-0.3185,-5.72,-0.4628,-0.0822,0.1122,86,3.651,70,6.3496,-1.5159,-10.5907,0.4421,0.9461,-0.8035,71,4.021,77,7.8611,0.5698,-11.6958,-0.2997,0.6192,0.1998,39
3.411,65,0.1301,1.2842,-18.8366,1.2957,0.0531,-0.0587,75,3.372,65,3.9407,-0.3433,-6.1524,-0.5937,-0.0962,0.3554,86,3.703,71,5.0626,-2.0541,-11.4213,0.9992,1.0176,-1.2604,71,4.073,78,4.0808,0.8557,-11.8079,-0.405,0.1699,0.8262,39
3.463,66,2.1692,3.9117,-16.2177,0.3852,-0.6306,-0.3157,75,3.424,66,2.8842,0.8383,-6.9767,-0.2224,0.1153,0.6162,86,3.755,72,3.9985,-2.2219,-13.1519,1.4058,0.5608,-1.5713,71,4.124,79,2.513,0.0787,-11.3525,-0.5172,0.0179,1.2567,39
3.515,67,2.4445,3.3234,-13.91,-0.2967,-1.1296,-0.4719,75,3.476,67,1.3103,1.6547,-7.9,0.2075,0.3616,0.5512,86,3.807,73,2.7806,-3.2871,-17.6037,1.7026,-0.2574,-1.6185,71,4.176,80,2.2113,1.0374,-9.8392,-0.7441,-0.2798,1.4544,39
3.566,68,5.1933,2.516,-14.5593,-0.0662,-1.4937,-1.0195,75,3.528,68,0.8655,1.8081,-9.1261,0.3096,0.4621,0.256,86,3.858,74,7.2952,2.9528,-20.8529,1.412,-0.8613,-1.7474,71,4.228,81,1.1232,-4.5397,-15.1623,-0.64,-0.058,1.4044,39
3.618,69,8.8479,0.5804,-18.3153,0.3782,-1.5026,-1.0845,75,3.58,69,0.4171,0.9186,-9.6615,0.2199,0.5295,-0.0008,86,3.91,75,4.2919,-0.5791,-20.786,1.4053,-0.6369,-0.9805,71,4.279,82,4.6183,-5.8995,-13.6946,-0.0033,0.0238,1.2669,39
3.67,70,11.5152,-1.8325,-21.2783,0.9308,-0.4142,-0.8072,75,3.632,70,5.2243,-0.3911,-8.4055,0.0433,0.3614,-0.0629,86,3.962,76,6.1136,-3.2957,-15.4652,0.7668,0.2135,-0.6464,71,4.331,83,3.3614,-4.258,-16.9881,0.1117,0.3052,0.7194,39
3.722,71,7.4544,0.7574,-17.3647,1.3537,0.3801,-0.8512,75,3.683,71,8.7328,0.2049,-6.3192,0.5391,0.2395,-0.1325,86,4.014,77,3.6071,-6.8998,-19.2921,0.064,0.8342,-0.0238,71,4.383,84,7.5706,-0.5873,-15.9385,0.7562,0.9077,-0.0969,39
3.773,72,4.8488,1.6585,-16.6222,0.3106,0.9598,-0.4841,75,3.735,72,10.5271,0.4622,-4.2143,-0.0595,-0.0694,-0.4445,86,4.066,78,5.1268,-3.598,-15.5125,0.5779,0.5615,0.4963,71,4.435,85,5.7397,0.2703,-19.6138,1.2266,1.3474,-0.6826,39
3.825,73,2.7189,2.1925,-16.2923,-0.4507,1.3829,-0.0519,75,3.787,73,5.5842,-0.6615,-5.5912,-0.4708,0.2101,-0.6744,86,4.117,79,4.7457,2.7259,-13.1969,-0.2512,0.9805,0.9574,71,4.487,86,8.1813,3.5729,-17.989,1.2517,0.3166,-0.5744,39
3.877,74,2.1517,-0.9905,-17.2616,-1.0063,1.2639,-0.0544,75,3.839,74,3.9783,-0.9826,-6.5664,-0.7475,-0.5193,-0.4678,86,4.169,80,4.2827,1.1686,-12.4054,-0.262,0.9148,1.0166,71,4.538,87,4.2683,-1.8234,-15.2577,0.2365,-0.3569,-0.5217,39
3.929,75,1.1689,-1.3377,-17.1651,-0.0601,1.3322,-0.2449,75,3.89,75,2.5413,0.048,-6.8218,-0.7346,-0.5077,-0.1195,86,4.221,81,3.5005,4.7537,-12.3837,-0.1572,0.8394,0.8581,71,4.59,88,3.1814,-2.5188,-12.5199,-0.1162,-0.3205,-0.5684,39
3.981,76,0.1695,-1.2168,-16.5541,-0.4973,0.5281,0.0479,75,3.942,76,0.6548,0.4365,-7.0429,-0.242,-0.1546,-0.161,86,4.273,82,7.8206,0.3518,-6.4541,-0.452,0.1813,1.0882,71,4.642,89,3.4019,-3.8493,-10.5974,0.4436,-0.2914,-0.8223,39
4.032,77,3.3897,-2.6783,-17.6649,-0.6611,-0.2839,0.7116,75,3.994,77,0.32,0.6734,-7.6658,-0.3749,0.007,-0.3859,86,4.325,83,10.9736,5.5981,-11.95,-0.3247,-0.5117,0.3459,71,4.694,90,3.3314,-6.0006,-15.7156,0.9984,0.1108,-0.7932,39
4.084,78,7.5316,-2.7129,-18.2271,-1.1381,-0.7814,0.8092,75,4.046,78,0.2452,-0.1538,-7.938,-0.5834,0.0814,-0.4659,86,4.376,84,13.2747,4.2114,-13.4965,-0.0582,-1.0469,0.49,71,4.745,91,7.5487,-3.4767,-17.1379,0.3469,0.3069,-0.5169,39
4.136,79,10.5545,-3.7387,-19.0046,-0.1563,0.0694,0.3923,75,4.097,79,5.0989,0.0651,-7.0923,-0.1925,-0.06,-0.3022,86,4.428,85,14.1735,2.703,-11.3058,0.0015,-0.0857,0.2284,71,4.797,92,9.9694,-4.4403,-17.7004,0.2028,0.5674,-0.4406,39
4.188,80,7.8764,-1.5006,-17.1937,-0.2449,0.7111,0.0442,75,4.15,80,8.6413,1.083,-6.7007,0.5094,0.1114,-0.3176,86,4.48,86,7.9056,-3.2643,-16.2564,0.658,0.6158,-0.4381,71,4.849,93,11.7177,-2.4275,-14.4743,0.4983,1.0991,-0.6059,39
4.24,81,5.2787,-2.8057,-16.1524,-0.6695,1.2014,-0.6428,75,4.201,81,8.6228,0.7376,-5.9993,-0.2562,-0.0562,-0.5595,86,4.532,87,10.7935,0.8131,-15.1104,-0.0453,-0.2102,-0.3531,71,4.901,94,8.9383,-3.4823,-15.1876,0.4002,1.4871,-0.3508,39
4.291,82,3.7492,-1.412,-14.1384,-0.2065,0.3166,0.0833,75,4.253,82,4.8371,-0.96,-6.9975,-0.4643,-0.0109,-0.6967,86,4.584,88,8.1129,-0.5266,-12.7193,-0.2039,-0.7855,-0.5439,71,4.953,95,8.2836,-3.1992,-10.8305,0.208,1.1242,-0.0717,39
4.343,83,3.0965,-0.9968,-13.2856,-0.3207,-0.2202,0.466,75,4.305,83,3.3068,-1.1851,-8.1297,-0.2471,-0.1941,-0.377,86,4.635,89,5.8829,-0.3956,-12.3435,0.0178,-0.9331,-0.7,71,5.004,96,6.7736,-2.3883,-9.5751,0.5335,1.4234,0.0793,39
4.395,84,2.0623,-1.4768,-13.4462,-0.2108,0.5217,-0.1335,75,4.357,84,1.8055,-0.477,-8.5721,0.0366,-0.1064,-0.0685,86,4.687,90,4.9845,-1.0321,-13.1615,-0.1149,-1.3538,-0.6173,71,5.056,97,5.8421,-0.597,-10.3663,-0.2877,1.7238,0.3291,39
4.447,85,1.188,-1.16,-13.596,-0.2583,0.3793,0.2368,75,4.409,85,0.388,-0.2131,-8.5751,0.0844,-0.109,0.007,86,4.739,91,8.9037,-5.9903,-7.0218,-0.6309,-1.4082,0.0609,71,5.108,98,2.6598,-1.0832,-15.1027,-0.887,1.534,0.7237,39
4.498,86,5.9247,-1.3535,-12.4812,-0.7832,-0.3925,0.8495,75,4.46,86,0.0229,-0.1309,-7.8884,-0.2044,-0.1991,0.0563,86,4.791,92,11.764,-0.6885,-8.2706,-0.0523,-1.6422,0.3449,71,5.16,99,3.2935,4.3987,-16.6685,-0.9424,0.6316,1.0052,39
4.55,87,9.3817,-2.0364,-13.1325,-0.6884,-0.8772,0.6309,75,4.512,87,1.143,-0.2857,-6.6418,-0.2876,0.073,0.1097,86,4.842,93,13.8517,4.8494,-10.8828,-0.6597,-0.955,0.0985,71,5.212,100,7.5211,-2.0865,-19.3219,-1.146,0.0174,1.1476,39
4.602,88,11.9048,-2.2455,-13.5576,-0.3128,-0.7709,0.2861,75,4.564,88,5.7541,0.0564,-6.9905,0.3986,0.6375,0.2059,86,4.894,94,15.3753,0.2463,-14.7561,-1.074,-0.2776,-0.1264,71,5.263,101,10.6065,-6.8196,-17.4036,-0.6135,-0.5787,0.5023,39
4.654,89,8.9258,-1.6779,-12.8313,-0.7178,-0.7732,0.1805,75,4.616,89,9.1195,2.3734,-5.0435,0.9202,0.5203,0.2205,86,4.946,95,7.204,-5.0573,-11.7468,-1.4144,-0.6392,0.3535,71,5.315,102,12.8584,-2.1383,-12.2032,-0.363,0.2626,-0.3048,39
4.706,90,5.7644,-2.3957,-11.9528,-0.4944,0.1033,-0.5283,75,4.668,90,8.4702,1.5673,-5.2759,0.0017,0.3493,-0.1334,86,4.998,96,8.666,-2.2174,-14.8147,-0.3558,-1.1399,0.5702,71,5.367,103,6.6065,-1.7795,-16.8876,0.4097,0.8614,-0.6736,39
4.757,91,1.5424,-1.595,-12.6522,0.1582,0.7578,-0.3134,75,4.719,91,3.2329,-0.3042,-6.407,-0.4592,0.097,-0.1914,86,5.05,97,7.3475,2.9678,-10.7067,-0.6281,-0.8962,1.0937,71,5.419,104,6.7579,-0.2046,-13.8328,0.2348,0.1175,-0.7395,39
4.809,92,1.0548,-0.9707,-12.7746,0.439,0.5117,0.4151,75,4.771,92,3.2051,-0.387,-7.6224,-0.5046,-0.3712,0.2083,86,5.101,98,3.6342,2.0882,-10.071,-1.0454,-0.3716,0.9976,71,5.471,105,5.1406,-0.5387,-11.5457,0.0586,-0.3364,-0.9503,39
4.861,93,0.1324,0.3227,-12.3329,0.1471,0.542,0.4228,75,4.823,93,1.3903,0.0528,-8.3483,0.1842,0.0943,0.387,86,5.153,99,3.3761,2.8286,-10.7108,-0.4479,-0.0498,0.8196,71,5.522,106,4.3008,-1.0894,-9.7265,-0.0562,-0.2261,-1.1491,39
4.913,94,-0.27,0.1405,-11.8406,-0.1895,0.1266,0.3132,75,4.875,94,0.904,0.5367,-8.7002,0.159,-0.117,0.3361,86,5.205,100,7.7298,-1.4359,-5.2332,-0.6642,-0.6231,1.2002,71,5.574,107,4.0453,-1.1152,-8.3602,-0.6872,-0.3899,-0.8775,39
4.965,95,4.8605,-2.5351,-12.6044,-0.8157,-0.5769,0.9052,75,4.927,95,0.3088,0.4184,-9.1304,0.1759,0.0276,0.3467,86,5.257,101,10.9073,-5.3639,-10.4403,-0.7852,-1.1282,1.4408,71,5.626,108,3.4923,-4.6837,-14.0597,-1.1786,-0.5983,-0.2461,39
5.016,96,8.605,-3.1176,-15.1104,-0.8079,-0.7855,0.3839,75,4.978,96,-0.4285,-0.1605,-8.545,0.1246,0.0114,0.3114,86,5.309,102,13.2264,-7.1763,-13.9654,-0.7551,-1.165,0.8463,71,5.678,109,2.0767,-7.5191,-17.2287,-0.2874,0.1384,-0.3996,39
5.068,97,10.3641,-3.3422,-15.1414,-0.0623,-0.232,-0.0901,75,5.03,97,4.6072,-0.6122,-9.2528,0.3998,-0.1862,0.4443,86,5.36,103,13.5642,-4.0253,-12.4844,-0.5082,-0.2741,0.4649,71,5.729,110,0.7981,-5.8109,-17.4,-0.4543,0.7859,-0.3893,39
5.12,98,6.8735,-3.0026,-14.3997,-0.7211,0.5131,-0.7029,75,5.082,98,8.2824,-0.6659,-7.7334,0.5296,-0.2961,0.467,86,5.412,104,9.9111,-6.0281,-14.4497,-0.1583,0.4783,-0.2049,71,5.781,111,5.6764,-3.5596,-13.6347,0.3096,1.2586,-0.835,39
5.172,99,-0.2589,-3.919,-16.0643,0.072,1.0277,-0.1004,75,5.134,99,9.4403,-1.9501,-6.5624,-0.2935,-0.3131,0.3017,86,5.464,105,9.2692,0.0034,-11.5127,-0.3949,0.2549,-0.5056,71,5.833,112,5.49,-7.2604,-17.9324,0.7648,1.6035,-0.4795,39
5.224,100,0.4803,-1.6181,-15.718,0.6507,0.0807,0.6034,75,5.186,100,4.7094,-1.5184,-5.7241,-0.1759,-0.1867,0.4562,86,5.516,106,7.8099,0.6394,-9.7655,0.0329,0.5084,-0.9949,71,5.885,113,7.5179,-6.9696,-14.9541,0.3129,0.6126,0.3304,39
5.275,101,-0.3629,-0.8603,-13.3626,0.0576,0.2544,-0.2055,75,5.237,101,3.7836,0.2589,-6.094,-0.6409,-0.514,0.805,86,5.568,107,6.1981,-0.4392,-12.1331,0.321,0.7243,-1.3871,71,5.937,114,6.1876,-4.8966,-12.8437,-0.4487,-0.0698,0.9215,39
5.327,102,-0.8697,-0.626,-12.06,0.2456,0.1862,-0.2715,75,5.289,102,2.0903,2.3197,-6.9795,-0.109,-0.1168,0.8471,86,5.619,108,4.9374,-2.3012,-14.7663,0.2714,-0.1098,-1.281,71,5.988,115,4.1851,-3.427,-11.3431,-1.0045,-0.4013,1.3529,39
5.379,103,-1.0137,0.4229,-11.7154,0.1049,-0.0481,-0.2016,75,5.341,103,0.8097,2.931,-7.8915,-0.3715,-0.1739,0.5387,86,5.671,109,8.8693,-6.9166,-8.1931,-0.3759,-0.5121,-0.4351,71,6.04,116,3.3629,-2.4833,-10.8544,-0.5747,-0.4365,1.5473,39
5.43,104,1.9887,-2.1834,-16.5469,-0.1757,-0.7026,0.0446,75,5.393,104,0.1605,2.109,-8.7569,-0.5712,0.091,0.2208,86,5.723,110,11.739,-3.6575,-9.8789,-0.3562,0.1689,-0.5606,71,6.092,117,7.5717,3.4797,-5.3143,0.0465,-0.9854,0.6887,39
5.482,105,6.509,-0.5731,-18.7145,-0.436,-1.0162,0.0683,75,5.445,105,2.6373,0.2789,-9.1964,-1.0198,-0.2765,0.0384,86,5.775,111,13.8334,1.7588,-11.9292,-0.2397,0.1619,-0.8329,71,6.144,118,10.6435,0.1539,-7.3977,0.3701,-0.4988,0.8476,39
5.534,106,9.8082,-2.7476,-19.5602,0.2727,-0.2185,-0.1269,75,5.496,106,6.8447,-2.3003,-9.7741,-0.4774,-0.0376,0.0426,86,5.827,112,15.3619,0.8183,-11.1829,-0.143,0.5292,-0.3622,71,6.195,119,10.5962,-4.4758,-9.411,-0.1206,-0.5514,0.2932,39
5.586,107,6.7681,-1.7461,-17.3141,0.6549,0.5229,-0.4577,75,5.548,107,9.9154,-1.9818,-7.3887,0.1569,-0.0773,-0.1252,86,5.878,113,9.8595,-4.6398,-14.0547,0.0223,0.7786,0.1396,71,6.247,120,12.8508,1.4713,-9.7694,0.5855,0.2825,-0.3457,39
5.638,108,3.3695,-1.609,-15.7803,0.1534,1.0641,-0.4802,75,5.6,108,8.6461,-2.5581,-6.5158,0.0109,0.0896,-0.5443,86,5.93,114,6.8947,-1.1029,-12.0837,0.6928,1.2456,0.4475,71,6.299,121,7.087,0.8744,-15.1113,1.102,-0.2823,-0.4751,39
5.689,109,2.4555,-0.6108,-14.0849,-0.2081,0.2911,0.3262,75,5.652,109,3.5826,-1.8403,-6.0269,-0.3334,-0.1568,-0.3895,86,5.982,115,6.0528,1.9201,-12.2134,-0.1696,1.5875,0.7482,71,6.351,122,7.8665,2.4271,-11.7225,0.316,-0.7054,-0.5839,39
5.741,110,1.4191,0.1797,-12.7194,-0.1019,0.4158,0.1527,75,5.704,110,3.0264,-0.0006,-6.3785,-0.282,-0.1651,0.0272,86,6.034,116,5.3647,3.3277,-13.6166,-0.5082,1.2787,0.8941,71,6.403,123,6.2479,0.9452,-9.7814,0.859,-1.166,-0.9762,39
5.793,111,0.4498,-0.3178,-12.2922,-0.0534,0.5669,0.0446,75,5.756,111,1.405,0.984,-7.0872,-0.1787,0.1627,-0.2289,86,6.086,117,1.2117,-2.8084,-17.9429,0.2893,1.3047,0.1216,71,6.455,124,6.013,0.4131,-7.6093,0.4801,-0.7267,-1.1522,39
5.845,112,0.5122,-0.1422,-12.8238,-0.1598,0.0679,0.3386,75,5.807,112,0.4512,0.5709,-7.9411,-0.3415,0.1666,-0.4683,86,6.137,118,6.1501,-2.1653,-21.0535,0.1655,0.2948,0.4329,71,6.506,125,5.3903,-3.7068,-5.7349,0.2157,-0.4134,-1.1709,39
5.896,113,5.4314,1.6469,-16.0595,-0.794,-0.6198,0.9237,75,5.859,113,0.2277,-0.0996,-8.6126,-0.2292,0.4984,-0.5581,86,6.189,119,4.9817,-6.8174,-22.7005,0.2239,0.2377,0.0639,71,6.558,126,9.0514,1.1968,-4.3011,0.6855,-0.8972,-1.1227,39
5.948,114,9.0217,-1.1726,-17.9791,-0.154,0.041,0.3036,75,5.911,114,4.5933,-1.1596,-7.5622,-0.3673,-0.1001,-0.4614,86,6.241,120,8.9016,-5.2726,-18.8214,0.5191,0.8126,-0.238,71,6.61,127,11.7234,-0.2419,-8.4531,-0.1703,-0.2394,-0.7111,39
6.001,115,9.3516,0.7441,-18.2106,0.5347,0.7048,-0.0814,75,5.963,115,8.2723,-1.2893,-7.5519,0.4036,0.4131,-0.5408,86,6.293,121,8.4843,-3.6126,-21.7415,1.0481,1.0901,-0.8399,71,6.662,128,13.6735,1.4536,-7.8592,0.4743,0.4009,-0.8003,39
6.052,116,6.1048,-0.9079,-17.685,-0.1604,1.1968,-0.7345,75,6.014,116,10.5092,-0.101,-5.6054,0.2525,0.0315,-0.4365,86,6.344,122,9.3128,-0.4198,-18.167,0.9633,0.1222,-0.3625,71,6.713,129,9.5654,1.9922,-9.9002,-0.255,0.9776,-0.3667,39
6.104,117,1.7716,0.4492,-17.8014,0.368,0.4371,-0.0329,75,6.066,117,6.8687,-1.2402,-5.3985,-0.4957,-0.1626,-0.5526,86,6.396,123,4.0439,0.237,-14.7697,0.0278,0.5936,-0.6154,71,6.765,130,7.3778,1.516,-9.6957,0.4886,1.3984,-0.3726,39
6.156,118,1.8508,1.1812,-16.0327,0.2495,-0.3503,0.6526,75,6.118,118,3.9117,-1.6312,-6.3676,-0.8534,-0.4597,-0.3459,86,6.448,124,3.4122,0.8508,-15.7117,0.3951,0.5142,-0.8943,71,6.817,131,6.3694,2.2,-8.803,0.364,1.7056,-0.376,39
6.207,119,1.1553,1.0484,-14.0007,-0.0929,-0.1127,-0.0504,75,6.17,119,2.8548,-1.0797,-7.1944,-0.3072,-0.3533,0.0148,86,6.5,125,1.5778,-1.3747,-16.8691,0.3922,-0.1489,-0.7128,71,6.869,132,5.9271,2.3926,-9.911,-0.4114,1.8633,-0.0314,39
6.259,120,0.361,-1.3542,-12.9084,0.1924,0.3991,-0.3982,75,6.222,120,1.71,-0.2138,-7.7221,0.1987,-0.1084,0.1288,86,6.552,126,6.4173,-6.2404,-9.7277,-0.3886,-0.331,0.1574,71,6.921,133,4.1629,2.416,-11.9465,-0.9773,1.7293,0.3359,39
6.311,121,1.6744,-1.1161,-13.0964,0.8113,-0.3399,0.386,75,6.273,121,1.0594,-0.2023,-8.0803,0.4227,0.1933,0.1719,86,6.604,127,8.4988,0.7974,-15.1046,-0.9534,-0.7722,-0.0875,71,6.972,134,3.9675,-3.5335,-16.7002,-1.1974,1.5691,0.699,39
6.363,122,6.2796,1.344,-13.4776,0.1812,-0.4115,0.2182,75,6.325,122,1.0648,-0.0335,-8.0068,0.3229,0.6193,0.3004,86,6.655,128,10.9339,3.4054,-18.7789,-0.7601,-0.4922,0.04,71,7.024,135,8.0129,-7.8757,-14.2643,-0.7907,0.6754,1.0219,39
6.415,123,9.6408,-1.3436,-15.1699,-0.0228,-0.1969,-0.302,75,6.377,123,5.697,0.9926,-6.4513,0.9053,0.9092,0.3456,86,6.707,129,13.2458,-2.7517,-13.6005,-1.094,0.3192,0.1606,71,7.076,136,10.8034,-10.4333,-14.3803,-0.9066,-0.0899,0.6169,39
6.466,124,6.8917,0.5254,-14.4901,-0.623,-0.2784,-0.2694,75,6.429,124,9.0778,2.0431,-4.4565,0.9512,0.6754,0.1088,86,6.759,130,4.5748,-7.2453,-17.9311,-1.4737,0.9113,0.1702,71,7.128,137,13.0021,-5.6208,-12.24,-0.3029,0.6193,-0.2151,39
6.518,125,4.1436,-1.0303,-12.7459,-0.7839,0.4792,-0.8716,75,6.481,125,10.4195,1.0455,-2.0385,0.0142,-0.0925,-0.4021,86,6.811,131,7.3244,-6.5455,-18.6814,-0.399,-0.0083,0.793,71,7.179,138,11.5217,-6.6283,-16.9145,0.3793,1.137,-0.808,39
6.57,126,2.1091,-0.5604,-11.9533,-0.7336,-0.054,-0.0295,75,6.533,126,5.6274,-0.5826,-2.711,0.0209,0.1785,-0.3998,86,6.863,132,6.2509,0.5747,-12.8807,-0.0739,0.2865,1.2565,71,7.231,139,10.5314,0.3517,-12.067,0.358,0.163,-0.769,39
6.622,127,2.3159,0.1398,-11.6234,-0.5939,-0.5296,0.6443,75,6.584,127,4.7272,0.1445,-5.4757,-0.1244,0.3225,-0.0396,86,6.914,133,4.7804,1.1191,-10.9341,-0.479,0.8674,1.2784,71,7.283,140,7.8166,-1.082,-11.4084,-0.4158,-0.1749,-0.6257,39
6.674,128,1.2998,0.4616,-11.717,-0.7211,0.2959,0.1573,75,6.636,128,2.469,1.5752,-8.4838,-0.7708,0.0618,-0.2613,86,6.966,134,5.8242,2.1368,-12.7864,-0.6273,1.1917,1.2883,71,7.335,141,5.4098,-1.0525,-10.3705,-0.6366,0.1005,-0.7211,39
6.725,129,-0.7666,-0.2514,-12.045,-0.3517,0.44,0.2031,75,6.688,129,2.2431,1.4893,-10.6863,-1.2426,-0.4719,-0.6001,86,7.018,135,3.1687,-3.1909,-17.3369,-0.0378,0.4208,0.8931,71,7.386,142,4.6913,-3.369,-11.0757,0.2101,-0.0015,-1.022,39
6.777,130,1.9487,-0.4686,-12.9139,0.0968,-0.3482,0.4447,75,6.74,130,1.1061,0.825,-10.749,-0.5968,-0.5738,-0.572,86,7.07,136,5.6769,-3.9098,-20.6454,0.2462,0.1943,0.789,71,7.438,143,3.6225,-3.92,-16.0648,0.572,-0.1471,-0.6293,39
6.829,131,6.4799,-2.9886,-16.4505,-0.6067,-0.7197,0.2394,75,6.792,131,1.3183,0.0817,-9.1593,-0.2054,-0.6927,-0.4659,86,7.122,137,9.409,-4.5344,-21.7623,0.1307,0.1893,0.4939,71,7.49,144,7.7611,-3.9435,-11.6743,0.7543,0.4542,-0.5252,39
6.881,132,9.7869,-2.7847,-17.5472,-0.0299,-0.1525,-0.1545,75,6.843,132,5.882,-1.2491,-7.0556,-0.2654,-0.7666,-0.2143,86,7.173,138,11.2316,-3.5277,-17.6822,0.0362,0.7358,0.0444,71,7.542,145,1.1875,-7.0636,-16.5016,0.5426,0.968,-0.5697,39
6.933,133,6.5365,-2.9029,-16.6659,-0.6992,-0.0122,0.15,75,6.895,133,9.2129,1.0746,-7.5826,0.4237,-0.4929,0.1078,86,7.225,139,8.1558,-3.8641,-17.4425,0.2785,1.0896,-0.4168,71,7.594,146,5.984,-5.7084,-15.5027,0.9913,1.1528,-0.9501,39
6.984,134,3.0078,-3.5289,-15.2957,-0.0075,0.6435,-0.1843,75,6.947,134,11.6438,0.567,-7.6389,0.14,-0.4883,0.132,86,7.277,140,9.061,-0.0246,-12.2672,0.1749,0.1291,-0.7709,71,7.645,147,8.3466,-3.265,-14.403,0.0464,1.5263,-0.5637,39
7.036,135,1.9304,-1.1125,-14.3398,0.6464,0.5431,0.1596,75,6.999,135,7.5568,0.5475,-7.2318,0.4521,-0.2211,0.3309,86,7.329,141,7.8217,0.2948,-9.9657,-0.5476,0.5308,-0.8751,71,7.697,148,6.9433,-5.0599,-13.2947,-0.6432,0.4475,0.2524,39
7.088,136,0.6184,-0.3537,-13.2529,0.505,0.5368,0.2788,75,7.051,136,5.2972,1.1376,-6.7437,-0.1526,-0.4526,0.4405,86,7.38,142,6.8032,0.3852,-10.3256,-0.2783,0.8875,-1.1397,71,7.749,149,5.8776,-4.6916,-11.7543,-0.5503,-0.2376,0.8645,39
7.14,137,0.4522,1.0985,-12.2757,0.5915,0.4711,0.2798,75,7.103,137,2.981,1.5125,-8.2051,-0.3854,-0.1594,0.3934,86,7.432,143,4.9122,-1.5534,-13.027,0.4572,0.5555,-1.4518,71,7.801,150,4.8043,-2.1402,-10.5926,0.273,-0.2734,1.2009,39
7.191,138,-0.5513,1.0402,-11.7889,0.404,0.2962,-0.0723,75,7.154,138,1.1222,1.7361,-8.4394,-0.5224,-0.3909,0.2594,86,7.484,144,3.0582,-3.525,-17.5126,1.0102,-0.0997,-1.6917,71,7.852,151,3.9582,-0.7497,-9.6809,0.4705,-0.4187,1.4111,39
7.243,139,0.6399,0.4382,-12.79,0.2143,-0.4014,-0.2602,75,7.206,139,0.3804,1.7223,-8.3012,-0.3197,-0.3072,0.2507,86,7.536,145,4.5802,2.7792,-20.7863,0.1064,-0.6531,-1.204,71,7.904,152,2.7437,-5.8439,-15.0467,0.5193,0.1866,0.8772,39
7.295,140,5.5246,0.8468,-17.3312,-0.521,-0.7194,-0.4087,75,7.258,140,0.103,1.38,-8.5044,-0.2116,-0.1025,0.1401,86,7.588,146,3.6932,-3.2086,-17.9109,0.412,-0.0435,-0.9924,71,7.956,153,7.1197,-3.9498,-12.8278,0.5487,0.1771,0.4959,39
7.347,141,9.0897,-1.2651,-19.119,0.2495,-0.2168,-0.542,75,7.31,141,4.995,-0.202,-10.7999,-0.0241,-0.2237,0.2441,86,7.639,147,6.3561,-5.7384,-13.265,0.2603,0.6466,-0.7271,71,8.008,154,3.0064,-0.9299,-17.2976,0.6544,0.8142,0.145,39
7.399,142,6.2716,-0.6514,-17.3216,0.847,0.5242,-0.7334,75,7.362,142,8.5655,-0.942,-9.6965,0.6541,-0.1571,0.1763,86,7.691,148,4.8666,-7.3716,-15.7879,-0.371,1.1503,-0.5517,71,8.06,155,7.3115,0.1001,-15.6419,1.1523,1.2064,-0.5655,39
7.451,143,3.5162,-1.5078,-15.4273,0.7107,1.065,-1.2045,75,7.413,143,11.1714,-3.3595,-8.4986,-0.0517,-0.3261,-0.1604,86,7.743,149,5.0308,-6.609,-14.3533,0.2769,0.8876,0.1769,71,8.111,156,5.7635,-4.8841,-19.3974,1.5157,1.5654,-1.0841,39
7.502,144,1.8739,-0.014,-13.7273,0.1379,0.1079,-0.2037,75,7.465,144,6.1215,-1.7873,-8.0862,-0.2511,-0.1112,-0.0054,86,7.795,150,5.0443,-2.5231,-13.4481,0.6201,0.5401,0.6683,71,8.163,157,8.9996,0.6911,-17.0157,0.6021,0.4757,-0.3491,39
7.554,145,1.415,1.0512,-12.7017,-0.0989,-0.4467,0.2385,75,7.517,145,4.1361,-0.859,-7.8913,-0.8633,-0.4546,0.1997,86,7.847,151,4.265,0.3304,-12.7181,0.6679,0.3955,0.9239,71,8.215,158,5.8575,-2.1158,-15.5711,-0.2376,-0.3196,-0.2736,39
7.606,146,0.9195,0.8576,-11.9098,-0.2306,-0.0633,-0.0515,75,7.569,146,2.6999,-0.171,-7.7766,-0.5498,-0.2955,0.258,86,7.899,152,3.5438,2.8378,-13.177,0.3872,0.2095,0.9173,71,8.267,159,4.7178,-2.3816,-12.8765,0.2005,-0.7556,-0.4283,39
7.658,147,0.1358,-0.0548,-12.721,-0.2626,0.3462,-0.3183,75,7.621,147,0.6867,0.4727,-7.6055,-0.129,-0.0414,0.157,86,7.95,153,7.8522,7.3526,-7.0331,0.2957,-0.5205,1.3472,71,8.319,160,4.2062,-1.3019,-9.2751,0.5021,-0.6114,-0.689,39
7.709,148,3.654,0.1988,-14.8501,-0.5642,-0.4167,0.1195,75,7.672,148,0.3495,0.7671,-7.8301,-0.3169,-0.0201,0.0299,86,8.002,154,10.9926,7.3879,-7.7719,0.3469,-0.0562,1.2929,71,8.37,161,4.2516,-5.313,-14.7506,0.8599,0.0592,-1.0593,39
7.761,149,7.7245,0.908,-16.836,-0.867,-0.1187,0.096,75,7.724,149,0.7441,-0.3018,-8.7118,-0.1808,0.1388,-0.073,86,8.054,155,13.2886,4.3272,-8.5694,0.0262,-0.6446,1.1036,71,8.422,162,8.2203,-0.3552,-14.988,1.1827,0.4571,-0.9446,39
7.813,150,10.6953,1.0613,-19.2096,0.0416,0.5958,-0.2434,75,7.776,150,5.463,-1.7039,-9.2366,0.528,0.5594,0.0485,86,8.106,156,14.9644,5.2117,-9.5332,0.5,-0.0373,0.1949,71,8.474,163,10.1876,-5.556,-15.0549,0.7837,0.7425,-0.7851,39
7.865,151,7.2069,1.9331,-17.277,-0.0668,1.0701,-0.2715,75,7.828,151,8.907,-1.5692,-8.0146,1.0559,0.5733,-0.1919,86,8.158,157,8.5717,0.5687,-14.9627,0.881,0.6511,-0.3074,71,8.526,164,11.9802,-2.7333,-14.2013,0.607,1.1883,-0.7462,39
7.917,152,3.0564,-1.8328,-16.1868,0.0,1.4635,-0.8733,75,7.88,152,7.1661,-2.8751,-7.722,0.2232,0.5149,-0.5622,86,8.209,158,11.2141,3.8362,-13.0641,0.6215,-0.1982,-0.4747,71,8.577,165,6.4239,-0.3239,-13.6966,-0.0534,1.552,-0.3364,39
7.968,153,2.1173,0.2667,-14.5733,0.0993,0.3988,0.0233,75,7.931,153,4.0108,-2.2702,-7.9214,-0.2632,0.1875,-0.3067,86,8.261,159,8.3725,1.2471,-10.9954,0.3098,-0.7463,-0.6325,71,8.629,166,4.4182,0.2666,-12.0376,0.6357,1.8177,-0.4243,39
8.02,154,1.3892,1.744,-13.3528,-0.2941,-0.152,0.2085,75,7.983,154,3.8268,-1.4569,-8.4378,0.3184,0.1646,0.1653,86,8.313,160,6.026,0.5383,-9.9495,0.1182,-1.007,-0.7974,71,8.681,167,4.0075,0.2791,-10.876,0.2027,2.0116,-0.3447,39
8.072,155,0.9542,0.3463,-12.7891,-0.5626,0.0013,-0.519,75,8.035,155,1.9762,-0.3932,-8.626,0.2431,0.2676,0.1847,86,8.365,161,4.8323,-0.0468,-8.9275,0.1819,-1.1468,-0.8041,71,8.733,168,4.203,1.3982,-11.5255,-0.5291,2.1531,0.1418,39
8.124,156,1.0919,0.6029,-12.4482,-0.1379,-0.5693,-0.359,75,8.087,156,0.995,-0.6454,-8.9449,0.1414,0.1145,0.1787,86,8.417,162,8.6072,-1.0075,-11.4293,0.7074,-1.389,-0.7733,71,8.785,169,2.785,1.6754,-13.1299,-0.8604,1.725,0.359,39
8.176,157,5.8545,0.5381,-14.5844,-0.224,-0.9348,-0.5115,75,8.139,157,0.3689,-0.3887,-8.7791,0.5715,0.2474,0.3259,86,8.468,163,9.3118,-5.9724,-15.1954,0.8106,-0.4847,-0.7901,71,8.836,170,7.1499,6.5149,-7.4458,-0.2095,0.5922,0.0607,39
8.227,158,9.3305,1.8858,-16.9797,-0.6461,-0.6726,-0.3067,75,8.19,158,3.3227,-0.5488,-7.2721,0.9802,-0.1596,0.4065,86,8.52,164,12.0619,-3.3973,-13.6788,-0.0343,0.2136,-0.8093,71,8.888,171,10.3356,-0.5419,-8.7081,-0.5921,0.2995,0.3889,39
8.279,159,9.7385,0.4583,-17.9762,0.1824,0.0726,-0.3001,75,8.242,159,7.345,-2.9242,-7.1492,1.3869,-0.0765,0.0504,86,8.572,165,10.5011,-5.2891,-17.9883,-0.7002,0.8343,-0.2865,71,8.94,172,12.6607,-4.1224,-9.5725,-0.5163,0.5291,-0.2407,39
8.331,160,6.6101,1.3161,-16.493,0.5084,0.7133,-0.1751,75,8.294,160,10.2806,-2.1296,-5.12,0.4858,-0.6624,-0.0838,86,8.624,166,9.077,-9.0973,-17.3894,-0.0144,-0.0645,0.4543,71,8.992,173,12.8929,1.8686,-9.3424,0.0193,1.0711,-0.7992,39
8.383,161,2.8817,1.1093,-15.3939,-0.0522,1.0991,-0.6778,75,8.346,161,6.5142,-2.9712,-5.6669,-0.29,0.1602,-0.253,86,8.675,167,9.4856,-1.6865,-15.6995,0.666,-0.7205,0.8967,71,9.043,174,6.153,0.454,-13.512,0.6888,0.9054,-1.0151,39
8.434,162,1.7488,1.7086,-13.2224,0.3685,0.4712,0.0997,75,8.398,162,4.4408,-2.3315,-6.9211,-0.457,-0.4801,0.0549,86,8.727,168,6.9712,-0.9731,-13.2682,-0.189,-0.2398,1.1535,71,9.095,175,4.7693,0.6468,-10.3993,-0.0957,0.181,-0.8074,39
8.486,163,0.966,2.0204,-12.3231,0.353,0.6163,0.0314,75,8.449,163,2.8022,0.6844,-7.5743,-1.0134,-0.6086,0.3658,86,8.779,169,5.4167,-0.2788,-13.3412,0.1996,0.0254,1.0192,71,9.147,176,4.1054,1.1653,-8.427,-0.7469,-0.0815,-0.7068,39
8.538,164,-0.0054,1.3315,-12.9235,-0.0901,1.1322,-0.3619,75,8.501,164,1.3529,0.2255,-8.836,-1.4197,-0.7689,0.1718,86,8.831,170,3.7295,-0.4591,-17.7419,0.1628,0.2428,0.8519,71,9.199,177,2.7967,-0.2547,-8.3377,-1.2222,0.1161,-0.6633,39
8.59,165,1.1085,-0.6057,-12.508,0.0597,1.1012,-0.2325,75,8.553,165,0.7075,0.1868,-9.4809,-1.1483,-0.8299,0.0845,86,8.883,171,6.4458,-0.6917,-19.7638,-0.0282,0.3237,0.1848,71,9.251,178,1.5243,-3.6419,-9.6181,-1.2439,0.0694,-0.4549,39
8.642,166,5.8666,3.1534,-13.8253,0.7179,0.1344,0.507,75,8.605,166,0.1263,0.5672,-9.4995,-0.916,-0.6626,0.0226,86,8.935,172,6.8728,4.7422,-20.4482,-0.667,0.5019,0.3682,71,9.302,179,6.2298,2.6341,-13.3394,-0.4586,-0.2508,-0.1633,39
8.693,167,9.3393,1.8156,-16.8108,-0.1534,0.0128,0.5173,75,8.657,167,4.7357,-0.6865,-10.2425,-0.6521,-1.1263,0.0679,86,8.986,173,10.0066,2.3701,-18.6818,-0.3388,0.8832,-0.0202,71,9.354,180,9.6641,3.4815,-15.2307,-0.9771,0.118,0.1923,39
8.745,168,7.6476,2.1751,-16.9798,-0.1001,0.2369,0.7592,75,8.709,168,8.3762,-0.9726,-12.5629,0.1958,-0.919,-0.14,86,9.038,174,9.2655,1.8625,-18.3797,-0.4975,1.3038,-0.4561,71,9.406,181,12.1705,2.3313,-14.803,-0.3119,0.4384,-0.4334,39
8.797,169,3.7989,1.2255,-15.8545,0.4586,0.847,0.0945,75,8.76,169,11.0332,-2.8431,-13.0312,-0.5371,-0.9381,-0.2171,86,9.09,175,6.1571,2.8234,-16.117,-0.9123,0.4436,-0.5231,71,9.458,182,13.6972,2.4466,-11.8181,-0.2968,1.0049,-0.561,39
8.849,170,0.125,0.8499,-14.2551,0.8745,1.2581,-0.2074,75,8.812,170,7.6852,-3.1776,-11.3961,0.2797,-0.0117,-0.2319,86,9.142,176,4.1573,1.8822,-14.1289,-0.9474,0.9258,-0.8901,71,9.51,183,8.8813,-3.5112,-16.6065,0.4581,1.4184,-0.5728,39
8.901,171,0.5592,1.1534,-13.0005,0.89,0.2489,0.3528,75,8.864,171,4.8734,-2.3592,-10.2062,0.0097,-0.4343,0.1353,86,9.193,177,3.5206,1.787,-13.3829,-0.0247,1.0364,-1.2739,71,9.561,184,7.5392,-2.9767,-13.994,0.1496,1.1746,0.2623,39
8.953,172,0.6625,2.2241,-10.7577,0.726,-0.0013,-0.2732,75,8.916,172,3.7088,-1.0981,-9.7058,-0.1113,-0.0972,0.4216,86,9.245,178,3.0662,-1.0528,-14.4152,0.6323,0.7805,-1.5772,71,9.613,185,6.3707,-2.6762,-12.3845,-0.5679,0.5822,0.8718,39
9.004,173,0.3567,2.4145,-8.7284,0.4907,-0.0323,-0.4592,75,8.968,173,1.7128,0.3408,-9.8167,-0.0069,0.1288,0.3779,86,9.297,179,2.3216,-2.383,-16.105,1.1279,-0.0669,-1.5511,71,9.665,186,4.6374,-1.3262,-11.8276,-0.8681,0.3078,1.3007,39
9.056,174,1.1145,2.9317,-10.2296,0.1509,-0.1347,-0.587,75,9.019,174,0.7519,1.2569,-10.0471,-0.249,-0.0267,0.2808,86,9.349,180,4.2988,-6.9762,-17.4491,1.3943,-0.2022,-0.8663,71,9.717,187,4.5085,-1.2325,-11.8491,-0.6247,-0.1151,1.4178,39
9.108,175,5.871,3.6554,-15.4625,-0.3305,-0.0037,-0.9344,75,9.071,175,0.0172,1.8003,-10.6327,-0.542,0.0256,0.1315,86,9.401,181,-0.7891,-10.3286,-19.203,0.7741,0.527,-1.2836,71,9.768,188,8.4078,4.3926,-6.0402,-0.0274,-0.7508,0.7068,39
9.16,176,9.3425,2.2641,-19.2817,0.1644,0.4101,-1.1354,75,9.123,176,2.0466,0.6186,-11.6365,-0.7835,-0.479,0.1309,86,9.453,182,4.6898,-5.8667,-20.1355,0.5138,0.9881,-1.0305,71,9.82,189,11.2537,-2.0909,-7.8067,0.1627,-1.1909,1.1235,39
9.212,177,8.5802,1.1045,-18.3628,0.7815,0.9772,-1.235,75,9.175,177,6.4136,-2.4658,-14.4336,0.0792,-0.2375,0.0193,86,9.504,183,7.6871,-6.1153,-18.2416,0.512,1.186,-0.7231,71,9.872,190,13.3307,-5.66,-8.9433,0.1207,-0.7593,0.4227,39
9.263,178,5.4001,0.6252,-14.8496,0.8534,1.3956,-1.2126,75,9.227,178,9.6008,-4.9629,-13.3026,-0.6222,-0.5889,-0.1962,86,9.556,184,4.1563,-9.3389,-18.3787,0.5174,1.5198,-0.1231,71,9.924,191,13.0492,-2.6213,-14.5084,0.7628,0.1308,-0.176,39
9.315,179,1.7793,1.717,-13.4814,0.2434,0.9437,-0.2786,75,9.278,179,6.3718,-4.8473,-11.1762,0.0372,0.2313,-0.303,86,9.608,185,3.3942,-4.9519,-16.0456,1.0542,1.3119,0.3099,71,9.975,192,8.6166,-0.1355,-15.6669,1.2245,-0.5713,0.0185,39
9.367,180,1.1474,1.9262,-12.5102,-0.0037,0.5897,0.1467,75,9.33,180,4.7428,-3.0344,-9.1317,-0.028,-0.3126,-0.0172,86,9.66,186,2.6225,0.3373,-14.3349,0.0942,1.6358,0.8386,71,10.027,193,5.6615,-0.6192,-14.6305,0.2166,-1.0127,0.2361,39
9.419,181,0.4861,1.3571,-12.4872,-0.2551,0.8346,0.0961,75,9.382,181,2.8558,-1.1449,-8.5924,0.3566,0.188,0.0281,86,9.712,187,2.8256,1.83,-14.2968,0.0238,1.2479,0.8533,71,10.079,194,3.5382,-1.3463,-11.8183,0.0184,-1.1008,-0.1558,39
9.471,182,-0.4199,0.7176,-13.0285,-0.1639,0.8271,0.1234,75,9.434,182,1.5166,-0.2686,-9.4094,-0.1393,0.405,-0.1293,86,9.763,188,-1.2,-3.9014,-18.4393,0.5962,1.4608,0.1241,71,10.131,195,3.3207,-1.4402,-10.429,0.3142,-0.8544,-0.7601,39
9.522,183,-0.3287,0.5219,-14.2357,-0.4158,-0.0101,0.2984,75,9.486,183,0.788,-0.0347,-9.9996,-0.2042,0.3568,-0.1495,86,9.815,189,4.39,-1.2311,-20.5516,0.3607,0.5204,0.1648,71,10.183,196,4.1296,-4.3405,-7.2235,0.904,-0.6084,-1.2147,39
9.574,184,4.8177,2.177,-17.8227,-0.9067,0.2125,0.366,75,9.538,184,0.4911,-0.1953,-10.5654,-0.0313,0.3839,-0.1652,86,9.867,190,3.9167,-4.0204,-22.1732,0.2355,0.0491,0.1472,71,10.234,197,8.1313,-0.7771,-2.6643,0.6392,-1.1108,-1.186,39
9.626,185,8.5738,0.906,-21.0043,-0.4893,0.6342,0.1373,75,9.589,185,5.2783,-2.4069,-11.6322,-0.2409,-0.2222,-0.0122,86,9.919,191,6.1522,-3.4223,-17.3043,0.4865,0.7142,-0.2804,71,10.286,198,11.0519,-1.0587,-6.981,0.0228,-1.4773,-0.4671,39
9.678,186,7.843,3.1928,-20.0502,0.0193,1.1453,0.1058,75,9.641,186,8.7723,-4.0531,-13.4396,0.3286,-0.3519,-0.0072,86,9.971,192,3.9344,-1.5477,-20.6343,1.0264,1.1996,-0.7558,71,10.338,199,13.1834,1.0626,-6.4548,0.3257,-0.5226,-0.635,39
9.729,187,4.7212,2.4894,-17.9193,-0.3703,1.5183,-0.5391,75,9.693,187,9.7385,-4.0382,-12.0712,-0.157,-0.2204,-0.2454,86,10.022,193,8.1373,-0.7444,-16.4961,0.807,0.2021,-0.4947,71,10.39,200,9.31,3.2499,-8.2964,-0.4393,0.1546,-0.0856,39
9.781,188,2.2019,2.7527,-16.0785,0.353,0.5568,0.1715,75,9.745,188,5.2095,-4.351,-11.6616,-0.2653,-0.0104,-0.135,86,10.074,194,3.7356,1.247,-13.1895,0.6251,-0.3952,-0.8924,71,10.441,201,8.8098,1.2559,-6.6955,-0.1639,0.3855,0.2392,39
9.833,189,1.657,3.228,-14.366,0.4717,-0.1436,0.5861,75,9.797,189,3.9528,-2.5853,-11.3092,0.2283,-0.2758,0.2444,86,10.126,195,2.3572,1.2001,-11.6206,0.4829,0.0221,-1.1732,71,10.493,202,7.8522,2.9845,-6.2487,0.3467,0.8795,0.1469,39
9.885,190,0.9738,2.4852,-13.1751,0.0488,0.2664,0.0016,75,9.849,190,2.6841,-1.1902,-10.7896,0.4186,-0.4066,0.2463,86,10.178,196,1.3558,-2.8755,-16.1703,0.7056,-0.2316,-1.1397,71,10.545,203,7.1943,2.008,-7.5927,-0.4241,1.2377,0.2244,39
9.937,191,0.0117,1.695,-12.5038,-0.0034,0.2058,-0.1787,75,9.9,191,1.0927,-0.5834,-10.1124,0.2986,-0.2826,0.1359,86,10.23,197,6.2553,-2.3462,-12.698,0.4891,-0.6212,-0.2637,71,10.597,204,4.9687,1.0804,-10.4002,-0.9866,1.5883,0.5082,39
9.988,192,1.257,0.0923,-13.4714,-0.136,-0.5192,0.0912,75,9.952,192,0.4225,-1.0133,-9.589,0.0919,-0.2635,0.0944,86,10.281,198,5.522,-6.9494,-13.9291,0.5348,0.146,-0.3837,71,10.649,205,8.7437,6.0806,-4.9828,-0.3833,0.4924,0.2216,39
10.04,193,5.975,0.5494,-16.8335,-0.4117,-0.0464,-0.2712,75,10.004,193,1.5511,-1.2688,-9.3563,0.0265,-0.4191,0.2025,86,10.333,199,9.2959,-3.834,-15.3822,-0.2282,0.6686,-0.3626,71,10.7,206,11.4988,-0.8589,-4.0524,-0.3995,-0.1383,0.6293,39
10.092,194,9.4184,0.0312,-18.1871,-0.1995,0.049,-0.3349,75,10.056,194,6.052,-2.4704,-11.4771,0.1849,0.162,0.1632,86,10.385,200,10.3344,-3.3819,-19.2315,-0.8417,1.1644,0.2291,71,10.752,207,13.5096,-5.1091,-5.8252,-0.8884,-0.7677,0.3342,39
10.144,195,6.6114,0.4209,-16.9417,-0.1301,0.7182,-0.435,75,10.108,195,9.3369,-3.6046,-12.1756,-0.1034,0.0641,-0.2641,86,10.437,201,4.0228,-7.7053,-15.6804,-1.2459,0.2888,0.6903,71,10.804,208,14.9772,0.5314,-5.5056,-0.0891,0.0006,-0.3524,39
10.196,196,-0.707,-2.0239,-18.0752,-0.3823,0.875,-0.3747,75,10.159,196,7.1566,-4.338,-11.1297,0.137,0.6855,-0.6821,86,10.489,202,8.2018,-0.2717,-12.6419,-0.2328,0.4515,0.6482,71,10.856,209,10.6131,-2.9359,-11.9994,0.6096,0.6854,-0.9286,39
10.247,197,-0.4886,-0.2906,-15.8303,0.3867,-0.0307,0.4031,75,10.211,197,3.783,-4.9897,-10.6311,-0.0344,0.3071,-0.5095,86,10.54,203,5.7458,0.0508,-9.2601,-0.7206,0.219,0.8944,71,10.908,210,8.2024,0.1765,-11.4368,1.1196,-0.0869,-1.034,39
10.299,198,0.4125,1.4737,-13.4547,0.1429,-0.1826,0.6412,75,10.263,198,2.4228,-3.5685,-10.4464,0.5997,0.7806,-0.1478,86,10.592,204,5.3544,1.2047,-8.7465,-0.4468,0.6407,0.9156,71,10.959,211,6.0008,-0.37,-10.7124,0.2156,-0.7096,-0.9036,39
10.351,199,-0.3324,1.182,-11.9921,-0.1879,0.4096,0.1767,75,10.315,199,1.6694,-2.1966,-10.8322,0.4211,0.7758,-0.0419,86,10.644,205,5.451,3.1648,-10.7264,-0.7547,0.9825,1.0256,71,11.011,212,4.9956,-0.2749,-9.7573,-0.2679,-0.9111,-0.9355,39
10.403,200,-0.328,0.4678,-11.7363,-0.6298,0.0492,0.2703,75,10.367,200,0.8145,-1.7862,-11.2412,0.6283,0.8296,-0.0382,86,10.696,206,9.2441,5.8772,-8.2322,-0.2122,0.0521,1.1623,71,11.063,213,3.9412,-2.1654,-8.7217,-0.202,-0.9721,-0.9216,39
10.455,201,4.8182,0.4851,-15.1597,-0.9375,-0.6334,0.8692,75,10.418,201,0.392,-1.5334,-11.3505,1.0567,0.8334,0.0603,86,10.747,207,12.0125,1.6689,-12.4104,0.2538,-0.632,1.0483,71,11.115,214,0.2555,-1.3663,-14.3467,-0.4868,-0.9805,-0.2972,39
10.506,202,8.5741,1.1885,-18.6313,-1.3336,-0.7811,0.7102,75,10.47,202,0.6027,-1.8258,-11.0533,1.0205,0.525,0.2192,86,10.799,208,12.8896,-3.2503,-12.3318,0.3093,0.1461,0.6083,71,11.167,215,4.1119,-0.816,-15.2803,0.2789,-0.7827,-0.1229,39
10.558,203,8.6219,3.4777,-19.8843,-1.6217,-0.6126,1.1908,75,10.522,203,5.3598,-3.393,-10.4291,1.3658,0.8414,0.574,86,10.851,209,13.2266,-0.4414,-14.2425,0.3958,0.284,0.0175,71,11.218,216,0.9902,-3.432,-18.8152,0.4628,-0.2814,-0.1966,39
10.61,204,4.3731,2.6438,-18.6017,-1.4202,-0.1391,0.8422,75,10.574,204,8.8317,-2.0314,-8.9899,0.9428,0.2942,0.4383,86,10.903,210,8.9249,1.4471,-15.2774,0.4988,0.5413,-0.4726,71,11.27,217,5.84,-0.6077,-15.5625,0.7873,0.465,-0.4945,39
10.662,205,2.3056,2.3061,-17.1602,-0.3622,0.4224,-0.0022,75,10.626,205,8.5916,-3.0485,-7.9944,0.2457,0.1482,0.1305,86,10.955,211,6.759,2.9336,-14.6508,-0.3112,1.0734,-0.7766,71,11.322,218,6.1581,-4.9805,-17.6653,-0.1025,1.022,0.0042,39
10.714,206,0.8415,2.1923,-15.2162,0.0223,0.475,-0.1267,75,10.677,206,4.4745,-2.11,-7.5934,0.4403,0.2015,0.2758,86,11.007,212,4.9248,1.2448,-13.1149,-0.338,1.4093,-1.0238,71,11.374,219,5.8483,-3.2876,-15.6785,-0.7129,0.0902,0.6834,39
10.765,207,-0.2375,1.9527,-13.8882,0.0183,0.6598,-0.2415,75,10.729,207,2.984,-0.9272,-7.4692,0.1529,0.049,0.5297,86,11.059,213,4.9145,-0.9451,-14.5675,0.2749,1.2638,-1.2991,71,11.426,220,5.4995,-2.0669,-12.3686,-0.3791,-0.2549,1.1791,39
10.817,208,-1.135,1.477,-13.3143,0.5245,0.8048,-0.1712,75,10.781,208,1.8959,0.1435,-8.3684,0.3277,0.0759,0.6021,86,11.11,214,3.0087,-2.692,-17.3562,0.7152,0.5593,-1.4672,71,11.477,221,2.7451,-0.4675,-11.6579,-0.6565,0.3234,1.2687,39
10.869,209,-1.1507,2.2685,-13.3537,0.852,0.2647,0.1734,75,10.833,209,0.507,1.2645,-9.4831,0.2454,-0.0793,0.4765,86,11.162,215,6.3198,-7.2018,-16.5953,0.5097,0.4034,-0.5711,71,11.529,222,2.5025,-1.2994,-12.8025,-0.545,0.4146,1.2224,39
10.921,210,4.2178,3.7066,-15.8608,0.7129,-0.4761,0.2619,75,10.885,210,-0.1219,1.4952,-10.2639,0.0828,-0.2571,0.3091,86,11.214,216,2.1079,-10.4932,-20.1168,-0.2294,0.9727,-0.8818,71,11.581,223,6.9437,4.3438,-12.9094,-0.2355,-0.2492,0.6022,39
10.973,211,8.1359,4.1542,-17.9266,-0.101,-1.0168,0.1828,75,10.936,211,2.8895,-0.2279,-11.4986,-0.4482,-0.8029,0.1058,86,11.266,217,6.3223,-7.6275,-17.8968,-0.3353,1.3883,-0.8561,71,11.633,224,7.7914,4.2637,-15.8031,-0.3731,0.4204,0.7491,39
11.024,212,9.5865,1.3927,-18.2756,0.255,-0.2736,0.1087,75,10.988,212,7.0288,-4.4518,-13.2013,0.3148,-0.769,-0.1892,86,11.318,218,7.1795,-8.4022,-16.3688,-0.1101,1.6786,-0.8027,71,11.684,225,10.8038,-1.3618,-15.5275,0.1973,0.4128,-0.0534,39
11.076,213,6.3347,0.6164,-15.8954,0.4673,0.4569,0.0139,75,11.04,213,10.0498,-5.9017,-10.1861,0.3505,-0.796,-0.5194,86,11.369,219,6.2082,-6.5297,-11.9799,0.4125,0.6481,0.0819,71,11.736,226,10.3358,-4.9571,-19.3138,0.8131,0.9862,-0.6957,39
11.128,214,3.786,-0.5913,-15.2421,0.0739,1.0159,-0.1232,75,11.092,214,5.9157,-4.4601,-7.8108,0.7302,0.0968,-0.4928,86,11.421,220,5.1253,-2.0932,-11.5653,0.8612,0.3496,0.4499,71,11.788,227,7.3518,1.6743,-18.6646,0.5826,0.053,0.1726,39
11.18,215,1.9938,0.3668,-13.7902,-0.2461,0.3106,0.5288,75,11.144,215,4.4099,-3.1443,-7.6076,-0.0922,-0.2769,-0.2641,86,11.473,221,3.4786,-2.3704,-10.5201,0.4386,0.8826,0.633,71,11.84,228,4.7108,-0.7129,-16.8974,-0.2518,-0.5957,0.6772,39
11.231,216,1.4589,0.1054,-13.159,-0.1461,0.081,0.774,75,11.195,216,3.0367,-1.9365,-8.396,0.006,0.1629,-0.0679,86,11.525,222,2.9248,-0.1716,-11.82,0.5343,0.9496,0.6838,71,11.892,229,2.0436,0.3418,-13.1149,0.4732,-0.4876,0.1553,39
11.283,217,0.8253,0.4311,-12.8749,0.2639,0.5733,0.7319,75,11.247,217,1.5072,-0.4902,-9.0545,-0.0013,0.3933,-0.0794,86,11.576,223,2.3538,-4.918,-7.7964,0.0526,0.358,0.8389,71,11.943,230,3.785,2.298,-11.3707,0.6524,-0.2887,-0.5076,39
11.335,218,0.227,1.2718,-13.6687,0.1466,0.3461,0.6645,75,11.299,218,0.5462,0.1305,-9.2432,-0.1894,0.3114,-0.1522,86,11.628,224,6.9837,-8.8264,-11.7215,-0.278,-0.0872,0.9646,71,11.995,231,3.1654,-3.4714,-16.28,0.8964,0.1521,-1.0058,39
11.387,219,5.2233,-0.1058,-16.6939,-0.5704,0.389,0.456,75,11.351,219,0.6885,-0.0401,-9.1701,-0.2824,0.2388,-0.2229,86,11.68,225,9.2759,-11.412,-12.9953,-0.3207,-0.4657,0.6948,71,12.047,232,5.9723,2.7585,-15.7873,0.6379,0.3843,-0.3969,39
11.439,220,8.8698,-0.9336,-19.168,-0.0487,0.5928,0.3638,75,11.403,220,5.4224,-1.0834,-9.9184,-0.4723,0.316,-0.1579,86,11.732,226,10.6653,-7.1795,-10.7746,-0.2399,0.3385,-0.0214,71,12.099,233,9.1376,-3.2835,-17.6286,0.8891,0.8986,-0.4048,39
11.49,221,7.2548,-0.2871,-17.8423,0.4342,1.0094,0.2279,75,11.455,221,8.8774,-3.1658,-11.1636,-0.105,0.4255,-0.3422,86,11.784,227,4.7718,-6.0541,-15.8686,-0.3672,0.9254,-0.17,71,12.151,234,11.7863,-0.1364,-13.3862,0.2209,1.1927,-0.5968,39
11.542,222,4.7377,-2.9604,-17.6122,0.7315,1.4191,-0.5088,75,11.507,222,10.0555,-3.7662,-10.2948,-0.2917,0.2488,-0.5412,86,11.835,228,6.9885,-4.1466,-16.9227,-0.6236,0.002,-0.3428,71,12.203,235,8.3115,-2.0095,-13.7767,0.2974,1.4281,-0.3881,39
11.594,223,3.1959,-1.1764,-15.3054,0.6555,0.3664,0.3053,75,11.558,223,5.1125,-3.7418,-10.0547,-0.257,0.5923,-0.504,86,11.887,229,5.4758,-2.7005,-13.4062,-0.3513,-0.5923,-0.4779,71,12.254,236,8.1717,-2.0326,-10.3675,0.4407,1.2593,0.0873,39
11.646,224,4.7964,2.7989,-12.6138,0.5078,-0.396,0.8341,75,11.61,224,4.8636,-3.2236,-9.7794,0.1852,0.2854,-0.0086,86,11.939,230,4.3049,-2.2505,-12.6587,-0.5351,-0.7477,-0.5805,71,12.306,237,6.9073,-1.1148,-8.5035,0.5723,1.3878,0.2376,39
11.697,225,2.8543,2.6356,-11.8503,-0.1088,0.1032,0.1213,75,11.662,225,2.8873,-1.1781,-9.5826,0.6158,0.2811,0.2521,86,11.991,231,4.248,-1.5306,-11.0989,-0.6465,-1.0073,-0.5213,71,12.358,238,6.6833,-0.7466,-9.2165,0.0822,1.5793,0.4862,39
11.749,226,1.5365,1.5716,-11.5639,-0.2742,-0.0474,-0.0785,75,11.714,226,1.0961,-0.4011,-9.5716,0.3744,0.1973,0.202,86,12.043,232,8.3661,-6.3542,-10.2522,-0.1397,-1.0292,-0.0522,71,12.41,239,4.6099,-0.8514,-11.5172,-0.4988,1.634,0.7989,39
11.801,227,4.9023,0.1432,-11.9889,-0.7089,-0.7039,0.4199,75,11.766,227,0.1679,-0.6503,-9.6791,-0.0721,0.0128,0.3569,86,12.094,233,9.2356,-3.9075,-14.7844,-0.2559,-0.3337,-0.3046,71,12.462,240,8.4818,4.6708,-5.798,-0.0273,0.5258,0.2535,39
11.853,228,8.6355,-0.1502,-14.9903,-0.2407,-0.6985,-0.1095,75,11.817,228,1.7639,-0.53,-9.1876,0.4891,-0.2034,0.5093,86,12.146,234,12.0063,1.7726,-15.5661,-0.3739,0.0036,-0.2423,71,12.513,241,9.1444,5.5702,-12.2128,0.6546,0.9583,0.5871,39
11.905,229,10.5733,-0.1247,-16.9634,0.0398,-0.361,-0.3814,75,11.869,229,6.2073,-1.7629,-8.8632,0.0125,0.0086,0.2744,86,12.198,235,11.765,-3.3694,-19.3657,-0.9481,0.6473,-0.1555,71,12.565,242,11.7913,-1.2314,-13.2618,-0.0222,0.3777,0.1601,39
11.957,230,7.1841,-0.0563,-16.4436,-0.4796,0.2765,-0.5759,75,11.921,230,9.4502,-3.8623,-8.7138,-0.6709,-0.3871,-0.04,86,12.25,236,5.9385,-6.6779,-16.1491,-0.3697,-0.201,0.5643,71,12.617,243,13.7231,2.41,-10.6188,0.4645,0.9138,-0.4512,39
12.008,231,0.3942,-1.5625,-16.8633,-0.1337,0.8842,-0.801,75,11.973,231,6.1503,-4.1178,-8.6025,-0.2937,0.3684,-0.2101,86,12.302,237,6.737,-3.1534,-17.5883,0.4067,-0.8201,0.9933,71,12.669,244,7.0157,-1.357,-14.6562,1.0131,0.8807,-0.9896,39
12.06,232,0.3372,-0.1611,-15.2824,0.564,-0.024,-0.039,75,12.025,232,3.4847,-3.5381,-9.3447,-0.647,-0.3521,0.1026,86,12.354,238,5.0012,2.8085,-13.2177,0.2377,-0.2094,1.4027,71,12.721,245,5.9833,0.7915,-12.7918,0.4672,0.0196,-0.8385,39
12.112,233,1.2154,1.4863,-13.2315,0.1735,-0.237,0.0012,75,12.076,233,2.3547,-1.3453,-9.642,-0.153,0.1023,0.2869,86,12.405,239,2.8087,3.3963,-11.7104,-0.1716,0.0815,1.1239,71,12.772,246,4.8382,-0.6883,-10.4561,-0.1677,-0.4567,-0.8546,39
12.163,234,0.3069,1.2318,-11.145,-0.0722,-0.087,-0.2122,75,12.128,234,0.9274,-0.3735,-10.2413,-0.2725,0.1211,0.1251,86,12.457,240,0.9288,-2.7583,-16.5516,0.0021,0.0807,1.1307,71,12.824,247,3.0907,-1.7537,-10.1881,0.2283,-0.4098,-1.1487,39
12.215,235,0.7013,0.2771,-10.8281,-0.2927,-0.2522,-0.2589,75,12.18,235,1.2212,-0.0057,-10.1983,-0.0664,-0.1629,0.0656,86,12.509,241,5.9437,-5.8997,-14.1093,0.202,0.0565,1.3207,71,12.876,248,2.3386,-4.1508,-8.992,0.8156,-0.4923,-1.0907,39
12.267,236,5.5694,2.227,-15.8993,-0.4788,-0.2067,-0.3301,75,12.232,236,0.6862,0.4586,-10.1167,0.3427,0.0605,-0.0437,86,12.561,242,5.2821,-3.7383,-17.8922,0.1027,0.248,0.5278,71,12.928,249,6.8241,2.2627,-3.955,0.148,-1.0261,-0.4615,39
12.319,237,9.1224,1.3782,-19.6005,-0.9965,-0.376,-0.1042,75,12.284,237,5.4207,-0.7719,-9.863,0.2381,-0.6046,-0.1303,86,12.613,243,9.1209,-1.7263,-17.6756,0.6114,0.2396,-0.0753,71,12.98,250,7.4901,-3.4948,-6.3162,0.2223,-0.2578,-0.7822,39
12.371,238,6.8314,4.7154,-18.3536,-0.6294,-0.0181,0.3649,75,12.335,238,8.8762,-3.4212,-10.4501,0.6781,-0.6903,-0.2967,86,12.664,244,9.345,0.5978,-18.8928,0.8787,0.3165,-0.6219,71,13.031,251,10.5839,-1.7551,-8.0642,0.1688,-0.4613,-1.1825,39
12.422,239,2.319,5.3777,-16.8231,-1.1099,0.6679,0.7179,75,12.387,239,11.3981,-4.6825,-10.5141,0.1284,-0.6839,-0.0776,86,12.716,245,5.9759,-1.1151,-19.5237,1.3178,0.3436,-1.0827,71,13.083,252,12.3406,-0.4864,-7.6961,0.2529,0.2883,-0.9732,39
12.474,240,0.3049,3.6897,-15.8175,-0.4634,0.8758,0.5506,75,12.439,240,8.1778,-3.3491,-9.1108,0.2695,-0.275,0.0994,86,12.768,246,5.1652,3.5104,-15.8308,0.33,0.7371,-1.19,71,13.135,253,7.5092,-5.1545,-10.498,-0.4925,0.7216,-0.1629,39
12.526,241,0.2959,4.2933,-14.1706,0.1657,0.4186,0.3801,75,12.491,241,5.8001,-2.0135,-7.7439,-0.0538,-0.4927,0.4363,86,12.82,247,5.725,0.0984,-13.5587,-0.4344,0.8292,-1.3406,71,13.187,254,6.0728,-4.3514,-9.8636,-0.4362,0.4695,0.5615,39
12.578,242,0.0051,3.5073,-12.2879,0.2723,0.9576,-0.1593,75,12.543,242,4.1317,-0.4464,-7.3398,0.1889,-0.086,0.5611,86,12.871,248,4.0922,-2.6522,-14.581,-0.2132,0.6136,-1.5356,71,13.239,255,4.7558,-2.4102,-10.2725,-0.9954,0.2568,1.0901,39
12.63,243,0.6092,2.92,-10.975,0.3913,0.6622,-0.3039,75,12.594,243,2.1377,0.9525,-7.6881,0.2462,0.2798,0.5128,86,12.923,249,3.831,-3.6671,-12.679,0.3639,-0.221,-1.2976,71,13.29,256,3.3177,-1.163,-9.5934,-1.3194,-0.1335,1.476,39
12.681,244,0.9827,2.3171,-13.3494,0.4314,0.3879,-0.6704,75,12.646,244,1.215,1.9604,-8.3084,-0.063,0.3526,0.3483,86,12.975,250,6.782,-5.408,-15.1811,0.6552,-0.5843,-0.9546,71,13.342,257,2.6667,-2.8455,-14.9454,-0.6402,0.1002,1.3905,39
12.733,245,5.7748,5.2246,-17.7395,0.8185,-0.0232,-1.1644,75,12.698,245,0.6529,1.4446,-8.4349,-0.2823,0.4849,-0.0041,86,13.027,251,7.3038,-9.1841,-16.4833,0.9998,0.2273,-1.106,71,13.394,258,7.0636,0.6438,-13.515,-0.3569,-0.3967,0.889,39
12.785,246,9.2723,4.4822,-20.0594,0.2239,-0.3332,-0.9294,75,12.75,246,5.3964,-0.685,-7.1757,-0.508,0.0959,-0.0343,86,13.079,252,9.549,-4.552,-13.7778,0.134,0.8443,-0.5282,71,13.446,259,7.294,2.5927,-17.5377,-0.2778,0.3904,0.7393,39
12.837,247,7.6402,4.5657,-17.5994,0.8378,0.2465,-0.7383,75,12.802,247,8.8584,-2.1897,-8.8895,-0.0788,0.4885,-0.4368,86,13.13,253,7.4226,-7.8015,-16.446,-0.5774,1.2945,-0.1865,71,13.498,260,10.4408,-1.0012,-15.6898,0.1201,0.7682,0.0584,39
12.888,248,4.2923,3.516,-14.6417,0.806,0.2821,-0.2075,75,12.854,248,11.3852,-3.1854,-8.654,-0.7364,0.1794,-0.7521,86,13.182,254,9.0255,-6.4296,-13.4595,-0.3253,0.4574,0.5149,71,13.549,261,10.242,1.2916,-19.4323,0.7623,1.2456,-0.472,39
12.94,249,3.1044,3.804,-12.5362,0.1237,0.1128,0.2692,75,12.905,249,6.3022,-4.2117,-9.3027,-0.3636,0.8048,-0.8801,86,13.234,255,7.4879,-1.9084,-11.9507,-0.4355,0.4674,1.0379,71,13.601,262,8.5848,5.0082,-20.4135,1.1978,0.2423,-0.0948,39
12.992,250,2.0562,2.8661,-11.2078,-0.343,-0.017,0.4341,75,12.957,250,4.8812,-3.861,-9.2914,-0.7812,-0.0853,-0.5398,86,13.286,256,6.3528,-0.7411,-11.4429,-0.6114,0.5302,1.3743,71,13.653,263,5.0861,1.1899,-18.6184,0.1972,-0.3277,0.24,39
13.044,251,0.986,1.7538,-10.8487,-0.4512,0.12,0.4351,75,13.009,251,2.8781,-2.6484,-9.3001,-0.1063,0.2881,-0.1789,86,13.338,257,5.6843,2.1974,-11.9534,-0.7681,0.1796,1.3351,71,13.705,264,3.1032,-0.669,-14.9682,0.5994,-0.5986,-0.1087,39
13.096,252,0.5733,1.3878,-11.6123,-0.4135,0.1137,0.4797,75,13.061,252,1.3656,-1.3286,-9.3512,-0.0767,0.3569,-0.1158,86,13.389,258,9.4144,-0.8051,-6.14,-0.8979,-0.5423,1.4629,71,13.757,265,3.4415,-0.9691,-10.5784,0.9825,-0.5081,-0.5541,39
13.147,253,3.1078,1.6614,-13.8336,-0.7762,-0.5251,0.4273,75,13.113,253,0.8015,-0.9728,-9.4042,-0.4662,0.1097,-0.0531,86,13.441,259,12.1368,2.0331,-10.2521,-0.9177,-0.7724,1.2069,71,13.808,266,1.2605,-6.0041,-15.7018,1.1791,-0.6657,-0.4573,39
13.199,254,7.3258,2.3156,-18.0929,-1.1948,-0.5979,0.8159,75,13.164,254,1.1997,-0.7731,-9.0367,-0.2305,-0.0533,-0.0209,86,13.493,260,13.3375,0.0052,-11.4668,-0.4785,-0.5448,0.9625,71,13.86,267,3.8013,-1.7915,-16.8247,1.0849,-0.4154,-0.2251,39
13.251,255,10.4043,2.3578,-20.5447,-0.2169,-0.0023,0.8874,75,13.216,255,5.7955,-1.5064,-8.4671,-0.8416,0.1905,0.0386,86,13.545,261,13.0189,0.3516,-12.7145,0.28,-0.0941,0.0622,71,13.912,268,6.7225,-3.3241,-16.7652,1.0335,0.0911,-0.2127,39
13.303,256,7.4934,4.024,-18.1921,0.1865,0.5499,0.8293,75,13.268,256,9.1497,-2.8205,-8.0498,-0.5158,0.1687,-0.2049,86,13.597,262,7.024,-1.9869,-17.2845,0.8809,-0.0714,-0.3407,71,13.964,269,10.0237,-3.3609,-15.2459,0.6149,0.707,-0.0855,39
13.355,257,4.3325,2.8567,-16.036,0.0355,0.9027,0.6468,75,13.32,257,7.5936,-3.3151,-8.2666,-0.1454,0.2899,-0.4525,86,13.648,263,5.6363,-2.0351,-17.2148,0.7909,-0.7241,-0.1947,71,14.016,270,5.958,0.0068,-13.4527,-0.2283,0.6838,0.2969,39
13.406,258,2.5573,2.7733,-14.5983,0.2093,0.9317,0.6736,75,13.372,258,5.0171,-2.5966,-8.6969,-0.1482,-0.2074,-0.1565,86,13.7,264,3.5634,-1.0368,-13.2037,0.921,-0.6897,-0.1426,71,14.067,271,4.3791,2.329,-11.448,0.5081,0.9523,0.4154,39
13.458,259,1.509,3.0328,-13.5816,0.2306,0.6822,0.5969,75,13.423,259,3.1908,-1.0335,-8.6236,0.3975,0.0635,0.0627,86,13.752,265,4.4814,1.8226,-11.4892,0.4399,-0.5464,-0.1227,71,14.119,272,3.8057,5.9212,-11.1258,0.5243,1.38,0.0013,39
13.51,260,0.3625,2.3639,-13.0959,0.2166,0.6468,0.2022,75,13.475,260,1.7037,-0.0527,-8.5913,0.3196,-0.0597,-0.053,86,13.804,266,3.3461,2.3106,-15.5133,-0.3541,-0.6194,-0.1314,71,14.171,273,3.5544,4.0563,-11.2728,0.0105,1.6206,-0.6317,39
13.562,261,0.5442,1.9916,-12.9572,0.0149,0.1806,0.0034,75,13.527,261,0.9947,-0.0322,-8.6618,0.0357,-0.1209,-0.194,86,13.856,267,6.8093,4.4862,-18.645,-0.103,-1.0878,0.4973,71,14.223,274,2.9233,-0.3815,-12.9095,-0.6112,1.64,-0.3474,39
13.614,262,5.4548,1.9818,-14.2828,-0.5633,-0.5375,0.0091,75,13.579,262,1.0011,-0.4676,-8.8904,0.0032,-0.0796,-0.2005,86,13.908,268,4.3001,-1.9628,-20.4572,-0.3719,-0.1156,0.0852,71,14.274,275,2.3917,5.0137,-16.2591,-0.7331,1.8005,-0.4209,39
13.665,263,9.0388,3.9005,-14.637,-0.4447,-0.5615,0.0446,75,13.63,263,5.6505,-0.7804,-8.7217,-0.036,-0.6855,-0.1031,86,13.959,269,8.4041,-2.5109,-16.9511,-0.5467,0.5762,0.0723,71,14.326,276,2.7983,6.6702,-16.378,-0.0586,1.5261,0.1289,39
13.717,264,9.7711,2.2276,-15.9236,0.0004,-0.2546,0.0942,75,13.682,264,9.0439,-1.5589,-10.0416,0.0956,-0.5853,-0.2314,86,14.011,270,5.7137,-5.0169,-16.7107,-0.8047,1.0989,0.0987,71,14.378,277,7.1596,2.6714,-15.4317,0.467,1.6102,-0.3376,39
13.769,265,6.0968,2.5198,-15.5394,-0.1651,0.2753,0.2596,75,13.734,265,11.5205,2.2655,-8.8359,-0.2649,-0.5719,-0.3345,86,14.063,271,5.8693,-6.84,-15.152,-1.2625,0.1286,0.7498,71,14.43,278,10.3427,5.0149,-15.7802,0.7488,1.6291,-0.8254,39
13.821,266,2.5457,2.212,-15.0638,0.0268,0.8329,0.1231,75,13.786,266,7.1423,0.9663,-8.7556,0.3594,-0.021,-0.2483,86,14.115,272,3.7288,-3.5835,-12.8628,-1.3585,0.2117,1.225,71,14.482,279,4.5649,2.7576,-18.4628,1.2212,0.7028,-0.8247,39
13.872,267,1.9029,2.9853,-12.4999,0.2254,-0.0614,0.2788,75,13.838,267,4.726,0.2906,-8.6561,0.1187,-0.5317,0.1991,86,14.166,273,2.9401,-0.9656,-12.0395,-1.6667,0.3614,1.4877,71,14.533,280,3.1347,2.7246,-16.3054,0.2142,-0.1412,-0.4079,39
13.924,268,1.3535,2.4643,-10.7871,0.3674,0.2324,-0.0351,75,13.889,268,3.351,0.6033,-8.9969,0.7123,-0.1345,0.562,86,14.218,274,2.6575,0.9773,-10.8659,-1.1366,0.3954,1.2202,71,14.585,281,2.8197,-0.4867,-12.264,-0.1962,-0.5471,-0.4064,39
13.976,269,0.1372,1.7024,-10.4538,0.2343,0.4933,-0.1669,75,13.941,269,1.8171,1.6172,-9.4984,1.1916,0.1691,0.4686,86,14.27,275,4.6524,-3.856,-5.3464,-1.4486,-0.0469,1.2737,71,14.637,282,2.1912,-0.1945,-9.6549,0.0222,-0.5998,-0.3155,39
14.028,270,0.9431,1.5642,-12.1375,0.3215,-0.2418,-0.3358,75,13.993,270,1.2239,1.6334,-9.8285,1.1743,0.199,0.2765,86,14.322,276,8.6613,-8.0191,-7.1491,-1.3634,-0.6717,1.4081,71,14.689,283,-0.5631,-5.2718,-15.0278,-0.3787,-0.7503,0.1358,39
14.08,271,5.746,3.1672,-16.855,-0.4411,0.3213,-0.6233,75,14.045,271,1.1288,0.9145,-9.9492,1.2053,0.0922,0.1759,86,14.374,277,11.5871,-7.1972,-10.4074,-0.492,-0.8809,0.9387,71,14.74,284,1.8422,-2.0769,-17.4382,0.3982,-0.5464,0.2201,39
14.131,272,9.2513,0.6752,-20.298,-0.9993,0.042,-0.5137,75,14.097,272,5.7437,0.0224,-9.6957,1.4281,0.0619,0.2849,86,14.426,278,8.8036,-4.6327,-13.6371,0.1911,-0.2086,0.0112,71,14.792,285,2.2944,-2.3934,-19.2571,0.5905,-0.422,0.1469,39
14.183,273,6.4463,1.7707,-20.1376,-0.063,0.7131,-0.3126,75,14.149,273,9.1119,-0.2603,-8.5507,1.2259,-0.0743,-0.1306,86,14.477,279,8.5023,0.7874,-13.3234,0.2811,-0.5068,-0.6658,71,14.844,286,6.0609,-0.7244,-17.2873,0.7878,0.2912,-0.0856,39
14.235,274,-0.8275,1.4544,-20.4605,0.2258,1.2029,-0.863,75,14.201,274,10.3959,-1.8021,-7.3192,0.6755,0.0685,-0.5059,86,14.529,280,8.1061,-1.9405,-11.0499,-0.4701,0.288,-0.9285,71,14.896,287,7.3263,-1.8066,-13.5259,0.6334,0.8975,-0.1495,39
14.287,275,-0.3696,2.7121,-18.4172,0.8392,0.2086,-0.4746,75,14.253,275,6.5544,-1.6353,-7.2059,0.6558,0.3676,-0.3852,86,14.581,281,6.2849,-2.9201,-10.1148,0.3208,0.6741,-1.0557,71,14.948,288,5.8619,-0.7126,-14.9668,-0.2148,0.9218,0.4102,39
14.338,276,-0.474,3.1184,-15.0301,0.7063,0.4833,-0.9976,75,14.304,276,4.4515,-0.9398,-7.4168,0.013,0.2429,-0.0332,86,14.633,282,6.0381,-2.6567,-10.9954,0.9107,0.6364,-1.3758,71,14.999,289,4.3981,-3.9805,-13.8568,-0.8336,0.9963,0.9798,39
14.39,277,-0.2038,2.9994,-12.9174,0.5567,-0.2023,-1.2315,75,14.356,277,2.9674,-0.1381,-8.0237,-0.1493,0.1187,0.2972,86,14.685,283,4.2804,-3.1903,-14.2883,1.3412,-0.1109,-1.6186,71,15.051,290,4.2665,-1.3604,-12.3882,-0.8823,1.0576,1.3954,39
14.442,278,0.1739,3.377,-12.261,0.2601,-0.3425,-1.4548,75,14.408,278,1.524,0.6074,-9.0271,-0.474,0.0014,0.3892,86,14.736,284,4.6057,-3.3879,-17.2429,0.6441,-0.4575,-0.657,71,15.103,291,1.3904,2.0431,-14.6302,-1.1817,0.9257,1.6988,39
14.494,279,3.9802,3.7147,-15.0965,0.129,-0.9193,-1.6962,75,14.46,279,1.1244,-0.1925,-10.3809,-1.026,-0.3418,0.5012,86,14.788,285,3.2648,-7.7096,-17.4958,0.2763,0.3444,-0.7659,71,15.155,292,6.1321,6.7833,-8.07,-0.1988,0.0088,0.9038,39
14.546,280,7.9625,4.7988,-19.0146,0.2382,-0.651,-1.8261,75,14.512,280,3.6923,-0.5469,-10.8881,-1.2265,-0.8022,0.7367,86,14.84,286,6.5583,-5.4553,-17.7161,0.0278,0.9297,-0.7502,71,15.207,293,9.5928,3.7615,-10.3393,-0.7133,-0.5391,1.1357,39
14.597,281,9.3512,4.3394,-20.3229,0.4358,0.0503,-1.2247,75,14.563,281,7.6147,-2.8396,-11.1765,-1.4075,-0.7112,0.2637,86,14.892,287,8.3334,-6.889,-15.3285,0.6145,1.114,-0.8604,71,15.259,294,12.1185,-1.2696,-11.0224,0.1154,-0.1689,0.1718,39
14.649,282,7.021,3.0628,-18.9424,0.9259,0.7191,-0.8046,75,14.615,282,10.4774,-4.1146,-10.0531,-0.9828,-0.4319,-0.2934,86,14.943,288,5.5275,-9.1343,-16.0661,0.057,1.4008,-0.0818,71,15.31,295,12.1079,2.1945,-14.5085,0.2861,0.5617,-0.5121,39
14.701,283,4.7167,2.2113,-17.1345,0.3766,1.2072,-0.1445,75,14.667,283,7.9073,-4.2044,-9.6509,-0.5769,0.2625,-0.7124,86,14.995,289,4.1771,-5.4162,-14.2802,0.4843,1.5134,0.5354,71,15.362,296,5.2579,0.4291,-18.1223,0.8835,0.0067,-0.3306,39
14.753,284,2.9344,1.7614,-15.6146,0.2541,1.2391,0.5502,75,14.719,284,4.4044,-3.9972,-9.5146,-0.3331,0.1598,-0.4708,86,15.047,290,3.775,-1.7744,-13.9896,-0.3218,1.7829,0.7647,71,15.414,297,3.9883,0.7798,-16.1296,-0.0323,-0.2481,0.4382,39
14.805,285,1.9639,1.8136,-14.2856,-0.2233,0.9051,1.0751,75,14.771,285,3.062,-2.623,-9.4527,0.0958,0.3896,-0.1748,86,15.099,291,2.8361,1.1052,-14.6586,0.1378,1.4456,0.9013,71,15.466,298,3.0149,-4.0073,-10.6941,-0.4626,-0.4883,0.0654,39
14.856,286,1.0393,0.9975,-13.4009,-0.4071,1.1145,1.3171,75,14.822,286,1.8886,-1.4062,-9.5986,0.3256,0.4274,-0.0843,86,15.151,292,7.3357,0.6373,-8.1144,-0.5746,1.3955,1.3356,71,15.517,299,3.7484,-3.3144,-6.8785,0.3371,0.2363,-0.6076,39
14.908,287,0.8494,1.1199,-14.3397,-0.2098,0.5382,1.3955,75,14.874,287,0.4241,-0.9597,-9.6973,0.1949,0.4083,-0.1433,86,15.203,293,10.6197,2.2827,-5.8669,-0.2251,0.3451,1.1086,71,15.569,300,7.853,-3.0579,-2.4125,-0.1013,-0.4943,0.1037,39
14.96,288,5.6775,2.8809,-16.8668,-0.8305,0.8886,1.0104,75,14.926,288,1.1244,-0.7217,-9.3216,-0.0444,-0.0193,-0.1174,86,15.255,294,11.2998,0.8703,-7.9282,-0.5606,0.3752,0.979,71,15.621,301,10.8488,-1.3663,-3.859,0.2349,-0.7124,0.2199,39
15.012,289,9.2013,1.2243,-19.1938,-1.1081,0.8953,0.8564,75,14.978,289,5.7405,-0.5502,-9.8698,0.4902,0.5154,-0.1472,86,15.306,295,11.1099,-1.1538,-8.5797,-0.2244,0.2825,0.62,71,15.673,302,12.628,0.3579,-6.763,-0.0789,-0.2919,0.1722,39
