right_hand_timestamp,right_hand_index,right_hand_accel_x,right_hand_accel_y,right_hand_accel_z,right_hand_gyro_x,right_hand_gyro_y,right_hand_gyro_z,right_hand_battery_percentage,left_hand_timestamp,left_hand_index,left_hand_accel_x,left_hand_accel_y,left_hand_accel_z,left_hand_gyro_x,left_hand_gyro_y,left_hand_gyro_z,left_hand_battery_percentage,left_leg_timestamp,left_leg_index,left_leg_accel_x,left_leg_accel_y,left_leg_accel_z,left_leg_gyro_x,left_leg_gyro_y,left_leg_gyro_z,left_leg_battery_percentage
0.214,4,-0.3013,5.5015,-0.5227,-0.1143,-0.5302,-0.2402,86,0.113,2,-1.3249,6.7645,-15.4709,0.7325,-1.0567,-0.0231,91,0.792,15,0.4974,-3.7602,-4.7756,-1.2471,-0.7876,0.4881,63
0.266,5,-0.6638,7.3361,-0.4206,-0.7522,-0.7441,-0.14,86,0.165,3,-0.5076,10.153,-18.3009,0.2794,-0.9563,-0.6156,91,0.844,16,3.1109,-4.3026,-1.8087,-0.8806,-0.2112,0.9678,63
0.318,6,-1.1268,7.5892,-0.8757,-0.6624,-0.662,0.0966,86,0.217,4,1.0985,12.626,-20.4335,-0.0011,-1.3698,-1.1365,91,0.895,17,1.9823,-5.4273,-0.6199,-0.581,-0.1782,0.6452,63
0.37,7,-0.9773,7.9374,-0.3347,-0.4216,-0.9357,0.2509,86,0.269,5,-0.054,13.7847,-21.9416,-0.6822,-1.2451,-1.1014,91,0.947,18,4.1629,-5.685,-0.5553,-0.455,-0.6974,0.1931,63
0.421,8,-0.7899,6.7196,-0.0803,-0.173,-0.8864,0.3901,86,0.32,6,-2.9132,8.2264,-15.5091,-1.1793,-1.5804,-0.4454,91,0.999,19,5.0788,-4.3961,-2.7093,0.2334,0.2019,-0.4338,63
0.473,9,2.3589,2.2505,-1.2901,-0.8366,-1.2653,0.8908,86,0.372,7,-1.2237,3.8347,-15.9926,-1.0223,-1.0693,0.3394,91,1.051,20,6.4546,-8.5112,2.9243,0.8842,0.4492,-0.8914,63
0.525,10,4.6452,-1.0113,-2.3475,-0.022,-1.3291,1.3352,86,0.424,8,-2.1531,0.8908,-12.9667,-0.1778,-0.391,0.4494,91,1.103,21,-0.3052,-11.5146,0.8915,0.7725,0.7264,-0.2817,63
0.577,11,4.5208,-3.3918,-2.0913,0.6254,-1.2907,1.6596,86,0.476,9,-2.2475,1.6534,-12.8329,0.537,-0.4035,0.9925,91,1.154,22,-4.5307,-8.8454,-0.2022,-0.0381,0.6523,0.2107,63
0.628,12,3.5022,-1.984,-0.544,0.5747,-1.1766,1.446,86,0.528,10,-1.7226,2.1126,-12.0678,0.5631,0.3723,0.7698,91,1.206,23,-5.7877,-6.2875,-0.933,-0.263,0.4931,0.3278,63
0.68,13,2.0624,6.4859,0.2999,0.83,-0.6537,0.3907,86,0.579,11,-1.8514,1.7956,-12.7175,1.0813,0.9506,1.057,91,1.258,24,-6.9051,-4.6925,-2.0882,-0.6152,0.2507,0.5424,63
0.732,14,0.529,7.5993,-0.2146,-0.1045,-0.7882,-0.3816,86,0.631,12,0.0555,0.3753,-7.725,0.5435,0.0219,0.8184,91,1.31,25,-7.4254,-3.2469,-1.3221,-1.0868,-0.0953,0.8681,63
0.784,15,0.2756,6.8009,-1.4655,-0.7866,-0.4148,-0.9452,86,0.683,13,0.8351,-0.6381,-7.795,-0.2201,-0.3234,0.0233,91,1.362,26,-7.631,-2.0292,-0.6231,-1.4311,-0.2252,1.171,63
0.836,16,-0.6497,5.3431,-2.5086,0.0674,0.1644,-1.1541,86,0.735,14,0.5634,-1.4943,-9.5083,0.028,0.3503,-0.6702,91,1.413,27,-4.7987,-6.7837,-6.1421,-1.6823,-0.6273,1.5009,63
0.887,17,-1.6901,7.2401,-2.3917,-0.6611,0.0005,-0.7891,86,0.787,15,-3.9181,4.1253,-14.0775,0.6908,-0.3661,-0.1369,91,1.465,28,-0.7545,-2.1202,-4.307,-1.8649,-1.0987,0.8529,63
0.939,18,-1.5625,5.674,-1.6889,-1.1076,-0.1313,-0.445,86,0.838,16,1.5867,8.2268,-10.2094,-0.1487,-0.9239,-0.7871,91,1.517,29,1.3497,-2.1365,-4.6297,-1.1585,-0.7879,0.3726,63
0.991,19,-1.566,6.0415,-1.5389,-0.3448,-0.0065,-0.3104,86,0.89,17,5.0491,11.2202,-13.3207,-0.3597,-1.3462,-1.2009,91,1.569,30,2.7652,-3.7428,-5.1511,-0.5118,-0.473,0.0373,63
1.043,20,-2.3035,7.3935,-0.7976,-0.469,-0.1416,0.0367,86,0.942,18,5.1396,5.2925,-10.847,-0.944,-1.2631,-0.4252,91,1.62,31,4.766,-0.5745,-2.7454,0.3403,0.3657,-0.5475,63
1.095,21,-2.7457,3.3348,-1.0386,-0.3078,-0.3544,0.359,86,0.994,19,4.6478,-1.509,-13.5549,-0.3504,-0.2574,0.3542,91,1.672,32,2.2155,-5.722,-7.691,0.9623,0.9778,-0.9727,63
1.146,22,0.5583,-0.2199,-5.3994,-0.9349,-1.1165,0.9024,86,1.046,20,1.6766,3.3169,-17.7814,0.4146,0.492,0.923,91,1.724,33,3.0403,-7.7668,-4.7959,0.958,0.4438,-0.2738,63
1.198,23,1.7644,-2.8142,-7.7811,-0.0409,-1.6502,1.3437,86,1.098,21,1.6842,4.6767,-14.7479,0.8738,0.1124,-0.0136,91,1.776,34,0.0505,-5.3554,-5.249,0.1186,0.3914,0.0882,63
1.25,24,2.8368,-0.1636,-5.5247,0.6116,-1.9855,1.5561,86,1.15,22,1.39,2.1657,-12.4507,-0.0274,0.6151,0.2251,91,1.828,35,-2.4374,-3.6617,-4.0654,-0.5278,0.0631,0.5526,63
1.302,25,3.1785,7.8145,-5.6852,0.6834,-1.9454,0.5689,86,1.201,23,-0.0141,1.7574,-11.5782,0.4709,0.3377,0.0549,91,1.879,36,-3.4297,-3.9889,-1.6865,-0.8276,-0.048,1.1483,63
1.354,26,2.2755,10.5195,-3.7353,-0.2116,-1.078,-0.2515,86,1.253,24,-0.2699,1.1984,-11.0522,0.3323,-0.0655,-0.2761,91,1.931,37,-5.0937,-2.0981,-1.389,-0.8587,-0.1126,1.3098,63
1.405,27,0.2332,5.0238,-3.4895,-0.3297,-0.8792,-0.8502,86,1.305,25,0.6718,1.716,-9.4657,-0.1167,-0.1961,0.0268,91,1.983,38,-6.4016,0.6162,-0.4899,-0.2287,0.0335,1.1727,63
1.457,28,-0.408,6.8408,-1.0646,-0.5661,-0.9169,-0.3605,86,1.357,26,0.3866,3.1806,-10.939,0.1519,-0.1319,0.1572,91,2.035,39,-3.4351,-4.853,-6.0449,-0.8048,-0.3916,1.1302,63
1.509,29,-1.3446,6.2423,-1.3607,-0.9127,-0.2263,-0.0814,86,1.409,27,-3.0779,7.5373,-15.9343,0.7812,0.3868,0.7599,91,2.087,40,0.2408,0.1523,-0.634,-0.262,0.0533,1.2515,63
1.561,30,-1.2856,7.9985,-0.8039,-0.4198,-0.5084,-0.0842,86,1.46,28,-1.1763,10.717,-19.58,-0.1112,0.1562,0.0771,91,2.138,41,0.972,-3.9732,-0.2978,0.2004,0.2179,0.5696,63
1.612,31,-1.1416,9.3813,0.1233,-0.6579,-0.0793,-0.0252,86,1.512,29,-1.0589,8.7906,-17.172,-0.7626,0.5028,0.2023,91,2.19,42,3.4573,-5.4405,-1.1566,0.7782,0.4148,-0.159,63
1.664,32,-2.1418,7.3949,-0.9232,-1.1252,0.1834,0.0191,86,1.564,30,-0.7293,4.7694,-14.2627,-1.238,0.6458,0.485,91,2.242,43,5.2711,-9.0976,1.8611,1.2818,1.0136,-0.6908,63
1.716,33,-1.9135,3.7638,-2.0747,-1.057,-0.6956,0.5207,86,1.616,31,-0.5469,0.5505,-14.5335,-1.5849,0.7214,0.7084,91,2.293,44,-0.698,-5.181,0.0126,1.135,0.7353,-0.048,63
1.768,34,0.3487,0.0932,-6.2316,-1.4817,-1.3656,0.7709,86,1.668,32,-0.2631,0.4608,-14.229,-0.7387,0.799,1.1815,91,2.345,45,-2.6898,0.1821,-1.3528,1.0994,0.0977,0.7418,63
1.82,35,1.2103,-2.5857,-6.6717,-0.44,-1.6042,0.6491,86,1.719,33,1.1121,1.4084,-13.4099,-0.1735,0.7048,0.9907,91,2.397,46,-5.8267,-0.8704,-0.3209,0.1646,0.0178,0.8249,63
1.872,36,1.7671,-0.2337,-5.7289,0.3203,-2.0287,-0.0387,86,1.771,34,0.2272,2.0606,-12.8826,0.5437,1.1943,0.8638,91,2.449,47,-6.918,-0.605,-1.0039,-0.3706,0.0812,0.9602,63
1.923,37,2.2321,7.7633,-5.1537,0.3522,-1.1029,-0.3368,86,1.823,35,-1.1331,2.0789,-10.7224,0.1417,1.1247,0.6664,91,2.501,48,-7.2746,-0.2006,-1.8101,-0.9084,0.0643,1.0383,63
1.975,38,0.3728,9.9891,-5.3433,-0.4533,-0.5729,-0.9125,86,1.875,36,-1.3026,1.3801,-9.3765,-0.578,0.6504,0.9244,91,2.553,49,-7.6148,-0.5445,-1.7574,-0.8741,-0.0463,1.1766,63
2.027,39,0.9101,4.6367,-4.2132,-0.4818,-0.041,-1.3327,86,1.927,37,0.1574,3.0941,-10.2833,0.2483,0.3341,0.2617,91,2.604,50,-8.9094,-4.5042,-6.9699,-1.0721,0.1526,0.8708,63
2.079,40,-1.8411,8.6757,-3.8294,0.2898,-0.1455,-1.6301,86,1.978,38,4.8554,7.4742,-15.4557,0.8516,0.7219,-0.4957,91,2.656,51,-3.7546,1.9408,-5.8216,-1.0625,-0.1943,0.5435,63
2.13,41,0.0738,6.3073,-2.8001,-0.4988,-0.9641,-1.73,86,2.03,39,8.0879,10.6709,-19.2308,1.2452,0.9673,-0.4522,91,2.708,52,-0.9399,-1.8129,-8.1048,-0.7385,-0.1155,0.5301,63
2.182,42,0.0017,5.8698,-1.853,0.1993,-0.2211,-1.2099,86,2.082,40,6.5858,11.5628,-16.8122,0.2274,0.5241,0.0462,91,2.76,53,2.0618,-1.6794,-6.5776,0.1387,0.6266,-0.1724,63
2.234,43,-0.7397,8.1418,-1.8707,0.4268,-0.0576,-0.6669,86,2.134,41,3.7404,5.7956,-14.9867,-0.5155,1.0447,-0.0205,91,2.811,54,4.2527,-4.0729,-8.929,0.8151,1.1682,-0.7006,63
2.286,44,0.9882,3.2885,-1.2463,-0.29,-0.8592,-0.0063,86,2.186,42,2.1828,2.4842,-15.8792,0.2941,1.1776,0.6496,91,2.863,55,0.5457,-2.2373,-4.9674,0.014,0.8922,-0.1435,63
2.338,45,5.7052,-0.2537,-6.4284,-0.3371,-0.3167,0.5195,86,2.238,43,1.8221,1.8944,-9.3638,0.6887,0.3885,0.6919,91,2.915,56,-1.1824,-0.8769,-4.0268,-0.6276,0.2738,0.2395,63
2.389,46,8.4298,-2.8389,-7.4222,-0.0292,0.0995,0.5765,86,2.289,44,1.7658,1.9579,-10.1986,-0.042,0.0045,0.468,91,2.967,57,-3.8933,-1.9713,-3.3733,-0.483,0.0281,0.2318,63
2.441,47,6.52,0.4485,-3.7871,0.564,0.5665,0.0262,86,2.341,45,0.9068,0.2593,-9.4218,-0.2558,0.1824,0.4583,91,3.019,58,-5.4187,-1.1461,-2.402,-0.574,-0.0478,0.3014,63
2.493,48,-0.3381,8.131,-5.9944,-0.2651,0.9073,0.2135,86,2.393,46,0.6008,0.7591,-9.9664,0.293,-0.2811,0.766,91,3.07,59,-6.3886,-0.8969,-1.9192,-0.7811,-0.1176,0.4164,63
2.545,49,-0.3333,5.739,-5.8682,-0.2518,-0.1957,-0.5108,86,2.445,47,1.0314,2.1989,-9.5311,0.0207,-0.8688,0.5179,91,3.122,60,-7.1649,-1.0347,-1.655,-0.9829,-0.0786,0.574,63
2.596,50,2.4721,7.0845,-3.6263,-0.1296,-0.1056,-0.3193,86,2.497,48,0.6381,2.2532,-10.0679,-0.1466,-0.7453,-0.0943,91,3.174,61,-7.7663,-0.18,0.107,-1.012,0.2592,0.4258,63
2.648,51,-0.3493,7.9173,-3.492,-0.1514,-0.1751,-0.3778,86,2.548,49,1.6832,6.8604,-14.1485,0.5634,-0.8013,-0.752,91,3.226,62,-12.9894,5.1548,-5.6092,-0.0557,0.9001,1.0783,63
2.7,52,0.798,8.6012,-2.0496,-0.7183,-0.6214,-0.2949,86,2.6,50,6.444,10.223,-18.2767,-0.2702,-1.2567,-0.7017,91,3.277,63,-7.2322,-1.5405,-5.0575,0.5231,0.4021,1.0031,63
2.752,53,-0.0027,7.2341,-2.0429,-0.8858,0.0182,-0.1766,86,2.652,51,6.0779,11.7568,-16.9881,-0.8786,-1.5271,-0.5572,91,3.329,64,-2.5305,-5.1453,-4.3214,0.4599,0.409,0.1589,63
2.804,54,-0.3557,6.1632,-1.6277,-0.3073,-0.2182,-0.0161,86,2.704,52,4.0908,5.9472,-12.8337,-1.1404,-1.7731,-0.1956,91,3.381,65,0.9009,-1.5203,-1.9808,1.0496,1.0094,-0.4588,63
2.856,55,-0.3927,5.4299,-1.3248,0.4172,-0.6879,-0.0462,86,2.756,53,2.9898,0.8574,-11.75,-1.5137,-1.4043,-0.3347,91,3.433,66,-4.2293,0.124,-7.1329,1.4736,1.2793,0.1587,63
2.907,56,4.6973,1.3092,-0.393,-0.3925,-1.2737,0.6513,86,2.808,54,2.5052,0.208,-11.9673,-0.4345,-0.918,-0.1185,91,3.485,67,-5.0134,3.1404,-5.6377,0.7119,0.4734,0.8928,63
2.959,57,6.6605,-1.6983,-5.0852,0.3534,-0.5788,1.097,86,2.859,55,1.8538,3.4662,-11.7932,-0.2907,-0.1684,-0.2706,91,3.536,68,-8.079,3.0119,-2.9977,0.0035,0.4982,0.7835,63
3.011,58,7.7616,-1.6595,-6.6111,0.8994,-0.1783,0.6168,86,2.911,56,0.9717,2.2562,-11.4623,-0.6279,-0.042,0.0949,91,3.588,69,-8.7152,2.9074,-2.6983,-0.5041,0.5101,0.6157,63
3.063,59,5.8125,2.9118,-3.7082,1.2827,-0.3232,0.565,86,2.963,57,0.606,1.6865,-10.6828,-1.0975,-0.1982,0.2114,91,3.64,70,-8.8115,2.0623,-3.0238,-0.4136,0.3648,0.6706,63
3.114,60,1.0809,9.3511,-3.9051,0.3541,0.258,0.2513,86,3.015,58,0.113,0.0211,-10.1829,-1.3114,-0.0101,0.2643,91,3.692,71,-8.503,0.9689,-2.5748,-0.5653,0.0842,0.7419,63
3.166,61,0.8368,6.9175,-3.5533,-0.3021,-0.6696,-0.3952,86,3.067,59,-0.6429,-0.3082,-9.7618,-0.6864,-0.1638,0.3736,91,3.743,72,-9.6964,1.0137,-0.8924,-0.4699,0.1273,0.5691,63
3.218,62,0.0951,8.219,-2.6141,0.032,-0.3801,-0.611,86,3.118,60,0.0825,3.5965,-10.6241,0.1694,-0.7348,0.6414,91,3.795,73,-4.329,6.0261,4.2503,-0.0101,-0.548,0.8165,63
3.27,63,0.1536,6.6639,-2.1688,-0.6869,-0.9185,-0.6543,86,3.17,61,5.0771,7.8408,-15.7044,0.5944,-0.3146,-0.2062,91,3.847,74,-0.4117,-0.9046,4.0921,0.4234,-0.3147,0.9538,63
3.322,64,0.4354,6.833,-1.4864,-0.2466,-0.4266,-0.1238,86,3.222,62,5.4754,10.9385,-16.39,-0.2476,-0.8744,-0.3903,91,3.899,75,2.4474,-2.48,0.6033,0.4494,-0.164,0.4054,63
3.373,65,-0.5004,8.0948,-1.7131,-0.3297,-0.256,0.2076,86,3.274,63,3.6417,5.3983,-16.4644,-0.8621,-0.4811,-0.1539,91,3.951,76,4.5341,1.9036,2.0715,0.9707,0.5912,-0.2789,63
3.425,66,-0.3844,6.997,-1.3297,-0.39,-0.5617,0.5228,86,3.326,64,0.9871,2.3386,-14.5952,-0.5451,-0.3513,0.5522,91,4.002,77,-0.0961,3.3498,2.9628,1.4223,0.892,-0.6239,63
3.477,67,1.8012,2.453,-1.8133,-0.8633,-1.2348,1.0666,86,3.377,65,-0.036,1.9263,-17.7417,-0.4265,-0.0075,0.4993,91,4.054,78,-3.4864,-2.8579,-2.109,0.9884,0.4588,0.2986,63
3.529,68,6.2321,-0.8635,-5.9322,-0.0335,-0.5582,1.3161,86,3.429,66,0.642,4.0874,-13.9611,0.3574,-0.6773,0.5119,91,4.106,79,-5.3754,-2.9228,-1.8919,0.4891,0.1602,0.7451,63
3.581,69,5.7795,-3.1931,-4.217,0.6127,-0.8369,1.1689,86,3.481,67,0.8557,2.9737,-12.4193,-0.4136,0.0657,-0.0494,91,4.158,80,-6.4238,-1.4205,-1.5882,0.0682,0.0037,0.9208,63
3.632,70,4.8804,5.6034,-3.9607,1.0886,-0.1169,0.7147,86,3.533,68,-0.5592,-0.361,-12.624,-0.7982,0.2535,-0.1243,91,4.21,81,-7.2207,-0.4705,-2.1155,-0.5572,-0.0883,1.0325,63
3.684,71,1.8305,8.6375,-2.9027,0.0842,0.4085,-0.0413,86,3.585,69,-0.4056,-0.2536,-12.3478,0.0878,-0.0324,0.032,91,4.261,82,-7.8158,-0.5496,-2.2419,-1.0445,-0.207,1.1041,63
3.736,72,0.9915,5.3442,-2.7312,0.4659,0.0251,-0.336,86,3.637,70,-0.2788,2.24,-11.2106,0.3444,-0.32,0.1961,91,4.313,83,-8.3426,-0.4997,-1.3395,-1.3891,-0.157,1.1392,63
3.788,73,0.8856,5.5192,-2.3068,0.2435,-0.3844,-0.5076,86,3.688,71,-0.7575,3.6262,-11.3442,-0.1015,-0.4626,-0.2209,91,4.365,84,-4.4509,-5.6674,-6.6014,-1.6517,-0.6024,1.4669,63
3.84,74,-0.241,6.6677,-2.6942,0.0241,-0.5534,-0.3593,86,3.74,72,-0.4691,7.8625,-16.23,0.5962,-0.0138,-0.5161,91,4.417,85,-0.5006,-9.4391,-5.9856,-0.9201,-0.6785,1.8476,63
3.891,75,-0.4543,7.642,-2.037,-0.1405,-0.9462,-0.1451,86,3.792,73,2.6554,10.9544,-19.7335,-0.2463,-0.6195,-0.5705,91,4.469,86,0.4985,-8.5919,-10.0558,-0.5828,-0.001,0.8314,63
3.943,76,-0.8942,8.6284,-1.602,0.0536,-1.0802,-0.1572,86,3.844,74,1.0374,7.4592,-17.6301,-0.8611,-0.2412,-0.1323,91,4.52,87,3.1117,-5.2596,-7.2073,0.284,0.7101,0.0321,63
3.995,77,-0.5962,7.6274,-0.666,-0.0296,-1.104,-0.062,86,3.896,75,-1.775,0.1191,-17.1959,-1.3099,-0.5062,0.0062,91,4.572,88,0.3487,-9.1414,-10.9475,0.9212,1.2292,-0.5513,63
4.046,78,0.0604,2.9131,-0.1655,-0.4863,-1.0241,0.4316,86,3.947,76,-0.8941,0.9121,-17.008,-0.3807,-0.7706,0.669,91,4.624,89,-2.9995,-11.9745,-4.7965,0.0345,0.7484,-0.0142,63
4.099,79,5.028,-0.5277,-5.0439,0.1261,-1.6053,0.4763,86,4.0,77,0.5362,5.0495,-15.9218,0.3925,-0.1454,-0.1749,91,4.676,90,-5.095,-9.0052,-4.5933,-0.3844,0.5068,0.5463,63
4.15,80,4.9606,-3.0389,-3.2214,0.3488,-1.597,0.2029,86,4.051,78,-0.0183,3.8678,-14.3941,-0.3949,-0.3984,-0.6188,91,4.727,91,-6.0973,-6.1372,-4.3155,-0.7004,0.2282,0.998,63
4.202,81,3.7705,4.1435,-4.4613,0.896,-0.6717,-0.5186,86,4.103,79,-0.9082,-0.6026,-13.8567,-0.9696,0.1716,-0.0961,91,4.779,92,-6.5355,-4.0613,-4.4431,-0.7402,-0.1753,1.3089,63
4.254,82,3.2596,3.9749,-5.223,-0.0563,-1.2897,-0.9862,86,4.155,80,-0.059,-0.3906,-12.5732,-0.0438,-0.1262,0.469,91,4.831,93,-7.7097,-1.7256,-3.777,-0.7206,-0.5094,1.3368,63
4.306,83,2.618,1.204,-4.885,0.2639,-1.7355,-1.3472,86,4.207,81,0.7055,3.0762,-11.0448,0.3754,0.0978,-0.1956,91,4.883,94,-9.1255,-0.3573,-1.9162,-0.5014,-0.2703,0.8703,63
4.358,84,3.3265,3.9823,-2.9625,0.22,-1.612,-0.8763,86,4.259,82,0.4237,4.6047,-9.6882,0.3238,0.0467,-0.5424,91,4.935,95,-3.9124,-5.5635,-5.2361,-1.0038,-0.5751,1.1459,63
4.409,85,0.7064,5.5742,-2.4866,-0.3142,-0.6897,-0.3529,86,4.31,83,-0.917,8.5766,-12.999,0.9066,0.714,-0.2606,91,4.986,96,-0.1076,-9.3632,0.9979,-1.1754,-0.0467,1.1634,63
4.461,86,-0.5697,8.2378,-1.7505,-0.4215,-1.0318,-0.2425,86,4.362,84,0.5554,11.4755,-16.424,-0.0197,-0.1125,-0.6379,91,5.038,97,2.3301,-9.5135,-1.267,-0.8364,0.1066,0.3129,63
4.513,87,-0.4541,7.3817,-1.3441,-0.1276,-1.1561,-0.4014,86,4.414,85,1.8601,4.9332,-15.2576,-0.6958,-0.1514,-0.6662,91,5.09,98,4.4485,-3.0892,0.1138,0.1035,0.7887,-0.3464,63
4.565,88,0.3377,6.2298,-1.0694,-0.2618,-1.3097,-0.1534,86,4.466,86,1.9915,-1.7712,-18.8006,-0.989,0.3454,-0.3115,91,5.141,99,1.1505,-7.5573,-5.6042,0.7894,1.2865,-0.8242,63
4.616,89,1.4148,1.893,-1.0185,-0.7978,-1.343,0.5731,86,4.518,87,-0.2396,3.9232,-21.672,-0.0515,0.3016,0.4261,91,5.193,100,-0.7909,-9.1537,-5.4467,0.0683,0.3134,0.1066,63
4.668,90,6.0165,-1.2722,-6.2621,-0.2185,-1.525,0.7007,86,4.569,88,1.2907,6.9564,-17.2952,-0.5043,-0.4517,-0.2981,91,5.245,101,-4.927,-5.676,-3.7279,-0.0454,0.1156,0.6443,63
4.72,91,5.1423,-1.0823,-6.1295,0.482,-1.3594,0.7636,86,4.621,89,1.2904,3.6645,-15.657,-1.0494,-0.3759,-0.6007,91,5.297,102,-6.3536,-3.7318,-2.5283,0.1298,0.1182,0.5164,63
4.772,92,3.5141,7.144,-3.4977,0.9932,-1.829,0.231,86,4.673,90,1.017,-0.4594,-14.8104,-1.0127,-0.4061,-0.6432,91,5.349,103,-6.9373,-2.4938,-2.6093,-0.2698,0.2509,0.3385,63
4.823,93,2.251,5.8024,-3.9974,0.0275,-0.841,0.1622,86,4.725,91,1.0544,-0.239,-13.6806,-0.0687,-0.1735,0.1391,91,5.401,104,-7.5078,-2.1057,-1.6963,-0.7118,0.3898,0.252,63
4.875,94,0.6854,3.3884,-5.0718,-0.5782,-1.1551,0.0037,86,4.777,92,0.9132,0.8151,-12.9402,0.6202,0.0995,0.1211,91,5.452,105,-8.0656,-2.2125,-1.2841,-0.9262,0.5722,0.2658,63
4.927,95,1.0087,5.6506,-3.525,0.2195,-1.5761,0.2462,86,4.829,93,0.1937,3.7933,-11.3383,0.8164,0.2245,0.0115,91,5.504,106,-6.9072,-6.9175,-6.6245,-1.2877,0.0091,0.8232,63
4.979,96,-0.0626,7.2303,-3.0899,-0.5501,-1.1009,0.3592,86,4.88,94,-1.1842,7.9845,-16.2257,1.2662,0.4148,0.3707,91,5.556,107,-2.2933,-7.9223,0.0668,-0.8881,-0.3989,1.3778,63
5.031,97,-0.6292,7.6073,-2.4181,-0.3511,-0.8659,0.4566,86,4.932,95,-1.2663,11.0434,-19.6579,0.2427,-0.0813,0.435,91,5.608,108,0.001,-8.9153,-1.5925,-0.3138,-0.1426,0.8968,63
5.082,98,-0.7835,8.3202,-1.7474,-0.498,-1.2095,0.4602,86,4.984,96,0.4721,11.0452,-17.8591,-0.5029,0.0764,0.507,91,5.659,109,2.5059,-7.0972,-2.2185,0.2414,0.6068,0.0836,63
5.134,99,-0.1172,7.4928,-0.5674,-0.2036,-1.256,0.3957,86,5.036,97,0.8618,5.1529,-15.6957,-1.0484,0.5768,1.0241,91,5.711,110,4.5767,-10.4418,-1.9425,0.8901,1.1424,-0.5138,63
5.186,100,0.7318,3.6458,1.4162,-0.7389,-0.8451,0.9726,86,5.088,98,-0.8136,1.3277,-15.5528,-0.1373,1.098,1.4119,91,5.763,111,-0.7849,-4.5776,-1.7682,0.0443,0.5068,0.0998,63
5.238,101,1.5975,0.0071,-4.4852,-0.9969,-1.2891,0.7115,86,5.139,99,-1.2214,4.3059,-12.4771,0.5702,0.1315,1.695,91,5.815,112,-0.8298,-2.7039,-1.0957,-0.3459,-0.1513,0.8498,63
5.29,102,1.4276,-2.6485,-5.4512,-0.0862,-0.6807,0.5974,86,5.191,100,-0.469,3.1662,-12.6567,-0.2653,0.2269,1.4351,91,5.867,113,-3.2686,-2.1979,-0.3151,-0.5379,-0.4636,1.3165,63
5.341,103,-0.2661,0.9823,-5.8634,-0.0192,-0.6579,0.0435,86,5.243,101,-0.9612,2.9457,-11.8962,-0.1195,0.1283,0.9081,91,5.918,114,-5.8684,-1.0558,-0.8787,-0.6139,-0.3759,1.2934,63
5.393,104,1.0407,6.1412,-3.4777,0.554,-1.338,-0.2817,86,5.295,102,-0.8073,1.8032,-11.3946,-0.3781,0.2016,0.3777,91,5.97,115,-6.3065,-0.4071,-1.0433,-0.5745,-0.2084,1.0801,63
5.445,105,-0.6711,8.9642,-3.1226,-0.136,-0.4926,-0.789,86,5.347,103,-0.9689,1.217,-10.9445,-0.1831,0.1489,0.1547,91,6.022,116,-6.9311,0.4703,-0.1786,-0.4684,0.0577,0.9287,63
5.497,106,0.7605,5.9935,-2.3654,-0.1677,-0.6309,-1.1446,86,5.398,104,-0.786,2.1577,-10.8975,0.3013,0.0293,-0.3217,91,6.074,117,-7.3728,-4.9593,-5.8177,-0.8457,0.4052,0.6274,63
5.549,107,-0.2662,6.1047,-2.261,-0.8327,-0.6135,-0.7798,86,5.45,105,-0.2193,6.7907,-15.904,0.8903,0.1345,-0.8254,91,6.126,118,-2.6332,-6.5611,-8.0751,-0.9144,0.3451,0.4144,63
5.601,108,-0.0868,5.9702,-1.7713,-0.59,-0.8525,-0.6636,86,5.502,106,2.4919,10.1721,-19.5579,0.2514,-0.2283,-0.8572,91,6.177,119,-3.7176,-6.5796,-9.1669,-0.6322,0.4362,0.4835,63
5.653,109,-0.472,7.2991,-1.1139,0.0878,-0.6909,-0.3869,86,5.554,107,2.5707,12.64,-17.2506,-0.4979,-0.5641,-0.3906,91,6.229,120,0.0346,-7.7165,-8.1631,0.0862,0.7708,-0.2029,63
5.704,110,-0.9117,9.0412,-0.6973,0.0024,-0.5745,-0.0843,86,5.606,108,1.4828,6.4541,-15.4132,-1.0448,0.1278,-0.5152,91,6.281,121,2.7731,-6.3619,-7.3962,0.7768,1.2734,-0.7228,63
5.756,111,-0.2379,5.9149,0.1463,-0.5527,-0.813,0.3226,86,5.658,109,-0.0989,-0.2418,-15.4817,-1.0833,0.477,-0.2194,91,6.333,122,-5.5313,0.6431,-9.0237,0.267,1.2346,-0.4403,63
5.808,112,2.9423,1.6632,-5.412,-1.1137,-1.3082,0.1535,86,5.709,110,0.3284,3.2386,-19.2497,-0.1203,0.0351,0.5044,91,6.385,123,-4.9366,-1.1314,-8.1148,-0.2645,0.2615,0.4556,63
5.86,113,3.0426,-1.4399,-8.4178,-0.3302,-0.6583,0.556,86,5.761,111,-0.6906,5.3669,-16.7124,-0.7692,0.7055,-0.281,91,6.437,124,-7.1942,-0.3739,-4.7163,-0.4802,-0.1597,0.9823,63
5.912,114,2.6541,1.0984,-6.5145,0.4005,-0.5394,0.0551,86,5.813,112,-1.2995,2.2308,-17.1556,-1.2428,0.367,-0.7782,91,6.488,125,-8.7113,-0.3683,-3.0209,-0.2248,-0.1097,0.7885,63
5.963,115,1.6346,8.7355,-4.0013,0.0844,-0.6237,0.0284,86,5.865,113,-2.0411,-0.3521,-16.7306,-0.2587,0.3582,-0.5199,91,6.54,126,-8.7507,-0.6982,-2.596,-0.4619,0.0784,0.5015,63
6.015,116,0.8121,3.9827,-4.7922,-0.6487,-0.3717,-0.6439,86,5.917,114,-0.4374,1.2901,-13.9713,0.4816,0.3186,-0.1468,91,6.592,127,-8.5942,-0.5825,-1.9342,-0.4303,0.3202,0.3402,63
6.067,117,0.9863,4.3407,-5.1846,0.168,-0.5995,-0.5658,86,5.968,115,-0.61,2.4782,-12.3026,0.338,0.598,-0.041,91,6.644,128,-8.7366,-0.971,-1.454,-0.3396,0.4095,0.4247,63
6.119,118,-0.3952,5.524,-4.1727,-0.1061,-1.0944,-0.2923,86,6.02,116,-0.759,6.1384,-10.846,0.917,1.0148,-0.4319,91,6.696,129,-3.6285,4.5775,3.8405,-0.1203,0.635,0.9706,63
6.17,119,-0.5638,7.8993,-3.0217,-0.1369,-1.3625,-0.4071,86,6.072,117,0.7961,9.696,-15.8664,1.3272,0.9759,-0.7844,91,6.747,130,-5.9026,1.749,1.9487,0.3083,0.1739,1.2185,63
6.222,120,-0.5423,7.3935,-2.0493,-0.0337,-1.1117,-0.5044,86,6.124,118,0.0868,12.2925,-17.1993,0.7015,0.4243,-1.2424,91,6.799,131,-1.5601,-1.6218,0.8177,0.6008,0.0047,0.4457,63
6.274,121,-0.2986,7.44,-1.0595,-0.1774,-1.0069,-0.1955,86,6.176,119,0.6283,7.368,-13.5281,-0.1694,0.1504,-1.0047,91,6.851,132,1.6092,2.8669,2.1157,1.1524,0.7143,-0.2495,63
6.326,122,-0.28,6.5174,-0.4244,-0.117,-1.2397,0.3033,86,6.227,120,0.0439,0.0057,-14.3599,-0.8051,0.2601,-1.165,91,6.903,133,-5.1559,3.0866,-1.337,1.0277,0.8724,0.0332,63
6.377,123,2.5659,2.1029,-1.5528,-0.7957,-1.7592,0.2628,86,6.279,121,0.0509,-0.1883,-14.3813,0.0828,0.3107,-0.1858,91,6.955,134,-4.5099,2.5147,-3.7116,0.7115,0.0246,0.8012,63
6.429,124,4.2988,-1.119,-5.4591,-0.348,-0.7901,0.8393,86,6.331,122,4.2797,5.0785,-13.5729,-0.3126,0.3606,-0.2408,91,7.007,135,-5.2745,2.6298,0.89,-0.1186,-0.5071,1.305,63
6.481,125,3.6894,-0.9802,-5.0291,0.3635,-0.4154,0.9386,86,6.383,123,3.2037,2.5625,-15.1876,-0.9096,0.9431,-0.0848,91,7.058,136,-7.6328,3.0236,1.3636,0.3416,-0.5052,0.9913,63
6.533,126,4.0131,3.5615,-1.6945,0.455,-0.773,0.7803,86,6.435,124,0.3421,0.8532,-14.5427,-0.1284,0.6596,0.5723,91,7.11,137,-8.237,3.3115,2.2208,-0.0278,-0.2391,0.4703,63
6.585,127,1.3168,10.5332,-0.873,0.38,-0.0703,1.0,86,6.487,125,-1.5311,-0.3529,-14.6054,-0.0328,0.8276,0.7796,91,7.162,138,-8.8772,2.6753,2.5082,-0.6257,0.4068,0.0836,63
6.636,128,0.4601,7.1826,-3.2469,-0.433,-0.4259,0.1466,86,6.538,126,-1.2278,0.2069,-13.4306,0.638,-0.0456,0.6985,91,7.214,139,-8.4328,0.4885,0.0901,-1.0945,0.8816,0.0666,63
6.688,129,0.0259,6.6771,-3.1183,0.3255,-0.4066,-0.4538,86,6.59,127,1.3464,5.367,-13.7151,1.136,-0.5021,-0.1096,91,7.266,140,-6.2852,-4.9462,4.3598,-1.4367,0.2435,0.6686,63
6.74,130,0.2158,7.7449,-2.7611,-0.2891,-1.1536,-0.7986,86,6.642,128,2.8131,9.133,-17.9604,1.0446,0.2576,-0.7057,91,7.317,141,-1.8394,-2.9137,5.554,-1.3208,0.5507,0.3148,63
6.792,131,-0.1018,7.1064,-2.2733,-0.6659,-1.0311,-0.6519,86,6.694,129,2.0574,11.8816,-20.8319,0.5219,-0.4712,-1.0224,91,7.369,142,1.4054,-4.0438,2.5939,-0.7315,0.2835,0.0002,63
6.844,132,-0.9264,7.9488,-2.3682,-0.2683,-1.0298,-0.6895,86,6.746,130,2.3621,9.5672,-17.2311,-0.3005,-0.9412,-0.8067,91,7.421,143,3.7736,-1.007,2.4509,0.1052,0.9178,-0.5746,63
6.895,133,-0.7262,6.4739,-1.7768,0.4206,-1.2319,-0.466,86,6.797,131,2.9625,1.7396,-15.4332,-0.9007,-0.0347,0.0746,91,7.472,144,2.0317,-6.0377,-3.8985,0.7907,1.3807,-0.9941,63
6.947,134,2.2347,2.0712,-1.3327,-0.4007,-1.7565,0.345,86,6.85,132,1.1344,-2.1933,-15.2853,-0.1448,0.3896,0.6651,91,7.524,145,-2.2283,-9.7093,-5.4573,-0.0608,0.7556,-0.1972,63
6.999,135,6.6149,-1.1421,-6.4915,0.1186,-1.6503,0.676,86,6.901,133,0.5848,0.8877,-16.0747,0.5647,-0.0107,0.2794,91,7.576,146,-4.08,-6.504,-4.4064,0.0658,0.1717,0.6331,63
7.051,136,6.0713,-2.043,-6.3851,0.728,-0.7141,0.8317,86,6.953,134,0.229,4.0852,-14.7987,1.0825,-0.2807,0.4502,91,7.628,147,-4.813,-4.5984,-3.2258,-0.3138,-0.2141,1.2107,63
7.103,137,2.5041,2.555,-4.0251,1.1361,-0.3749,0.3652,86,7.005,135,-0.0663,2.9001,-14.0557,0.1086,0.0627,0.5774,91,7.68,148,-6.1623,-2.3564,-1.8289,-0.8369,-0.466,1.4735,63
7.154,138,0.2214,9.6372,-4.2136,0.2605,0.1628,0.1621,86,7.057,136,-1.9086,-0.7051,-13.0478,-0.4786,-0.3484,0.6137,91,7.731,149,-7.4873,-0.4447,-1.1167,-1.146,-0.2518,1.3695,63
7.206,139,0.3781,5.4355,-3.3278,-0.1399,-0.6996,-0.5484,86,7.109,137,-1.5873,1.9041,-14.7989,0.321,-0.9251,0.5625,91,7.783,150,-7.9961,0.8692,-6.5023,-1.4067,0.2395,0.734,63
7.258,140,1.6039,6.1142,-1.5317,0.0743,-0.7384,-0.134,86,7.16,138,0.0873,6.6056,-14.0529,0.9047,-0.78,0.5931,91,7.835,151,-10.8668,5.919,-10.433,-1.0665,-0.1281,0.9917,63
7.31,141,0.1254,6.3888,-0.8864,0.0145,-0.3012,0.1055,86,7.212,139,-0.5401,10.037,-15.5651,0.9521,-0.533,0.0906,91,7.887,152,-10.1604,0.7004,-9.5374,-0.196,-0.456,0.8906,63
7.362,142,-0.8807,7.9823,-1.0043,0.3217,-0.2379,0.0102,86,7.264,140,-1.4547,12.5414,-18.7239,0.8005,-0.634,-0.6211,91,7.939,153,-7.7575,-0.6922,-9.3071,-0.1307,-0.266,0.6288,63
7.413,143,-1.4836,8.3161,-1.4447,0.0204,-0.4034,0.2131,86,7.316,141,2.2612,14.3692,-19.3244,0.1694,-1.0131,-0.8443,91,7.99,154,-5.7568,-2.1184,-8.9835,0.2299,0.1274,0.3489,63
7.465,144,-1.3111,6.6923,-1.1204,0.1433,-0.9155,0.3203,86,7.368,142,1.3314,11.5025,-17.9381,-0.5578,-1.1269,0.0483,91,8.042,155,-2.5707,-4.1215,-8.1317,0.5162,0.3227,-0.2102,63
7.517,145,-0.2139,2.2409,-0.6471,-0.5514,-1.4045,0.519,86,7.419,143,0.4547,7.7901,-16.2701,-0.6262,-0.4496,0.6817,91,8.094,156,0.8716,-0.6264,-5.1229,1.0907,0.9464,-0.7281,63
7.569,146,0.5151,-1.0182,-1.2668,-0.5605,-1.21,0.6668,86,7.471,144,-2.2517,5.3604,-16.7645,-1.1385,-0.131,1.0461,91,8.146,157,-4.3692,-5.2785,-9.4262,1.5099,1.4016,-0.5,63
7.621,147,3.5548,-3.3969,-2.159,0.2323,-1.741,0.5538,86,7.523,145,-2.6894,3.2313,-16.3806,-0.1635,-0.7438,0.9826,91,8.197,158,-4.0239,-5.1508,-8.1271,0.7176,0.4101,0.4121,63
7.672,148,3.3724,-5.133,-3.943,0.2596,-1.5017,0.3151,86,7.575,146,1.278,7.5743,-13.2161,0.27,-1.2147,0.7573,91,8.249,159,-4.7235,-2.2753,-4.4469,-0.0862,0.0536,0.8165,63
7.724,149,4.7224,-1.8446,-2.166,0.4661,-1.0364,-0.3375,86,7.627,147,1.0571,3.9999,-13.9482,-0.4844,-0.7972,0.3384,91,8.301,160,-6.8023,-1.4145,-3.8514,-0.23,0.074,0.5148,63
7.776,150,1.7297,1.7009,-1.0031,0.4982,-0.2625,-0.4234,86,7.678,148,0.5318,1.5123,-12.7163,0.2577,-0.7085,0.4607,91,8.353,161,-7.5001,-0.7575,-2.4666,-0.0235,0.3271,0.173,63
7.828,151,-2.6964,3.9923,-1.543,-0.3467,-0.9367,-0.4747,86,7.73,149,0.2887,1.26,-11.7482,0.615,-0.1899,0.3225,91,8.405,162,-7.3033,0.6786,-1.7525,-0.6488,0.6756,-0.1097,63
7.879,152,-0.5487,2.7472,-1.3188,0.3756,-1.352,-1.0131,86,7.782,150,-0.045,3.1241,-11.578,1.0769,-0.3062,0.7671,91,8.456,163,-7.4048,0.1181,-2.2249,-1.1114,0.9253,-0.0282,63
7.931,153,0.1095,7.1919,-2.1679,0.0649,-0.4928,-0.375,86,7.834,151,2.2487,7.4961,-15.6588,1.4563,0.0102,-0.0856,91,8.508,164,-6.0928,5.3724,-7.3111,-0.4985,1.2068,0.4219,63
7.983,154,-0.9615,5.3348,-2.0124,-0.6498,-0.1402,-0.1519,86,7.886,152,5.5652,10.6869,-19.379,0.3815,-0.5544,-0.5944,91,8.56,165,-3.6248,3.0343,-8.8711,-0.3437,0.8737,0.6709,63
8.035,155,-1.3161,8.6821,-1.5509,0.0846,-0.4656,-0.3294,86,7.937,153,3.7607,9.6803,-17.32,-0.203,-0.4678,-0.275,91,8.612,166,0.1023,-0.6111,-7.5649,0.2712,1.1585,0.0374,63
8.087,156,-1.944,9.045,-0.7693,-0.2645,-0.6029,-0.4042,86,7.989,154,2.2156,5.9644,-13.5769,-0.8296,-0.3603,0.459,91,8.664,167,2.6911,1.3133,-4.7187,0.9118,1.5564,-0.5474,63
8.138,157,-1.0497,4.2783,-0.2647,-0.8303,-1.2923,0.0192,86,8.041,155,0.384,-0.3633,-13.3435,-1.0809,0.3446,-0.2573,91,8.715,168,-3.794,6.2447,-1.0438,0.8017,1.5093,-0.4741,63
8.19,158,4.2178,0.4687,-4.8209,-0.2018,-1.8011,0.1835,86,8.093,156,-0.5346,0.7438,-15.6938,-0.1187,0.7816,0.3709,91,8.767,169,-3.6747,3.424,-2.2877,0.165,0.4769,0.431,63
8.242,159,4.9285,-2.3116,-7.1352,-0.7791,-0.8206,0.819,86,8.145,157,0.7738,3.8469,-15.2929,0.0376,-0.1014,-0.1494,91,8.819,170,-5.9925,2.4606,-1.4508,-0.2241,0.0462,0.8708,63
8.294,160,4.6574,0.8918,-5.7346,0.0728,-0.8815,0.3037,86,8.197,158,1.0014,2.3552,-14.3685,-0.6539,-0.0528,-0.2006,91,8.871,171,-6.7466,2.3568,-1.4515,-0.2722,-0.0321,0.8234,63
8.346,161,2.5597,7.0007,-2.8564,-0.1694,-0.3511,0.0216,86,8.248,159,0.1209,0.8495,-13.7546,0.0818,-0.0426,-0.0619,91,8.922,172,-7.4401,2.2033,-0.9194,-0.2827,-0.0927,0.715,63
8.397,162,0.4236,9.9829,-3.4951,-0.8339,0.2377,0.037,86,8.3,160,-0.146,1.7979,-13.3966,0.711,-0.0349,0.3469,91,8.974,173,-7.7815,2.3571,-0.0187,-0.7891,0.0638,0.6624,63
8.449,163,0.5826,4.9768,-4.0914,-0.6168,0.6555,-0.6191,86,8.352,161,0.2429,2.655,-11.7524,0.4469,-0.6973,0.1298,91,9.026,174,-7.4969,1.1726,0.053,-1.2134,0.2436,0.6497,63
8.501,164,0.0846,9.5027,-6.8538,0.1913,0.4683,-0.2041,86,8.404,162,0.5165,5.8469,-11.3038,0.9438,-0.602,-0.5253,91,9.078,175,-2.7237,6.1421,4.9403,-0.5096,-0.4631,0.937,63
8.553,165,-0.3341,7.1914,-6.3791,-0.5707,-0.348,0.1864,86,8.456,163,1.1355,9.4833,-16.2005,1.3587,0.1409,-1.0096,91,9.13,176,-0.6659,0.7434,3.1616,-0.8078,-0.1712,1.072,63
8.605,166,-0.201,6.5474,-4.8593,0.2249,-0.3598,0.2713,86,8.507,164,-1.2566,12.1373,-17.4019,0.3102,-0.2804,-0.9234,91,9.181,177,2.2618,-1.4759,0.2414,-0.3722,-0.1797,0.6987,63
8.656,167,-1.2467,10.312,-3.7815,0.7752,-0.4884,0.493,86,8.559,165,-2.1932,9.4805,-15.1742,-0.3901,0.1447,-0.296,91,9.233,178,3.8,-0.1379,-0.7847,0.3422,0.5797,-0.0648,63
8.708,168,-1.0015,7.1399,-2.0643,0.072,-0.7218,0.6085,86,8.611,166,0.6078,3.3791,-11.0539,-0.9661,0.0532,-0.1585,91,9.285,179,5.5213,-5.4034,-4.5867,0.9637,1.134,-0.622,63
8.76,169,-1.3324,2.5573,-0.4213,-0.137,-0.912,1.1291,86,8.663,167,-0.8608,-0.8046,-11.0076,-0.8627,0.6474,-0.5392,91,9.337,180,-0.4954,-8.4146,-5.6935,0.2499,0.5897,0.2817,63
8.812,170,4.0115,-0.7874,-4.3631,0.5385,-1.0278,1.3534,86,8.715,168,-1.3144,-0.4804,-11.0389,0.0407,0.6821,-0.1916,91,9.388,181,-1.512,-3.7125,-4.9228,-0.369,-0.1024,0.9826,63
8.864,171,0.8986,-2.2748,-3.9642,1.0345,-0.7864,1.1816,86,8.766,169,-0.5177,0.9269,-10.454,0.3004,0.351,0.5247,91,9.44,182,-4.0825,-2.1166,-2.6715,-0.9071,-0.3238,1.0527,63
8.915,172,1.8622,3.24,-2.6153,1.2232,-1.1664,0.2957,86,8.818,170,-0.3672,1.0697,-10.5421,0.6059,0.4664,0.6986,91,9.492,183,-5.6826,-1.4585,-2.8557,-1.1936,-0.0869,0.6191,63
8.967,173,0.9323,8.4895,-2.0171,1.5342,-0.3574,0.1705,86,8.87,171,-0.4174,2.9351,-10.2934,0.0217,0.1581,0.9629,91,9.544,184,-6.2666,-1.5084,-1.6192,-0.6146,0.1937,0.2052,63
9.019,174,-0.2675,7.5327,-4.4069,0.4094,-1.03,-0.5423,86,8.922,172,-0.1196,1.5693,-11.305,-0.4611,0.109,0.3251,91,9.596,185,-6.7784,-1.7071,-1.6884,-0.0701,0.2865,-0.0571,63
9.071,175,1.7299,6.5732,-4.8481,0.9297,-0.5621,-0.7818,86,8.974,173,0.2009,2.6194,-12.9245,0.3176,-0.0852,-0.0928,91,9.647,186,-6.0411,-6.5487,-6.9195,-0.646,0.0471,0.2029,63
9.122,176,-0.9589,8.7103,-4.2248,0.5152,0.0837,-0.1233,86,9.026,174,1.4062,7.1277,-16.9436,0.9022,0.5818,-0.7448,91,9.699,187,-1.6612,-9.7543,-4.8827,-0.2348,-0.0528,0.839,63
9.174,177,-0.8554,8.0261,-3.935,-0.1079,-0.7968,-0.5268,86,9.077,175,2.5075,10.418,-20.2388,0.1214,0.227,-1.2308,91,9.751,188,-1.0867,-10.8121,-6.0182,-0.1419,0.0801,0.4635,63
9.226,178,-0.7923,9.0186,-2.6268,0.4517,-0.5746,-0.5112,86,9.129,176,1.769,8.1278,-17.6859,-0.5928,-0.3411,-0.9869,91,9.803,189,1.9547,-6.9478,-4.2146,0.6104,0.7693,-0.2365,63
9.278,179,-0.8142,9.492,-1.7545,-0.0499,-0.9441,-0.4917,86,9.181,177,2.5884,0.5603,-16.2434,-1.1141,-0.2939,-0.9655,91,9.855,190,4.1745,-10.3735,-3.6847,1.1594,1.2724,-0.7473,63
9.33,180,0.2435,4.2739,-1.2237,-0.1744,-1.416,-0.0433,86,9.233,178,0.5252,-3.5243,-18.3662,-0.1428,0.4654,-0.1133,91,9.907,191,2.6904,-10.093,-3.0939,0.783,0.5737,0.1891,63
9.381,181,5.1616,0.4655,-6.4119,0.0424,-1.7549,0.4484,86,9.285,179,1.5813,2.6438,-17.6872,0.5661,-0.3322,-0.3074,91,9.958,192,-2.8871,-5.6735,-2.3026,-0.0121,0.5876,0.6941,63
9.433,182,4.9646,-2.314,-8.8219,0.6226,-1.2276,0.9718,86,9.336,180,0.7411,3.7785,-18.1972,-0.2682,0.4375,-0.062,91,10.01,193,-5.6297,-3.7605,-2.009,-0.3399,0.5365,0.5487,63
9.485,183,3.5533,2.4438,-7.3686,1.0958,-0.8025,0.8937,86,9.388,181,-1.782,-2.614,-16.4777,-0.8772,-0.3526,-0.0316,91,10.062,194,-6.418,-3.1735,-2.5881,-0.8305,0.6125,0.4643,63
9.537,184,1.7041,7.5873,-6.1842,1.4412,-0.9326,0.6777,86,9.44,182,0.6427,-2.9303,-13.6555,0.0081,-0.6766,0.1134,91,10.114,195,-7.4008,-3.057,-2.3207,-1.0029,0.5973,0.4671,63
9.589,185,-1.1859,12.4574,-6.3942,0.4665,-0.7132,0.5372,86,9.492,183,0.4485,-1.8074,-12.9002,0.6763,0.1861,0.0069,91,10.165,196,-8.3332,-2.5994,-1.9421,-0.9377,0.5407,0.5456,63
9.64,186,0.3838,6.8585,-5.0335,0.064,-1.3784,-0.2233,86,9.544,184,-1.8481,0.946,-16.7213,0.4968,0.4768,0.6112,91,10.217,197,-8.5455,-3.3751,-4.6025,-0.981,0.4967,0.6537,63
9.692,187,-0.11,8.2629,-4.9818,-0.3968,-0.8901,0.1156,86,9.595,185,-4.7642,5.9064,-20.1544,1.0321,0.3408,0.7679,91,10.269,198,-3.489,-7.6788,-9.0464,-1.0069,-0.2784,0.6237,63
9.744,188,-0.6033,7.5921,-3.7582,-0.8578,-1.3719,0.0146,86,9.647,186,0.3935,9.5267,-22.6601,0.3655,-0.4229,-0.1167,91,10.321,199,-2.4247,-5.7948,-10.103,-0.4384,-0.1489,0.1439,63
9.796,189,-0.3981,9.3593,-2.4008,-0.4934,-1.1831,0.0115,86,9.699,187,-1.2561,9.5756,-20.7199,-0.4146,-0.849,-0.3219,91,10.373,200,0.9782,-5.679,-8.1955,0.329,0.6006,-0.4533,63
9.848,190,-0.9054,9.0848,-1.4563,-1.0622,-1.206,0.0578,86,9.751,188,2.5979,1.8065,-15.4214,-0.984,-0.9648,0.403,91,10.424,201,3.4618,-9.4475,-10.345,0.954,1.1492,-0.9056,63
9.899,191,1.1533,6.0883,-0.8482,-0.9494,-0.9995,0.5113,86,9.803,189,2.3005,-3.1283,-14.951,-0.0478,-0.0293,0.9238,91,10.476,202,-1.1429,-1.7058,-5.2156,0.1651,0.6825,-0.2423,63
9.951,192,3.4009,1.7897,-6.1379,-1.1152,-1.5299,-0.1846,86,9.855,190,1.3876,2.0908,-18.8624,0.6354,0.6488,0.8288,91,10.528,203,-2.377,-0.967,-5.1249,0.2865,0.1174,0.5454,63
10.003,193,4.8273,-1.3475,-9.564,-0.5375,-0.6426,0.4756,86,9.906,191,-0.0512,4.0194,-18.951,0.1216,1.1534,0.7268,91,10.579,204,-4.8633,-0.6212,-4.3932,-0.4285,-0.1025,0.8614,63
10.055,194,2.458,3.2245,-6.5904,0.2491,-0.8436,0.0631,86,9.958,192,-0.5514,2.4083,-17.324,-0.0787,0.8986,0.4721,91,10.631,205,-6.0781,-0.0328,-3.3578,-0.9506,-0.2518,1.0644,63
10.107,195,2.4144,10.2873,-3.8467,0.7747,-0.8009,-0.0282,86,10.01,193,-1.2721,1.972,-15.0144,-0.1438,0.282,0.6113,91,10.683,206,-6.4941,-0.3124,-2.1961,-1.078,-0.393,1.0619,63
10.158,196,-0.4391,11.5196,-4.8013,-0.1449,-0.0907,-0.6325,86,10.062,194,-1.6662,0.703,-13.4395,-0.3726,-0.2399,0.2767,91,10.735,207,-7.1294,-0.0449,-1.0394,-0.7308,-0.3203,0.9798,63
10.21,197,0.733,9.1209,-4.8918,-0.0649,-0.5145,-1.06,86,10.114,195,-1.2826,2.0942,-15.1426,0.3842,-0.2976,0.2827,91,10.787,208,-4.5731,-5.3355,-6.4459,-0.9882,-0.6092,1.1355,63
10.262,198,0.4814,7.1683,-4.0716,-0.5194,-0.6289,-1.048,86,10.165,196,-0.1995,6.7444,-19.0022,0.9507,-0.2046,0.0397,91,10.838,209,-0.5898,-5.0202,-7.6559,-1.2509,-0.9465,1.0175,63
10.314,199,-0.1708,7.7783,-3.3358,-0.2759,-0.4336,-0.8358,86,10.217,197,2.6209,10.1383,-21.8192,0.0133,-0.3627,-0.5764,91,10.89,210,2.3098,-4.1856,-9.5568,-0.8173,-0.5498,0.5784,63
10.366,200,-0.7208,8.4057,-2.5402,-0.5103,-0.4873,-0.4726,86,10.269,198,1.3328,8.9667,-20.4491,-0.6717,-0.4697,-0.4041,91,10.942,211,4.103,-2.4888,-8.2085,0.0377,0.3096,-0.1378,63
10.417,201,-1.172,7.9969,-2.1712,-0.554,-0.5543,-0.2203,86,10.321,199,1.9822,1.1726,-19.9655,-1.1716,-0.7006,0.3395,91,10.994,212,5.7424,-7.1191,-7.6718,0.7414,0.9369,-0.6753,63
10.469,202,0.95,3.1828,-0.7376,-0.9988,-1.2593,0.3093,86,10.373,200,0.334,-2.6054,-18.3745,-0.2866,-0.3842,0.9123,91,11.046,213,3.6815,-6.3753,-6.3225,-0.0967,0.1978,0.004,63
10.521,203,5.6773,-0.3308,-6.0571,-0.0966,-1.658,0.7844,86,10.424,201,-1.3562,2.8672,-21.361,0.3954,-0.1918,0.3853,91,11.097,214,-0.5388,-3.4773,-5.9066,-0.3391,-0.0404,0.5217,63
10.573,204,4.8949,-2.8952,-8.047,0.5674,-0.79,1.0527,86,10.476,202,-1.4241,5.6986,-17.7637,-0.2944,-0.7527,0.2108,91,11.149,215,-3.2424,-2.4626,-4.9791,-0.7133,-0.1406,0.5043,63
10.624,205,1.9639,5.3591,-5.9069,1.0555,-0.4243,0.4817,86,10.528,203,-0.9772,1.8704,-17.3991,-0.8963,-1.1376,-0.1319,91,11.201,216,-4.9202,-1.2254,-4.0101,-1.1474,-0.2611,0.4741,63
10.676,206,2.6052,9.6068,-2.4855,0.0601,-0.6458,0.2225,86,10.58,204,0.1759,0.4438,-14.5914,0.0162,-1.391,-0.1904,91,11.253,217,-5.2296,-2.477,-2.1184,-1.4748,-0.371,0.6213,63
10.728,207,0.297,8.1068,-4.0089,-0.6664,0.0225,-0.2672,86,10.632,205,0.5777,1.6224,-12.8951,0.509,-0.6304,0.0379,91,11.305,218,-6.6317,-1.4589,-1.9728,-1.6047,-0.3418,0.818,63
10.78,208,-0.1222,7.5917,-4.311,-1.145,-0.7066,-0.2014,86,10.683,206,-0.1148,3.6437,-12.6507,0.6211,-0.3925,0.6052,91,11.356,219,-8.3755,-4.2806,-4.5976,-1.2328,0.0285,0.9675,63
10.832,209,-0.3728,7.5347,-2.771,-1.1312,-0.6882,-0.4007,86,10.735,207,-0.5438,7.8752,-17.0492,1.1236,-0.387,0.5696,91,11.408,220,-3.3649,2.162,-5.625,-1.1611,-0.2821,1.1611,63
10.883,210,-0.6912,8.3753,-1.6954,-0.6459,-1.2586,-0.8392,86,10.787,208,3.0529,10.9636,-20.3938,0.536,-0.8302,-0.265,91,11.46,221,-0.2993,0.915,-4.9373,-0.2108,-0.2906,0.9804,63
10.935,211,-0.839,7.9247,-1.4562,-0.9002,-1.0077,-0.5958,86,10.839,209,2.5615,12.7619,-19.2803,-0.2902,-1.0482,-0.6727,91,11.512,222,2.5294,0.1801,-5.2371,0.3918,0.494,0.1719,63
10.987,212,-0.44,7.6341,-1.7993,-0.3512,-0.703,-0.2012,86,10.891,210,2.8999,5.4763,-17.7169,-0.8932,-1.1618,-0.2489,91,11.564,223,4.5939,-1.2555,-4.8551,0.9964,1.0715,-0.4493,63
11.039,213,0.2817,5.0052,-2.9243,-0.8864,-0.9039,0.4697,86,10.942,211,0.8623,-1.3748,-17.4074,-0.827,-0.8132,-0.8688,91,11.615,224,1.271,-0.4061,-3.6441,0.3599,0.304,-0.1375,63
11.091,214,3.0115,0.9993,-7.6532,-0.2749,-1.3261,0.2421,86,10.994,212,0.7413,-0.9305,-16.3137,0.0668,-1.2654,0.0304,91,11.667,225,1.1722,1.0577,-4.8064,0.1522,-0.419,0.6767,63
11.142,215,4.546,-1.9244,-11.1044,0.1455,-0.7553,0.7284,86,11.046,213,4.6741,2.503,-14.2612,0.3221,-1.4648,-0.2087,91,11.719,226,-1.7516,1.6983,-1.8273,-0.267,-0.7996,1.0704,63
11.194,216,3.4186,0.4472,-9.8558,0.7476,-0.8092,0.4685,86,11.098,214,2.8534,2.0928,-12.9263,0.0859,-0.4174,0.3327,91,11.771,227,-5.3307,2.3408,-0.0425,-0.2038,-0.5673,0.8509,63
11.246,217,4.4194,2.8983,-4.3757,1.1866,-0.3812,1.027,86,11.15,215,1.6622,0.5975,-12.3328,0.013,0.2595,0.4591,91,11.822,228,-6.9666,1.9024,0.2375,-0.5508,0.1119,0.2699,63
11.297,218,-0.8795,7.7121,-6.2809,0.1601,0.2157,0.3052,86,11.202,216,0.9254,0.7061,-12.3311,0.4899,0.525,0.6753,91,11.874,229,-7.1006,1.1206,-0.3721,-0.4595,0.7231,-0.1322,63
11.349,219,0.1007,6.408,-5.7706,-0.0371,-0.7005,-0.1229,86,11.254,217,0.6863,4.1364,-12.2214,1.0279,0.0846,0.3387,91,11.926,230,-7.8502,-1.1229,-2.4842,-0.4307,0.9266,-0.2974,63
11.401,220,0.0427,5.3322,-5.1424,-0.7374,-0.8996,0.1808,86,11.305,218,5.7165,8.2349,-16.8702,1.1956,0.0649,0.0954,91,11.978,231,-2.9815,0.7763,3.0885,-0.0477,0.0354,0.5282,63
11.453,221,1.2444,6.2704,-3.2312,0.1003,-0.771,-0.1589,86,11.357,219,6.6067,11.2261,-20.2631,1.3226,0.7255,-0.6141,91,12.03,232,-1.8436,-1.4482,-0.3513,-0.0015,0.035,0.3279,63
11.505,222,1.268,8.5908,-1.627,0.0638,-0.1157,-0.2651,86,11.409,220,1.8314,13.4092,-20.7262,0.2839,0.871,-0.9315,91,12.081,233,1.4023,-2.8094,-1.0193,0.5529,0.7364,-0.3277,63
11.556,223,0.3259,7.1119,-1.1814,-0.6638,0.0879,-0.4646,86,11.461,221,2.0866,4.4149,-23.0774,-0.4742,0.5005,-0.2751,91,12.133,234,3.5463,-7.3532,-6.1056,1.1174,1.2484,-0.8139,63
11.609,224,-0.0203,6.384,-1.085,-0.4216,-0.0042,-0.4895,86,11.513,222,0.0384,-2.1495,-22.2443,0.1319,0.7357,-0.5201,91,12.185,235,-0.8839,-6.7315,-5.9086,0.1836,0.872,-0.1044,63
11.66,225,4.9691,2.0055,-6.3107,0.0925,-0.8487,-0.0732,86,11.564,223,-0.4698,-0.9041,-20.9526,0.7616,-0.0716,-0.041,91,12.237,236,-1.6117,-3.9221,-5.5407,0.0716,0.0687,0.7008,63
11.712,226,4.8493,-1.19,-8.5364,0.6584,-0.1256,0.6317,86,11.616,224,2.7366,4.5561,-17.0791,1.124,-0.5604,-0.5072,91,12.288,237,-3.6489,-2.4655,-3.2559,-0.4978,-0.4231,1.2885,63
11.764,227,2.1827,2.603,-7.1343,1.1219,-0.0657,0.697,86,11.668,225,1.5725,3.2936,-14.7561,0.1389,0.0929,-0.129,91,12.34,238,-6.8176,-1.5646,-1.3258,-0.788,-0.3033,1.6086,63
11.815,228,2.6303,9.0904,-4.2378,1.1863,-0.7319,1.0348,86,11.72,226,-0.601,-1.0834,-12.8623,-0.3198,0.6341,-0.3252,91,12.392,239,-9.1873,-0.5907,-0.8099,-1.2129,0.0597,1.4786,63
11.867,229,-0.2031,11.2301,-4.0633,0.2008,-0.0537,0.477,86,11.772,227,-0.6872,1.5631,-13.9219,0.4369,-0.0236,-0.7146,91,12.444,240,-9.2268,0.2858,-1.099,-0.7525,0.5895,1.086,63
11.919,230,1.3331,9.4954,-3.9826,-0.2425,-0.8971,-0.0593,86,11.823,228,-1.4327,5.2208,-13.8824,0.4492,-0.2085,-0.9905,91,12.496,241,-8.8304,-2.6569,-6.0674,-1.0114,0.9712,0.4658,63
11.971,231,0.2611,7.9207,-2.8843,-0.8737,-0.9655,-0.3502,86,11.875,229,0.2162,9.0263,-12.1364,0.9207,-0.2415,-0.8184,91,12.547,242,-3.6969,-3.7833,-3.4353,-0.5474,0.4345,0.8184,63
12.023,232,0.4078,8.429,-1.7738,-0.0418,-0.707,-0.5386,86,11.927,230,4.4344,11.8037,-16.3268,0.214,-0.8059,-1.2554,91,12.599,243,-0.3083,-5.5627,-2.5825,-0.281,0.6656,0.2539,63
12.074,233,-0.4465,8.8529,-1.13,-0.6795,-0.5006,-0.4981,86,11.979,231,1.5666,11.701,-15.5908,-0.5252,-0.5744,-1.5201,91,12.651,244,2.5228,-5.8987,-2.0321,0.2844,0.9848,-0.3329,63
12.126,234,-1.0998,7.5923,-1.45,-0.1986,-0.2066,-0.185,86,12.031,232,2.9047,3.1682,-14.8604,-1.0647,-1.091,-0.7783,91,12.703,245,4.5891,-7.5641,-1.8592,0.9215,1.4297,-0.8177,63
12.178,235,-1.9942,4.8925,-3.0831,-0.8549,-0.783,0.55,86,12.083,233,1.6663,0.3904,-13.9748,-0.1068,-0.1164,-0.158,91,12.755,246,1.3436,-2.6776,0.1579,0.1884,0.7796,-0.2492,63
12.23,236,2.8939,0.917,-7.769,0.0101,-1.4294,0.3483,86,12.134,234,1.117,0.8921,-13.6727,0.5924,0.1623,0.5492,91,12.807,247,-0.7271,-2.9239,-1.4728,-0.1207,0.1492,0.5308,63
12.282,237,3.0863,-1.9845,-9.3178,-0.2661,-0.5493,0.9393,86,12.186,235,0.997,4.0436,-12.5194,1.1027,0.2826,0.5198,91,12.858,248,-2.7435,-2.4698,-1.3467,-0.4918,-0.3352,1.1068,63
12.333,238,1.0767,2.4452,-8.1203,0.4472,-0.6746,0.4524,86,12.238,236,0.0818,3.1356,-11.8416,0.3502,0.3705,0.9002,91,12.91,249,-4.612,-0.7883,-0.9158,-0.8894,-0.4976,1.4601,63
12.385,239,1.8231,8.3222,-5.0327,-0.038,-1.1265,0.2032,86,12.29,237,-1.1628,1.0131,-11.0414,-0.3816,0.6602,0.5172,91,12.962,250,-6.8757,0.1553,-0.6672,-0.9071,-0.2945,1.2889,63
12.437,240,-0.1539,9.2872,-3.9922,-0.738,-0.3283,-0.3857,86,12.342,238,0.0086,0.5995,-9.3628,0.2579,0.2149,0.5817,91,13.014,251,-7.9255,0.5157,-0.9562,-0.7972,0.0634,0.9276,63
12.489,241,-0.1438,8.0758,-4.3149,0.1021,-0.1083,-0.8406,86,12.393,239,1.1257,5.6534,-10.9269,0.7784,0.3247,0.056,91,13.066,252,-3.0365,-1.6219,4.2038,-0.7213,-0.5249,1.2625,63
12.541,242,-0.4347,7.7941,-3.3032,-0.6357,-0.4922,-0.8444,86,12.445,240,2.1209,9.3421,-15.3037,0.6794,0.0591,-0.0465,91,13.117,253,0.5317,-3.9408,6.1992,-1.0299,-0.6931,1.5084,63
12.592,243,-0.6995,7.3749,-2.4004,-0.4084,-0.3804,-0.8878,86,12.497,241,2.7174,12.0342,-16.9536,-0.107,-0.0772,-0.6526,91,13.169,254,2.3587,-4.4483,0.5424,-0.4645,-0.2525,0.7383,63
12.644,244,-1.5693,8.8596,-2.0044,-0.5124,-0.432,-0.8892,86,12.549,242,2.3729,8.173,-16.2514,-0.7595,-0.267,-0.9537,91,13.221,255,4.4693,-0.8798,2.8338,0.3749,0.5266,-0.0359,63
12.696,245,-1.7381,6.7467,-1.6747,-0.5584,-0.5819,-0.7122,86,12.601,243,3.9671,0.5933,-17.7301,-1.0104,-0.4112,-1.1253,91,13.273,256,-0.1534,-5.9449,-3.6191,0.9875,1.0952,-0.0838,63
12.748,246,-0.2179,2.2703,-4.292,-0.9552,-1.2826,-0.0881,86,12.652,244,2.7389,4.6673,-20.4903,-0.0671,-0.6769,-0.2155,91,13.325,257,-1.9924,-7.5639,-4.8456,0.2208,0.4985,0.5637,63
12.8,247,4.8248,-0.9968,-8.6514,-0.0557,-1.5411,0.5947,86,12.704,245,1.4368,6.6768,-16.7694,-0.3672,-0.5946,0.3057,91,13.377,258,-4.5682,-5.8443,-4.0328,-0.4767,0.0315,0.9459,63
12.851,248,3.851,-3.3813,-9.7696,0.5336,-1.0588,0.9466,86,12.756,246,0.5486,4.5535,-15.0386,-0.9494,-0.8228,-0.3467,91,13.428,259,-5.6803,-4.0043,-2.7469,-0.8781,-0.1964,1.1566,63
12.903,249,3.5123,5.4661,-6.5996,0.8335,-1.6185,0.7444,86,12.808,247,0.2022,0.7211,-13.9156,-0.5197,-1.1312,-0.3136,91,13.48,260,-6.7376,-2.7852,-2.3778,-1.1253,-0.3396,1.225,63
12.955,250,1.5862,8.9148,-5.2917,-0.102,-0.6874,0.4447,86,12.86,248,0.1394,0.5184,-12.878,0.1902,-0.7133,0.1054,91,13.532,261,-7.7551,-1.7397,-0.9978,-1.1417,-0.2687,1.0547,63
13.007,251,1.3295,6.856,-5.3981,-0.5082,-0.7202,-0.3421,86,12.912,249,0.7687,2.872,-11.6837,0.8091,-0.4582,0.1478,91,13.584,262,-9.2438,-1.1262,-0.0615,-1.0176,0.0923,0.7886,63
13.059,252,0.2997,7.5718,-4.3433,-0.9389,-0.6935,-0.4008,86,12.963,250,1.9362,7.312,-12.5583,1.1578,-0.5478,0.0556,91,13.636,263,-3.9987,4.4642,4.8567,-0.3688,-0.5735,0.5415,63
13.11,253,-0.1603,7.3086,-2.8175,-1.0609,-0.4814,-0.4188,86,13.015,251,6.0894,10.5526,-15.132,0.9144,-0.0001,-0.5805,91,13.687,264,-2.011,0.6514,-0.4221,-0.0398,-0.645,0.9673,63
13.162,254,-1.133,8.8799,-1.9795,-0.7859,-0.3356,-0.489,86,13.067,252,2.7903,12.6129,-14.8992,-0.0141,0.3925,-1.1109,91,13.739,265,1.2802,-1.0645,-1.1222,0.6081,0.1334,0.2162,63
13.214,255,-1.3789,8.5801,-1.4272,-1.1497,-0.6047,-0.619,86,13.119,253,1.8999,4.3152,-18.8246,-0.6917,0.4827,-0.5294,91,13.791,266,3.6822,-2.1086,-2.3236,1.1569,0.8082,-0.417,63
13.266,256,-1.0676,6.6361,-1.4025,-0.8332,-0.7911,-0.5214,86,13.171,254,1.1875,-0.3944,-17.5848,0.1655,0.908,0.0356,91,13.843,267,-0.2193,1.5075,0.0772,0.7066,0.2779,-0.1673,63
13.318,257,4.2047,2.1896,-6.5425,-0.7562,-1.4353,-0.0605,86,13.222,255,2.3523,4.5566,-14.3431,0.7912,0.0796,-0.6566,91,13.894,268,-1.1575,1.4671,-0.1382,0.9881,-0.2363,0.3709,63
13.369,258,4.6736,-1.0557,-10.2938,-0.2945,-0.5557,0.6409,86,13.274,256,1.5218,4.473,-12.4847,-0.1008,0.7082,-0.5663,91,13.946,269,-3.6198,1.4027,0.0744,1.0175,-0.157,0.4398,63
13.421,259,2.7436,3.172,-8.6943,0.4265,-0.7215,0.9288,86,13.326,257,-0.3716,-1.7249,-11.7797,-0.755,0.9343,0.0856,91,13.998,270,-4.9832,1.6779,-0.692,0.1628,0.038,0.3995,63
13.473,260,4.2079,10.2489,-3.8999,-0.3081,-0.8265,1.2099,86,13.378,258,-0.4971,-1.2204,-11.3991,0.1193,0.815,0.7246,91,14.05,271,-5.9092,1.3618,-1.1841,-0.519,-0.006,0.4852,63
13.525,261,0.3452,9.1088,-5.3169,-0.0569,-0.5646,0.2185,86,13.43,259,0.2744,1.1069,-10.9536,0.2296,0.5919,0.2486,91,14.102,272,-7.0845,0.5834,-1.5715,-0.8026,-0.1982,0.523,63
13.576,262,2.5987,6.6131,-5.2649,-0.7089,-1.2632,-0.1212,86,13.481,260,-0.1751,1.3903,-10.7468,0.2139,0.631,0.238,91,14.153,273,-8.4391,0.7973,-1.0393,-0.3953,-0.2681,0.5354,63
13.628,263,1.3839,7.4682,-3.4977,-0.6947,-1.1686,-0.1755,86,13.533,261,-2.4922,6.2307,-12.9256,0.8265,0.3913,0.5224,91,14.205,274,-14.0013,5.8681,-6.4458,0.0308,0.5129,0.973,63
13.68,264,-0.0963,10.1504,-1.9429,-0.7544,-0.7293,-0.3769,86,13.585,262,1.0666,9.7633,-15.8809,0.1334,-0.2176,-0.3059,91,14.257,275,-13.1558,6.1392,-6.0656,0.2436,0.0143,0.7208,63
13.732,265,-1.1543,9.0882,-1.6757,-0.5837,-0.6292,-0.709,86,13.637,263,1.109,12.3397,-14.7534,-0.5133,0.2328,-0.9105,91,14.309,276,-6.8539,2.4851,-6.2875,0.7123,0.4311,0.1414,63
13.784,266,-1.3794,7.9995,-1.396,-0.4304,-0.9631,-0.7376,86,13.689,264,0.8194,3.6344,-17.8278,-1.056,-0.4573,-0.6088,91,14.361,277,-2.2544,2.6441,-4.5598,1.1572,1.0255,-0.4716,63
13.835,267,-1.5205,6.5309,-1.5087,-0.1841,-1.2929,-0.3702,86,13.74,265,1.04,-2.0608,-17.3577,-0.1004,0.0166,0.0789,91,14.412,278,-3.0777,-0.2557,-5.5217,1.0568,1.0601,-0.2628,63
13.887,268,1.8088,2.1128,-6.62,-0.4026,-1.7968,-0.2848,86,13.792,266,1.5277,2.9116,-17.1716,0.5971,-0.6529,-0.011,91,14.464,279,-3.9462,0.0642,-4.4735,0.7581,0.5088,0.3586,63
13.939,269,3.2982,-1.1117,-10.3504,0.0666,-1.2688,0.4772,86,13.844,267,1.0783,3.4685,-14.7704,-0.2457,-0.2869,0.2246,91,14.516,280,-5.5542,0.3901,-3.0835,0.2811,0.2237,0.6843,63
13.991,270,3.0827,2.4173,-6.457,0.6901,-1.3582,0.7899,86,13.896,268,-0.2603,0.2461,-14.2167,-0.8607,0.053,0.6093,91,14.568,281,-7.0166,0.0365,-2.5305,-0.2594,0.2799,0.6807,63
14.043,271,3.0123,6.7413,-3.9084,0.3179,-0.7759,0.2463,86,13.948,269,-0.3326,-1.1837,-12.9033,0.0422,-0.0916,0.8644,91,14.619,282,-7.669,0.4594,-2.2746,-0.5417,0.495,0.6309,63
14.094,272,0.9921,8.626,-4.7188,-0.3935,-0.4467,-0.4869,86,13.999,270,-0.4217,-0.4756,-11.6193,0.7011,0.081,1.108,91,14.671,283,-8.8878,0.5594,-2.9388,-0.7072,0.7041,0.6432,63
14.146,273,0.9667,7.456,-4.8125,-0.8923,-0.7076,-0.8321,86,14.051,271,-1.1375,4.8689,-11.0117,1.1127,0.0455,0.8345,91,14.723,284,-10.2095,1.3732,-3.5715,-1.0936,0.6516,0.2582,63
14.198,274,0.6938,8.1312,-3.1781,-0.9582,-0.7812,-0.8603,86,14.103,272,-2.3935,8.7694,-14.143,0.6512,-0.5051,0.1132,91,14.775,285,-4.7035,1.4556,2.295,-1.0404,-0.1653,0.7677,63
14.25,275,0.1211,8.8636,-2.0962,-0.834,-0.5022,-0.9428,86,14.155,273,-0.0759,11.6163,-15.0843,1.0778,0.195,-0.5926,91,14.827,286,-0.685,-0.5345,-0.0262,-0.0869,-0.3327,0.1803,63
14.302,276,-0.2601,8.0867,-1.581,-0.9206,-0.3334,-0.9388,86,14.207,274,-0.5536,9.162,-14.0676,0.1052,-0.4472,-1.1197,91,14.878,287,2.2479,2.685,1.6332,0.5027,0.468,-0.4432,63
14.353,277,-0.7472,7.4555,-1.0927,-0.9218,-0.2766,-0.7155,86,14.259,275,3.5967,1.3151,-15.7985,-0.4155,0.1457,-1.1271,91,14.93,288,-2.1509,-3.3431,-4.4953,1.0808,1.0525,-0.8868,63
14.405,278,-0.4926,5.8413,-1.231,-0.8412,-0.5571,-0.3979,86,14.31,276,3.1158,-1.8371,-14.8169,0.2968,0.6702,-0.1581,91,14.982,289,-4.5537,-1.3729,-3.4124,0.151,0.5238,-0.2609,63
14.457,279,4.6244,1.6095,-6.4173,-0.8241,-1.2644,0.0247,86,14.362,277,2.4998,1.3846,-14.9987,0.8869,0.63,0.2888,91,15.034,290,-6.4081,-1.5699,-3.3715,-0.4234,0.0885,0.2958,63
14.509,280,5.8644,-1.4791,-9.098,-0.0383,-1.4107,0.6976,86,14.414,278,3.7808,0.549,-12.5872,0.4207,0.357,0.7765,91,15.086,291,-6.9378,-1.2334,-3.1126,-0.8165,-0.313,0.7131,63
14.561,281,1.153,5.1105,-5.9676,0.5888,-0.7982,0.785,86,14.466,279,2.122,0.0351,-11.9962,-0.2435,0.3014,0.9629,91,15.137,292,-7.3109,-1.3176,-3.3313,-1.1584,-0.7462,0.9819,63
14.612,282,-0.2895,10.3334,-2.3929,0.2421,-0.6032,0.1918,86,14.518,280,1.2587,-1.5969,-9.8609,-0.0418,-0.4519,0.9865,91,15.189,293,-7.6838,-0.2779,-1.5515,-0.6773,-0.9268,0.9465,63
14.664,283,0.6858,7.9026,-3.8563,-0.1566,-0.2052,-0.5267,86,14.569,281,2.0457,3.5981,-9.2057,0.6398,-0.8335,0.0805,91,15.241,294,-9.1787,-1.7674,-1.185,-0.6577,-0.5805,0.644,63
14.716,284,0.7109,6.8061,-4.2065,-0.3704,-0.5348,-0.3123,86,14.621,282,4.6159,7.842,-11.8866,-0.0092,-0.5413,-0.2142,91,15.293,295,-4.8794,3.9963,-6.5521,-0.6799,-0.3811,0.3745,63
14.768,285,-0.6594,8.0582,-2.5533,-0.3429,-0.7384,-0.1429,86,14.673,283,5.7732,10.9394,-14.0237,0.1852,0.0244,-0.8436,91,15.344,296,-3.8615,1.5913,-9.4699,-0.4686,0.0093,0.2006,63
14.82,286,-1.0367,8.9822,-1.2969,0.024,-0.8896,-0.3478,86,14.725,284,4.6295,8.2297,-15.3067,-0.5463,0.2486,-0.6853,91,15.396,297,-0.0704,2.9486,-6.8514,0.3719,0.7177,-0.4283,63
14.871,287,-0.8669,8.4565,-0.4807,-0.3179,-0.9727,-0.3873,86,14.777,285,2.7734,0.6347,-19.122,-0.4962,-0.4675,-0.8799,91,15.448,298,0.4669,-3.1507,-8.5143,0.9853,1.2347,-0.8874,63
14.923,288,0.4467,5.2844,-1.651,-0.368,-0.9193,-0.0678,86,14.828,286,1.4626,0.1878,-18.5604,0.3082,-0.4882,0.0223,91,15.5,299,-2.7039,-3.4565,-7.4335,0.0813,0.7914,-0.1983,63
14.975,289,5.3099,1.203,-6.7238,0.0229,-0.8767,0.0311,86,14.88,287,0.5493,5.353,-15.8268,0.8953,-1.0282,0.1635,91,15.552,300,-4.2736,-3.137,-5.8663,-0.4237,0.1703,0.3831,63
15.027,290,5.4655,-1.7758,-9.8643,0.3243,-0.8017,0.3639,86,14.932,288,0.2085,3.3409,-12.8419,0.3472,-0.8019,-0.0338,91,15.603,301,-5.6426,-2.5856,-3.9883,-0.9442,-0.1425,0.886,63
15.079,291,2.824,3.1875,-6.2146,0.7929,-0.3163,0.8682,86,14.984,289,-0.499,0.4204,-11.435,0.272,-0.7021,0.4833,91,15.655,302,-7.8696,-1.8354,-2.0342,-1.327,0.1175,0.9741,63
15.13,292,-0.2133,10.2603,-4.0199,0.1446,0.1975,0.5233,86,15.036,290,-0.7592,0.1694,-10.6955,0.4965,-1.0204,0.5902,91,15.707,303,-8.6629,-0.5821,-1.9613,-1.3336,0.6296,0.6988,63
15.182,293,0.6671,9.5342,-4.4159,-0.3543,-0.339,-0.2848,86,15.087,291,1.1776,5.1064,-11.7252,0.9672,-1.2633,-0.1453,91,15.759,304,-8.3131,-0.0803,-3.3841,-1.3142,0.8764,0.4842,63
15.234,294,0.1787,5.8552,-3.6968,-0.8018,-0.4641,-0.4618,86,15.139,292,3.9289,8.9428,-12.6492,0.8667,-1.0836,-0.7933,91,15.811,305,-3.3194,5.2276,2.4318,-0.5832,0.0128,0.9005,63
15.286,295,-0.4547,7.9631,-2.1997,-0.7748,-0.3149,-0.3997,86,15.191,293,7.9747,11.7428,-16.5607,1.2853,-0.1601,-0.3901,91,15.862,306,-3.203,0.3811,-3.8508,-0.4818,-0.3479,0.8686,63
15.337,296,-2.9358,9.8967,-1.8255,-0.5519,0.1418,-0.442,86,15.243,294,5.5557,13.7863,-15.5754,0.2724,0.3725,-0.8048,91,15.914,307,0.4101,-0.9982,-4.2764,-0.0283,0.2902,0.3044,63
15.389,297,0.2623,6.1092,-1.3632,-0.8568,0.215,-0.089,86,15.295,295,4.2152,7.0901,-19.3071,-0.4826,0.144,-1.2067,91,15.966,308,3.0472,-5.4474,-4.8459,0.6932,0.9227,-0.3526,63
15.441,298,-0.118,5.6381,-1.9472,-0.8517,-0.0541,-0.015,86,15.346,296,3.7606,-0.1971,-17.8725,-0.3724,0.4337,-1.4586,91,16.017,309,-3.3565,-1.6407,-7.0546,0.0934,1.043,0.3924,63
15.493,299,3.3963,1.4612,-6.94,-0.4158,-0.8974,0.2692,86,15.399,297,2.9038,1.614,-17.8027,0.3986,-0.2545,-0.677,91,16.069,310,-3.3669,1.211,-5.9485,0.2813,0.1417,1.0634,63
15.545,300,6.5927,-1.5873,-10.5839,-0.2527,-0.4454,0.8815,86,15.451,298,2.6815,3.2727,-16.4302,0.9612,-0.719,-0.5138,91,16.121,311,-5.3413,1.0109,-4.3886,-0.3357,-0.1194,0.9065,63
15.596,301,5.9407,-1.9636,-9.0148,0.457,-0.7983,0.9839,86,15.502,299,1.4533,4.2406,-14.5338,0.4401,-0.185,-0.3994,91,16.173,312,-6.5793,0.6204,-3.5281,-0.2327,-0.1541,0.6341,63
15.648,302,5.128,6.5008,-4.3248,0.975,-0.7057,1.4032,86,15.554,300,1.0188,2.6411,-13.9068,-0.3602,-0.1406,-0.2191,91,16.225,313,-7.0485,0.7764,-3.5333,0.1025,-0.209,0.4196,63
15.7,303,2.3141,9.8309,-3.4839,0.0132,-0.0675,0.3622,86,15.606,301,0.9888,0.9665,-12.3211,0.104,-0.7337,-0.1868,91,16.276,314,-7.7011,0.602,-2.4054,-0.4303,-0.211,0.367,63
15.752,304,1.8682,9.6362,-4.595,0.6401,-0.5043,0.0118,86,15.658,302,1.4257,2.6819,-12.7311,0.609,-0.8794,-0.3492,91,16.328,315,-8.0766,-0.8113,-1.1813,-0.9519,-0.1298,0.551,63
15.804,305,1.3442,8.39,-3.7453,-0.2431,-0.8215,-0.1666,86,15.71,303,1.3188,7.1733,-14.1099,1.1148,-0.6014,-0.3102,91,16.38,316,-4.2717,4.6941,-4.2128,-0.2875,0.3802,1.0933,63
15.855,306,0.4479,8.7389,-3.0866,0.4604,-0.58,-0.5123,86,15.761,304,3.2499,10.4513,-16.7528,0.1497,-0.4934,-0.9061,91,16.432,317,-2.702,0.5695,-5.5891,-0.1154,0.1439,0.77,63
15.907,307,-0.1958,9.8578,-2.5351,-0.1337,-0.9727,-0.5554,86,15.813,305,2.6601,9.5075,-15.597,-0.5722,-0.3457,-1.0638,91,16.483,318,0.7758,0.0536,-4.7299,0.6086,0.7985,-0.009,63
15.959,308,0.0517,8.3851,-1.5649,-0.6829,-1.1486,-0.61,86,15.865,306,0.4162,1.5673,-13.8194,-1.0356,-0.6451,-0.7072,91,16.535,319,3.3141,-1.0828,-4.8034,1.0807,1.2937,-0.5813,63
16.011,309,0.2469,6.1386,-2.2886,0.1322,-1.2977,-0.4893,86,15.917,307,-0.1496,-1.0928,-13.3381,-0.0855,-0.5096,-0.0305,91,16.587,320,2.0669,-2.4162,-1.1685,0.2579,0.7456,-0.303,63
16.062,310,4.6869,1.8264,-7.1892,-0.6138,-1.805,-0.3681,86,15.969,308,0.1141,1.3194,-14.5818,0.6079,-0.5181,0.6423,91,16.639,321,0.0964,-1.587,-2.3653,0.39,0.1528,0.3436,63
16.114,311,4.7419,-1.3207,-10.7658,-0.0626,-0.8235,0.2915,86,16.02,309,0.4509,2.5063,-13.7229,0.2535,-0.6416,0.0682,91,16.691,322,-2.1858,-0.9658,-1.9874,0.2216,-0.2166,0.652,63
16.166,312,4.1379,-0.9135,-8.823,0.5957,-0.827,0.5792,86,16.072,310,0.1575,1.5803,-12.5316,0.2329,-0.3421,-0.1227,91,16.742,323,-4.208,-0.559,-1.6195,-0.1687,-0.35,0.7885,63
16.218,313,2.2718,7.2672,-4.8352,0.62,-0.2592,0.8634,86,16.124,311,-0.095,0.6245,-11.9705,-0.1993,-0.1965,-0.1668,91,16.794,324,-5.5896,-0.1811,-1.2496,-0.5462,-0.376,0.8371,63
16.27,314,1.2602,7.6232,-4.0421,-0.2578,-0.2281,0.0798,86,16.176,312,-0.1945,0.7184,-11.1064,0.1183,-0.1448,0.0753,91,16.846,325,-6.7646,-0.4384,-0.3546,-0.9998,-0.1452,0.8246,63
16.321,315,0.833,8.192,-3.8852,0.4158,0.2924,-0.3135,86,16.228,313,1.2898,5.7402,-10.8968,0.7567,-0.6579,-0.5156,91,16.898,326,-2.1893,4.9662,4.6429,-0.3537,-0.7468,0.6461,63
16.373,316,0.9188,8.2516,-3.6494,-0.4068,-0.1518,-0.5846,86,16.279,314,4.8473,9.4054,-15.438,0.2671,-0.009,-0.8342,91,16.95,327,1.15,-1.6781,-0.1049,-0.0574,-0.3657,0.639,63
16.425,317,0.4785,6.7802,-2.9316,-0.5243,-0.0133,-0.6603,86,16.331,315,2.0349,12.0804,-15.8814,-0.4012,0.1701,-1.0725,91,17.001,328,3.5872,-3.8244,-1.5635,0.2563,0.0452,-0.0881,63
16.476,318,-0.1782,7.7418,-2.012,0.0614,-0.1457,-0.774,86,16.383,316,2.1779,6.9037,-19.237,-0.9742,-0.5169,-1.2686,91,17.053,329,5.3659,-3.8346,-2.4055,0.8475,0.7439,-0.6391,63
16.528,319,-0.425,7.3498,-1.5656,0.047,-0.3458,-0.7502,86,16.435,317,0.9348,-0.3331,-19.3255,-0.7231,-0.5692,-1.5881,91,17.105,330,-3.9258,2.4876,2.6638,1.3325,0.6231,-0.2019,63
16.58,320,1.725,2.7104,-5.555,-0.6734,-1.1102,-0.5593,86,16.487,318,0.7218,0.5071,-19.951,0.1206,-1.0716,-0.4945,91,17.157,331,-3.845,0.8971,0.5809,0.6907,-0.1416,0.6019,63
16.632,321,5.9163,-0.6756,-9.5731,0.1355,-0.5181,0.2633,86,16.538,319,1.513,2.6255,-17.8783,0.7584,-0.9408,-0.5093,91,17.209,332,-4.7672,-0.0475,-0.0847,-0.0701,-0.6466,1.213,63
16.684,322,5.3111,-0.9785,-9.3564,0.7142,-0.2601,0.7399,86,16.59,320,0.1262,4.0451,-16.1252,1.2238,-0.0068,0.0837,91,17.26,333,-6.9838,0.2103,0.2755,-0.5497,-0.6964,1.4961,63
16.735,323,2.7108,7.093,-7.1741,1.1627,-0.822,1.0011,86,16.642,321,-0.9887,3.9724,-14.7297,0.6064,0.3231,0.3693,91,17.312,334,-9.497,-0.0495,0.4506,-0.7165,-0.5101,1.4356,63
16.787,324,1.8741,11.2089,-4.9182,0.1397,-0.6273,0.8071,86,16.694,322,-1.132,2.9273,-12.5251,0.1911,-0.0947,0.2465,91,17.364,335,-9.6446,0.0035,0.2045,-0.3265,-0.0931,1.1152,63
16.839,325,1.9304,9.8844,-4.2689,-0.6083,-0.535,0.0147,86,16.746,323,-0.747,5.5474,-10.6573,0.6993,-0.6148,-0.4069,91,17.416,336,-7.0802,-5.3002,-5.538,-0.695,-0.4595,1.3762,63
16.891,326,0.6775,9.9327,-3.4414,-0.9711,-0.3993,-0.2726,86,16.797,324,4.6703,9.2647,-15.5927,0.7297,-1.1206,-0.7662,91,17.467,337,-2.4196,-8.3208,-4.8869,-0.5315,0.0376,1.3874,63
16.942,327,-0.0567,8.5998,-2.4616,-1.1431,-0.1934,-0.6436,86,16.849,325,3.8011,11.9777,-17.4267,-0.1488,-0.4386,-1.2465,91,17.519,338,0.9819,-7.3259,-6.2645,-0.2111,0.102,0.739,63
16.994,328,-0.8807,9.0966,-1.9359,-0.3761,0.0686,-0.9547,86,16.901,326,3.322,8.1408,-17.5722,-0.79,-0.1943,-1.4163,91,17.571,339,3.3976,-2.8657,-3.8557,0.4184,0.7853,-0.0338,63
17.046,329,-0.7318,7.9509,-1.614,-0.9751,-0.2563,-0.8652,86,16.953,327,3.3809,0.5698,-18.5544,-1.258,-0.3973,-0.8419,91,17.623,340,2.2423,-6.373,-7.1226,1.0193,1.2841,-0.5994,63
17.098,330,0.4304,3.1491,-5.4683,-0.6684,-0.8431,-0.1611,86,17.005,328,1.8681,-2.086,-17.6861,-0.2478,0.2641,0.0463,91,17.675,341,-0.6473,-5.753,-4.7056,0.1061,0.8131,0.1416,63
17.15,331,5.2981,-0.3554,-9.5098,0.1536,-1.145,0.4898,86,17.057,329,1.523,1.0599,-18.0518,0.4895,-0.4135,0.0414,91,17.726,342,-2.4465,-4.2025,-3.5832,-0.1699,0.2951,0.7122,63
17.201,332,4.5708,-2.9131,-11.7533,0.572,-1.2893,1.0425,86,17.108,330,1.6534,0.9528,-15.5252,1.0264,0.116,0.6804,91,17.778,343,-4.5065,-3.1747,-3.2615,-0.4895,0.0664,0.9272,63
17.253,333,2.3938,4.4372,-9.2551,1.0589,-0.8519,1.0764,86,17.16,331,0.61,3.1507,-13.4345,0.5575,0.0126,0.976,91,17.83,344,-6.0414,-1.6643,-2.7126,-0.9951,-0.0387,0.9589,63
17.305,334,3.0056,10.7353,-4.4244,0.5524,-1.4796,0.7093,86,17.212,332,0.2651,1.9015,-11.6424,-0.0293,0.3765,0.3406,91,17.882,345,-6.3594,-0.5232,-1.9817,-1.1368,-0.022,0.8748,63
17.357,335,1.8695,10.875,-3.8346,-0.3043,-0.7134,-0.149,86,17.264,333,-0.7764,3.6381,-11.925,0.4275,0.3712,0.9083,91,17.933,346,-9.0767,0.6282,-0.1243,-0.6905,0.209,0.5697,63
17.409,336,1.0925,10.028,-3.844,-0.5257,-0.2805,-0.4182,86,17.316,334,2.4006,7.8712,-16.5663,0.7143,-0.3392,0.12,91,17.985,347,-3.8767,5.7311,1.7643,-0.2848,-0.1504,0.5542,63
17.46,337,0.6269,9.2687,-2.8925,-1.064,-0.1969,-0.5379,86,17.367,335,3.675,10.9606,-18.644,0.3044,-0.388,-0.5997,91,18.037,348,-1.8273,4.1431,0.7812,-0.06,-0.0933,0.4272,63
17.512,338,-0.4972,8.9573,-1.9678,-1.1892,0.1128,-0.651,86,17.419,336,3.0574,6.7326,-17.6508,-0.4593,-0.481,-1.0248,91,18.089,349,1.4142,4.4411,2.0981,0.6576,0.6428,-0.263,63
17.564,339,-1.8855,8.6883,-1.4916,-0.5918,0.3975,-0.4787,86,17.471,337,2.7124,-0.458,-14.8336,0.0292,0.1052,-0.9386,91,18.141,350,-2.882,-1.8135,-4.156,1.1939,1.18,-0.1773,63
17.616,340,-0.5687,3.6873,-4.3068,-1.1133,-0.5678,-0.1155,86,17.523,338,2.2818,4.8419,-18.7767,0.6916,0.5138,-0.0205,91,18.192,351,-3.2227,-2.9759,-4.653,0.9532,0.5527,0.6465,63
17.668,341,4.5689,0.0374,-8.6622,-0.1711,-1.0468,0.5219,86,17.575,339,2.7975,7.0041,-17.204,-0.0606,0.2629,-0.5482,91,18.244,352,-5.8249,-1.2142,-4.283,0.1019,0.1764,0.9901,63
17.719,342,4.6066,-2.6264,-11.8409,0.3727,-1.1569,0.8043,86,17.626,340,1.3069,2.7115,-14.5542,-0.7256,0.4347,-0.0323,91,18.296,353,-6.6495,-0.7878,-2.9137,-0.2209,0.0,1.2237,63
17.771,343,2.1991,6.017,-6.804,0.9135,-0.8789,0.9077,86,17.678,341,0.8175,-0.1906,-13.0663,0.0583,-0.0514,0.2657,91,18.347,354,-7.3548,-0.7854,-1.2287,-0.7857,-0.2144,1.0613,63
17.823,344,0.9583,10.0192,-4.73,-0.0436,-0.1476,0.9599,86,17.73,342,0.6162,0.5395,-13.8091,0.6054,-0.0683,0.61,91,18.399,355,-7.9946,-0.5871,-0.5338,-0.5379,-0.005,0.7785,63
17.875,345,-0.132,6.876,-5.8537,-0.7133,-0.8481,0.0339,86,17.782,343,0.4466,4.2691,-13.1954,1.1122,-0.4279,0.4806,91,18.451,356,-8.1041,-0.2461,-0.368,-0.6499,0.3259,0.4629,63
17.927,346,0.4047,9.0202,-4.2457,-0.145,-0.8494,-0.2114,86,17.834,344,1.9439,8.3317,-12.5631,0.5357,-0.7223,-0.2097,91,18.503,357,-5.9377,-2.2198,4.6331,-0.9871,-0.1548,0.903,63
17.978,347,-0.6027,8.9223,-2.2311,-0.7894,-0.7984,-0.2491,86,17.885,345,2.7254,11.2968,-17.1196,1.0149,-0.7325,-0.4642,91,18.555,358,-1.5857,-6.9228,7.444,-0.4597,-0.1348,1.161,63
18.03,348,-1.284,8.4333,-1.6736,-1.0126,-0.7354,-0.5893,86,17.937,346,1.831,12.5857,-16.1654,0.0593,0.0802,-1.0143,91,18.607,359,1.5905,-8.0622,4.5679,0.3072,0.3796,0.3046,63
18.082,349,-1.8563,8.1089,-1.9142,-1.0485,-0.4074,-0.4041,86,17.989,347,0.4594,4.7887,-15.7015,-0.6381,-0.5671,-0.8306,91,18.659,360,3.9087,-7.3934,0.4747,0.9381,0.988,-0.3524,63
18.134,350,-1.4176,5.8882,-3.2537,-1.1129,-1.056,-0.2193,86,18.041,348,1.9124,-1.4258,-14.2765,0.1556,-0.0138,-0.3747,91,18.71,361,-1.4852,-1.397,-1.2326,1.39,0.638,0.0722,63
18.186,351,1.2698,1.6437,-7.8935,-0.5389,-1.6286,-0.0001,86,18.093,349,0.4934,4.1475,-7.7825,0.7839,-0.1152,0.159,91,18.762,362,-2.0836,0.3078,-1.1466,0.4901,-0.1752,0.6261,63
18.237,352,2.5191,-1.4541,-11.2799,0.243,-0.6951,0.4259,86,18.144,350,0.5435,2.3392,-8.9323,-0.0782,0.2952,-0.1986,91,18.814,363,-4.4974,-0.81,0.4079,0.0715,-0.1984,0.6801,63
18.289,353,2.2013,1.9996,-9.4715,0.8188,-1.0934,0.5391,86,18.196,351,0.1954,2.3169,-9.0964,0.6133,0.4309,-0.1632,91,18.866,364,-5.8324,-0.3444,0.1867,0.105,0.0428,0.3986,63
18.341,354,3.3074,9.3933,-3.1954,-0.0283,-1.0721,1.0241,86,18.248,352,-0.0136,1.52,-9.092,0.2325,0.6929,-0.6511,91,18.917,365,-6.4758,0.216,0.27,0.2215,0.19,0.3122,63
18.393,355,0.1661,10.4662,-4.5568,-0.6456,-0.2886,0.5288,86,18.3,353,-0.3999,0.6473,-9.9669,-0.0079,0.6154,-0.3167,91,18.969,366,-6.5517,-0.0604,-0.0162,-0.3192,0.189,0.289,63
18.444,356,-0.2383,7.2505,-6.8041,-1.1324,-0.9365,-0.0678,86,18.352,354,-0.4059,3.4958,-10.9756,0.6646,0.2531,-0.3321,91,19.021,367,-7.992,-0.3169,0.4575,-0.7486,0.3716,0.3899,63
18.496,357,0.3874,7.5271,-4.9548,-0.4853,-1.1808,-0.5385,86,18.404,355,-0.2834,7.7673,-15.961,1.1554,0.2412,-0.1799,91,19.073,368,-3.0851,-2.5843,1.4955,0.0816,-0.0176,0.5917,63
18.548,358,-0.4496,8.7704,-3.1935,-0.3193,-1.38,-0.759,86,18.455,356,2.3708,10.8849,-19.5995,0.1619,-0.4958,-0.395,91,19.124,369,-3.0792,-1.8918,-2.1512,0.2331,-0.0252,0.2421,63
18.6,359,-0.6526,9.4602,-2.6654,0.0722,-0.87,-0.6284,86,18.507,357,2.139,10.7545,-18.5877,-0.5633,-0.5259,-0.5407,91,19.176,370,0.5005,-1.8492,-2.6314,0.8545,0.6908,-0.3733,63
18.652,360,-1.1482,9.1148,-2.7266,-0.6572,-0.8843,-0.3181,86,18.559,358,2.2868,2.4774,-18.8043,-1.0925,-0.5398,0.0943,91,19.228,371,3.1131,-5.5762,-2.7882,1.3376,1.2151,-0.8472,63
18.704,361,-1.0815,4.2871,-4.8133,-0.2116,-1.4002,-0.0993,86,18.611,359,0.8629,0.955,-16.6737,-0.127,-0.4033,0.385,91,19.28,372,-1.2172,-4.3135,-1.9143,0.4038,0.8712,0.015,63
18.755,362,3.1239,0.4752,-9.0318,0.0026,-1.8798,-0.155,86,18.663,360,0.8656,5.3323,-16.2354,0.5776,-0.9587,0.9455,91,19.332,373,-1.1306,-0.8441,-2.8629,0.2989,0.1514,0.788,63
18.807,363,3.0142,-1.7756,-12.1106,0.6434,-0.9193,0.5309,86,18.715,361,1.0682,5.4002,-14.3033,0.6057,-0.4421,0.3763,91,19.383,374,-3.1746,-0.3633,-2.332,-0.4197,-0.271,1.246,63
18.859,364,1.3449,4.1718,-9.9068,1.0984,-1.222,0.0868,86,18.766,362,0.9788,2.7287,-15.03,-0.2393,-0.5082,0.1696,91,19.435,375,-5.2797,-0.2561,-2.6386,-0.9213,-0.5817,1.3046,63
18.911,365,3.0668,10.1813,-5.2875,0.2615,-0.868,0.0127,86,18.818,363,0.4874,0.5565,-13.5276,-0.2402,-0.6532,0.4534,91,19.487,376,-6.8187,0.9787,-1.113,-0.7128,-0.5358,1.1419,63
18.963,366,1.7236,9.5226,-4.3305,-0.383,-0.1397,-0.2766,86,18.87,364,0.4995,2.3383,-11.9898,0.495,-0.8681,0.3971,91,19.539,377,-7.1137,-0.8223,-0.2175,-0.5375,-0.0678,0.7446,63
19.014,367,0.3868,8.2216,-5.375,-0.8412,0.3919,-0.3139,86,18.922,365,1.224,6.9226,-8.3541,0.322,-0.6066,-0.1796,91,19.59,378,-2.444,4.6861,4.7429,-0.2124,-0.6903,1.1191,63
19.066,368,-0.5522,8.3017,-4.7834,-1.3174,0.0097,-0.5017,86,18.974,366,6.1088,10.2683,-9.0384,0.849,-0.2636,-0.377,91,19.642,379,-2.878,-0.2841,3.8134,0.1045,-0.8262,1.4578,63
19.118,369,-0.9637,8.7473,-3.1709,-0.66,-0.2451,-0.9188,86,19.025,367,4.7741,12.6431,-9.2221,-0.0617,-0.0361,-0.5353,91,19.694,380,0.6473,-2.17,1.6709,0.3563,-0.933,0.6667,63
19.17,370,-0.6671,8.3891,-2.4547,-0.9107,-0.4499,-0.8917,86,19.077,368,3.3104,7.7068,-12.3687,-0.6308,0.585,-0.7727,91,19.746,381,3.2203,1.3105,3.2894,0.9103,0.0299,-0.0881,63
19.222,371,-0.0874,5.8952,-3.0119,-0.904,-0.4085,-0.347,86,19.129,369,1.4174,2.4963,-12.9595,-1.14,-0.1872,-0.1693,91,19.798,382,-3.6048,-1.8121,-3.2865,1.3782,0.6734,-0.2891,63
19.273,372,1.5892,1.6488,-7.7171,-1.1175,-1.1007,0.0885,86,19.181,370,1.7927,0.3822,-13.0075,-0.1617,-0.7596,0.482,91,19.849,383,-4.2882,-2.9978,-4.0241,0.7905,-0.057,0.5371,63
19.325,373,6.1438,-1.4504,-11.1511,-0.1741,-1.2079,0.4802,86,19.233,371,1.5236,2.4723,-12.8151,0.5523,-0.9946,0.3698,91,19.901,384,-6.9495,-2.1031,-4.1399,0.1235,-0.1838,0.9972,63
19.377,374,4.9502,-2.4105,-11.155,0.4548,-1.026,1.0265,86,19.285,372,0.3464,3.4866,-11.2977,0.2728,-0.6435,0.0067,91,19.953,385,-7.5384,-1.1799,-4.1348,-0.5448,-0.3263,1.2151,63
19.429,375,3.3028,5.4506,-6.5955,0.9734,-1.138,0.9028,86,19.336,373,-0.0005,2.2467,-10.737,-0.4823,-0.454,0.2022,91,20.005,386,-8.0113,-0.0306,-1.9351,-0.7784,-0.3345,1.2821,63
19.48,376,0.6128,10.0656,-4.2635,0.0001,-0.3436,0.5814,86,19.388,374,-0.8456,-0.2437,-11.0237,-1.0334,0.2742,-0.1448,91,20.057,387,-8.7722,0.9916,-0.0205,-0.5785,0.0527,0.9616,63
19.532,377,0.3746,7.7592,-4.0332,0.3958,-0.4539,-0.2424,86,19.44,375,-0.7839,5.0381,-11.4576,-0.0839,-0.1212,-0.4336,91,20.109,388,-7.3381,-4.579,-5.7022,-0.9422,0.6227,0.2604,63
19.584,378,3.2238,7.2431,-4.9201,0.1762,-0.7972,-0.0416,86,19.492,376,4.6435,8.893,-14.5727,0.6023,0.3878,-1.0037,91,20.16,389,-2.6078,-8.6447,0.7399,-1.206,0.8016,0.9668,63
19.636,379,1.4778,6.07,-3.9514,-0.3808,-0.109,0.3409,86,19.544,377,2.4416,11.7064,-14.6532,0.3354,-0.2125,-0.7073,91,20.212,390,-0.0975,-9.2688,-3.1112,-0.7581,0.8002,0.4144,63
19.688,380,0.3533,9.0292,-2.2587,0.3204,0.1217,0.167,86,19.595,378,2.3745,7.2078,-13.5335,-0.4366,0.1843,-1.1295,91,20.264,391,1.8451,-6.9311,-2.7058,0.1576,1.2949,-0.2723,63
19.739,381,-1.1578,9.0282,-1.7838,0.2293,0.2395,-0.1629,86,19.647,379,1.3558,4.9776,-12.701,0.3517,0.449,-0.3259,91,20.316,392,2.1285,-10.3614,-5.5609,0.8289,1.656,-0.7735,63
19.791,382,-0.4763,4.8341,-4.278,-0.5404,-0.4023,0.0872,86,19.699,380,0.9521,0.3624,-13.613,0.075,0.3354,0.4266,91,20.368,393,-2.485,-6.2472,-4.7864,0.3479,1.1862,-0.1688,63
19.843,383,4.6363,0.8744,-8.6411,-0.3207,-1.1515,-0.0356,86,19.751,381,1.0148,2.3182,-13.8812,0.7251,-0.427,-0.2502,91,20.419,394,-2.7445,-3.4604,-4.8993,0.0277,0.3013,0.5519,63
19.895,384,3.4798,-0.6099,-9.9896,0.0318,-0.7376,0.2585,86,19.803,382,0.0226,1.7707,-12.1242,-0.1005,0.1817,-0.0975,91,20.471,395,-4.9729,-4.1027,-3.1954,-0.1931,-0.0292,0.7502,63
19.947,385,1.9722,3.2541,-6.7115,0.6647,-0.4121,0.3602,86,19.855,383,-1.4279,1.7432,-11.4692,0.0559,0.3099,0.0207,91,20.523,396,-6.3456,-2.7556,-2.1714,-0.3621,-0.1187,0.9949,63
19.998,386,-0.4183,9.8331,-3.9233,-0.2136,-0.1473,0.1203,86,19.906,384,-0.6585,1.7545,-11.3818,0.0235,-0.1052,-0.2686,91,20.575,397,-7.2993,-2.2683,-1.7396,-0.8647,-0.1784,1.023,63
20.05,387,0.6145,6.8811,-3.9081,-0.8662,-0.7246,-0.5789,86,19.958,385,-0.2022,3.6072,-11.5806,0.1533,-0.0353,-0.7292,91,20.627,398,-8.853,0.2296,-0.3628,-0.2485,0.1538,0.6238,63
20.102,388,0.1048,8.6113,-4.4692,0.0093,-0.1182,-0.5761,86,20.01,386,2.1815,7.8486,-16.0788,0.7823,0.2532,-0.98,91,20.678,399,-9.0456,5.4538,-5.9521,0.2453,0.7151,0.4231,63
20.154,389,0.0641,7.0744,-3.6638,-0.7035,-0.68,-0.4058,86,20.062,387,0.7491,10.9442,-19.6855,0.4025,0.4043,-0.6949,91,20.73,400,-6.5212,2.0731,-9.8156,0.3425,0.2444,0.1758,63
20.206,390,-0.1309,7.8089,-1.6166,-0.1533,-0.6431,-0.3289,86,20.114,388,-0.2578,9.9319,-18.528,-0.3876,0.038,-0.7078,91,20.782,401,-2.0116,1.7698,-6.843,0.9639,0.8893,-0.4343,63
20.257,391,-1.1482,8.9808,-0.9855,-0.0624,-0.4512,-0.087,86,20.165,389,1.5471,1.877,-15.0866,-0.6293,-0.1238,-0.4267,91,20.834,402,1.2797,-4.011,-8.2226,1.4174,1.3599,-0.8917,63
20.309,392,-0.6158,4.2108,-2.7887,-0.398,-0.9861,0.2531,86,20.217,390,1.3811,-0.3189,-14.8652,0.2111,0.5735,0.2763,91,20.886,403,-1.6191,0.1698,-5.3741,0.5724,0.5554,-0.0668,63
20.361,393,3.6731,0.4195,-7.5542,0.2399,-1.5776,0.3873,86,20.269,391,1.8714,1.4079,-15.7447,0.8244,0.7855,-0.1929,91,20.937,404,-2.8597,0.7342,-5.4252,-0.2201,-0.1594,0.7181,63
20.413,394,4.8076,-2.3476,-11.0322,0.8166,-1.2801,0.9677,86,20.321,392,0.7857,2.6065,-16.1368,-0.0797,0.2673,0.139,91,20.989,405,-4.1504,-0.6961,-4.4265,-0.7979,-0.5556,0.9473,63
20.465,395,3.5509,2.3487,-8.7015,1.2374,-0.7493,0.7244,86,20.373,393,0.2476,-0.2784,-14.2069,-0.7396,0.3299,0.1598,91,21.041,406,-6.9034,0.271,-2.1845,-0.2961,-0.3822,0.9638,63
20.516,396,1.6991,9.5404,-5.7283,1.4323,-0.8219,0.567,86,20.424,394,-0.3297,-1.8343,-13.8966,0.087,0.6537,0.0562,91,21.093,407,-8.6026,-0.1042,-1.1352,-0.6485,-0.0244,0.5307,63
20.568,397,-0.5908,11.9126,-5.9711,0.335,-0.2406,-0.138,86,20.476,395,-0.0018,0.3008,-12.8216,0.7297,0.5325,0.0092,91,21.145,408,-8.8928,-0.9591,-0.9448,-0.225,0.5142,0.1473,63
20.62,398,3.1771,8.5074,-6.9943,0.6884,-1.0335,-0.645,86,20.528,396,1.4901,5.4355,-14.8698,0.9389,-0.2784,0.0638,91,21.196,409,-3.7425,4.5862,4.2121,0.1815,0.7447,0.5808,63
20.672,399,1.5433,8.5374,-5.2879,-0.2078,-0.6126,-0.374,86,20.58,397,3.6635,9.183,-18.8031,0.605,-0.0296,-0.3023,91,21.248,410,-3.9884,1.7174,-0.7249,0.381,0.1887,0.7261,63
20.723,400,1.4201,9.3866,-3.2164,-0.4863,-0.5092,-0.4606,86,20.632,398,1.9515,9.1145,-18.6281,-0.2399,0.636,-0.9043,91,21.3,411,-0.1631,0.0864,-1.5562,0.4869,0.0958,0.2465,63
20.775,401,0.1612,9.6278,-2.7872,-0.8247,-0.3084,-0.3966,86,20.683,399,0.7852,4.2028,-15.9334,-0.8506,0.8609,-0.7899,91,21.352,412,2.0396,2.4641,-0.3985,1.0686,0.6196,-0.3948,63
20.827,402,0.7228,4.9689,-4.3587,-1.291,-0.6868,-0.38,86,20.735,400,0.5039,-0.4364,-14.2389,-1.3022,0.4784,-0.3179,91,21.404,413,-3.9733,5.9315,-1.009,1.2603,0.673,-0.1277,63
20.879,403,3.4003,0.9728,-8.4907,-0.9334,-1.3591,-0.1194,86,20.787,401,0.1452,-0.862,-15.1081,-0.6153,-0.0874,0.4325,91,21.456,414,-5.1603,3.3871,-3.2156,0.3694,0.1739,0.5246,63
20.931,404,5.873,-1.9438,-11.7157,-0.0533,-1.1882,0.3561,86,20.839,402,0.0734,0.3683,-14.1981,0.2212,-0.7312,0.1068,91,21.507,415,-5.9775,2.8229,-2.6587,-0.003,-0.145,0.8628,63
20.982,405,3.3011,-0.7657,-10.5008,0.6026,-0.3746,0.8748,86,20.891,403,0.4087,1.4589,-14.1194,-0.5075,-0.4537,0.0866,91,21.559,416,-6.8524,2.9478,-2.6667,-0.0479,-0.3247,0.8488,63
21.034,406,2.0476,6.9692,-7.5381,1.0812,-0.6881,0.5357,86,20.943,404,0.1315,-0.1398,-13.8211,-0.9278,-0.104,-0.0496,91,21.611,417,-7.6616,2.7203,-2.1834,-0.0149,-0.4256,0.7059,63
21.086,407,-0.1542,10.9644,-5.7695,0.0788,-0.0083,0.3179,86,20.994,405,-0.5497,-0.9232,-12.8627,-1.1616,0.035,0.056,91,21.663,418,-9.6699,1.8803,-0.939,-0.6381,-0.051,0.4455,63
21.138,408,1.5338,7.6679,-5.3378,0.6098,-0.6748,-0.4347,86,21.046,406,0.499,3.2081,-10.6846,-0.1775,-0.6463,-0.1878,91,21.714,419,-9.4581,1.3491,-0.1066,-1.1035,0.6323,0.3751,63
21.19,409,0.6519,10.6105,-5.0839,-0.13,-0.4155,0.0782,86,21.098,407,3.0221,7.5573,-13.4486,0.5106,-0.0078,-0.2812,91,21.766,420,-4.1551,5.5407,-5.6784,-0.3423,0.5012,0.263,63
21.241,410,0.5646,7.2605,-3.2958,-0.607,-0.9194,-0.2124,86,21.15,408,4.4097,10.7316,-15.763,-0.3088,0.1443,-0.8924,91,21.818,421,-2.3313,2.02,-9.0674,-0.3229,0.7156,-0.0202,63
21.293,411,-0.7906,12.2542,-1.2193,0.0258,-0.1772,-0.5912,86,21.202,409,3.0939,7.1304,-16.4008,-0.9068,-0.1369,-0.9849,91,21.87,422,1.0464,2.1137,-7.1874,0.4782,1.2331,-0.589,63
21.345,412,0.5971,7.8397,-1.4727,-0.6915,-0.7562,-1.0982,86,21.254,410,2.5342,0.0431,-17.6317,-1.3432,-0.762,-0.5343,91,21.922,423,3.5115,-3.76,-8.7038,1.0629,1.6109,-1.0047,63
21.396,413,1.6439,3.068,-4.3155,-0.8578,-0.0636,-0.1164,86,21.305,411,1.779,-2.8908,-16.2401,-0.4155,-1.0097,0.1682,91,21.973,424,0.265,-6.2175,-6.6468,0.1379,1.28,-0.0127,63
21.448,414,6.1837,-0.4146,-8.6685,-0.2167,-0.9043,0.0489,86,21.357,412,1.394,-0.5478,-14.886,0.3671,-1.3612,0.399,91,22.025,425,-1.2614,-2.465,-6.3055,-0.489,0.4479,0.7665,63
21.5,415,6.485,-2.9563,-11.8455,0.4114,-1.0951,0.4414,86,21.409,413,0.113,1.9791,-13.2719,0.5973,-0.6311,0.6689,91,22.077,426,-3.8265,-1.9032,-4.8077,-0.9947,-0.1195,0.8814,63
21.552,416,6.1577,0.8087,-8.8317,0.9417,-0.8921,0.7132,86,21.461,414,-0.396,2.5385,-13.4165,0.6738,0.2193,0.3812,91,22.129,427,-5.3605,-1.6701,-4.2295,-0.5388,-0.1668,0.7356,63
21.604,417,3.4322,8.5241,-5.3306,0.9974,-0.1572,1.1406,86,21.513,415,-1.4111,1.3385,-10.9756,1.1621,-0.4744,-0.4023,91,22.18,428,-6.5642,-0.5398,-2.8743,-0.3161,-0.1026,0.4798,63
21.656,418,2.391,7.5491,-5.5485,0.0176,-0.7745,0.1658,86,21.564,416,3.9567,3.0854,-10.0711,1.1049,-1.0013,-0.9809,91,22.232,429,-7.4903,-1.6306,-1.0495,-0.4218,0.0495,0.2593,63
21.708,419,1.8052,6.2107,-5.8294,0.6479,-0.0725,0.2657,86,21.616,417,1.45,7.0804,-8.3583,1.4767,-0.0509,-1.3649,91,22.284,430,-2.7189,4.0961,4.1357,0.0682,-0.6047,0.1798,63
21.759,420,0.8617,7.1805,-5.0049,-0.2375,-0.5605,0.1514,86,21.668,418,2.2058,10.3835,-11.8958,1.6071,-0.0153,-1.3293,91,22.336,431,0.7635,-2.3132,-0.1276,0.3136,-0.648,0.5787,63
21.811,421,0.733,8.6122,-3.8492,0.1377,-0.351,-0.2581,86,21.72,419,0.1127,12.7943,-11.8992,0.7251,-0.5367,-1.3728,91,22.387,432,3.3051,-5.191,-1.9794,0.2194,-0.582,0.0562,63
21.863,422,-0.2357,9.4361,-2.2339,-0.6066,-0.4782,-0.6509,86,21.772,420,0.531,6.1672,-12.0475,-0.1522,-1.045,-0.5552,91,22.439,433,3.4659,-0.8113,-1.6188,0.8456,0.2861,-0.5337,63
21.915,423,0.8021,4.8368,-2.194,0.1988,-0.7233,-0.5913,86,21.823,421,-0.0746,-0.8706,-12.7464,0.0065,-0.198,-0.4553,91,22.491,434,-0.7498,-2.7323,-6.8634,1.3311,0.455,-0.6952,63
21.967,424,3.0624,0.8763,-7.1201,-0.3536,-1.1386,-0.1163,86,21.875,422,-0.1054,-0.1826,-13.5247,0.6751,0.1004,0.3322,91,22.543,435,-3.5653,-1.9273,-4.5177,0.3386,0.5389,-0.0614,63
22.018,425,7.0327,-2.0142,-10.7154,0.2886,-0.5455,0.1605,86,21.927,423,0.6991,4.072,-12.9405,0.7622,-0.5986,0.6902,91,22.595,436,-5.7659,-2.2565,-4.266,0.1727,0.2986,0.3271,63
22.07,426,6.9936,-3.5187,-10.3073,0.4664,-0.5548,0.5278,86,21.979,424,1.1325,2.1046,-11.3011,0.4677,-0.8483,0.4001,91,22.646,437,-6.7923,-1.438,-3.6271,0.0409,0.1395,0.6091,63
22.122,427,1.6613,5.3658,-7.095,0.9818,0.0062,1.0585,86,22.031,425,0.7447,1.063,-10.8989,0.1664,-0.356,0.4436,91,22.698,438,-7.4721,-0.5188,-3.199,-0.5951,0.0745,0.7655,63
22.173,428,0.3467,9.9723,-4.2114,0.0595,-0.4304,0.1065,86,22.082,426,0.6896,1.5882,-10.8091,0.79,0.1359,0.1387,91,22.75,439,-8.386,0.4042,-1.9779,-0.9178,0.1823,0.767,63
22.225,429,2.1659,5.2666,-5.3443,-0.6599,-0.5686,-0.4708,86,22.134,427,0.3272,6.3751,-9.8422,1.247,-0.3371,-0.1101,91,22.802,440,-6.6517,-5.0077,-7.1309,-1.3077,-0.2041,1.0723,63
22.277,430,1.5461,6.0971,-4.3994,-0.4918,-0.299,-0.0487,86,22.186,428,2.0051,9.8688,-13.292,0.7837,-0.133,-0.1624,91,22.854,441,-2.1068,-6.4893,-2.9409,-0.7322,-0.2409,1.2593,63
22.329,431,1.4794,8.0858,-1.8909,0.17,-0.0514,-0.1913,86,22.238,429,2.1835,12.4186,-14.6854,0.5252,0.3643,-0.6247,91,22.905,442,0.2152,-8.4362,-4.7183,-0.6282,0.181,0.6617,63
22.381,432,0.0693,9.4331,-1.5249,-0.5835,0.2501,-0.5659,86,22.29,430,0.7309,9.8586,-14.1606,-0.2981,0.5744,-0.4096,91,22.957,443,2.8179,-5.6463,-2.7758,0.2048,0.843,-0.0918,63
22.432,433,0.8713,5.3386,-2.8956,-0.7802,0.176,-0.6803,86,22.341,431,-0.4516,1.8235,-13.6403,-0.899,0.311,0.1686,91,23.009,444,3.836,-9.4236,-6.8441,0.8634,1.3262,-0.6417,63
22.484,434,1.9998,1.2426,-5.4516,-0.2922,-0.5708,-0.3863,86,22.393,432,-0.7394,0.0734,-13.4951,-0.5625,-0.2915,0.4251,91,23.061,445,0.143,-7.0035,-5.2098,0.149,1.038,0.1683,63
22.536,435,6.4434,-1.7469,-9.4976,-0.221,-0.4702,0.1249,86,22.445,433,0.2713,3.6164,-14.1328,0.2598,-0.1097,0.1583,91,23.112,446,-2.0266,-4.5163,-5.105,-0.198,0.5008,0.877,63
22.588,436,8.7211,-3.9287,-10.9766,-0.3638,-0.7529,0.3661,86,22.497,434,0.4213,3.5755,-13.1425,0.087,0.0704,-0.225,91,23.164,447,-4.0579,-3.3266,-4.999,-0.7816,0.0366,1.192,63
22.64,437,6.0182,0.1561,-7.7473,0.3759,-0.0575,0.3841,86,22.549,435,0.3093,2.0778,-12.3695,-0.2114,0.088,-0.1795,91,23.216,448,-6.2041,-1.8443,-3.8419,-0.9866,-0.1957,1.3035,63
22.691,438,1.8299,5.9241,-4.1109,-0.4242,-0.0468,0.5915,86,22.601,436,0.0116,0.4417,-11.4081,-0.3134,0.2455,0.1581,91,23.268,449,-7.5411,0.0892,-2.2451,-0.7012,-0.0727,0.9993,63
22.743,439,0.6497,7.1064,-3.4452,-0.4438,0.1888,-0.1829,86,22.653,437,0.4645,5.5383,-10.1969,0.4416,-0.0636,-0.4445,91,23.32,450,-7.7253,-5.2376,-7.3258,-1.082,0.5166,0.3314,63
22.795,440,0.4421,6.9504,-4.9571,0.2762,-0.6869,-0.6374,86,22.704,438,3.4137,9.258,-12.8525,0.0342,0.4058,-0.7871,91,23.371,451,-2.8904,-8.8447,-4.6792,-1.1327,0.8829,0.4539,63
22.847,441,1.6007,7.6391,-4.3751,-0.2751,-1.3185,-0.5004,86,22.756,439,2.4405,11.9728,-13.9139,-0.597,0.3022,-1.0953,91,23.423,452,0.6383,-8.7874,-6.3651,-0.6952,0.711,0.0556,63
22.898,442,0.2497,7.7131,-2.7625,-0.0534,-1.2181,-0.199,86,22.808,440,1.0414,8.4925,-14.0365,-1.1171,0.2495,-0.6839,91,23.475,453,3.2137,-2.5339,-5.0031,-0.1483,1.2298,-0.5184,63
22.95,443,-0.2049,7.8476,-1.1549,0.5965,-1.0875,0.1116,86,22.86,441,-0.5799,0.8265,-14.9983,-1.4967,0.1472,-0.3274,91,23.527,454,-4.0194,-2.3098,-7.4218,0.6057,1.392,-0.7665,63
23.002,444,1.3926,3.0738,-3.3868,-0.2683,-1.5974,0.5699,86,22.912,442,0.1937,-1.3267,-14.4428,-1.0804,-0.1902,0.0357,91,23.578,455,-5.0413,-6.9885,-4.9415,-0.1958,0.6936,-0.1711,63
23.054,445,6.0003,-0.4104,-7.9907,0.4456,-0.737,0.2515,86,22.964,443,0.1721,-1.5266,-14.8461,-0.1182,0.1874,0.0923,91,23.63,456,-6.4507,-5.6993,-4.5471,-0.2329,0.353,0.2657,63
23.106,446,6.7319,-2.8235,-8.7466,0.1411,-0.7419,0.7745,86,23.015,444,0.231,2.1456,-12.9756,0.5841,0.0913,0.5306,91,23.682,457,-7.4033,-3.3205,-4.3846,-0.3831,0.2358,0.5904,63
23.157,447,2.7774,3.6698,-5.8506,0.7416,-0.0478,0.7991,86,23.067,445,0.4919,1.8174,-12.1619,0.2956,-0.5498,0.567,91,23.734,458,-7.5124,-1.6752,-3.6058,-0.9175,-0.1321,0.8479,63
23.209,448,0.5167,10.2005,-3.3676,-0.169,-0.5635,-0.0532,86,23.119,446,0.3233,0.0701,-11.0336,0.0213,-0.1617,0.6268,91,23.785,459,-7.6108,-0.6493,-2.0477,-1.3075,-0.2686,0.8255,63
23.261,449,0.6393,5.7983,-2.56,-0.678,-0.5209,-0.6804,86,23.171,447,0.0124,5.2671,-9.5326,0.6859,-0.6592,0.5557,91,23.837,460,-6.7566,-5.7766,-7.1818,-1.5921,-0.5379,1.1126,63
23.313,450,0.3112,5.6862,-4.5452,0.1466,-0.4215,-0.8678,86,23.223,448,3.3347,9.0601,-10.7866,0.5307,-0.3651,0.2854,91,23.889,461,-2.1834,-2.7139,-6.7974,-1.0066,-0.3493,1.0151,63
23.365,451,1.2183,7.204,-3.8789,-0.5902,-0.5856,-0.3532,86,23.274,449,3.2656,11.8284,-10.807,-0.0845,-0.3723,-0.3016,91,23.941,462,-0.8976,-5.1213,-7.8659,-0.5261,-0.3562,0.2741,63
23.416,452,-0.8393,8.8958,-2.4141,-1.141,-0.2466,0.1595,86,23.326,450,1.707,6.7821,-13.9533,-0.7431,-0.2542,-0.4692,91,23.993,463,2.0927,-1.1586,-3.7719,0.3299,0.4509,-0.3747,63
23.468,453,-1.4047,9.5917,-1.8656,-1.1896,-0.4272,-0.1801,86,23.378,451,1.8372,-0.4218,-15.0292,-0.1467,-0.7261,-0.6822,91,24.044,464,-0.9986,-6.1483,-8.4402,0.9547,1.04,-0.7213,63
23.52,454,1.7682,4.3467,-4.8364,-1.088,-1.1696,-0.343,86,23.43,452,1.6531,1.3065,-15.6079,0.5633,-1.1634,0.1666,91,24.096,465,-2.4559,-5.7603,-6.7746,0.0678,0.4621,0.1032,63
23.572,455,6.2744,0.5187,-9.0486,-0.9098,-0.7251,0.2025,86,23.482,453,2.1686,3.0199,-13.1774,-0.2227,-0.9781,-0.0408,91,24.148,466,-3.5827,-3.6043,-5.9565,-0.4144,-0.0876,0.8462,63
23.624,456,7.5708,-2.2752,-11.9379,-0.0226,-0.6477,0.4387,86,23.533,454,1.6278,1.8021,-12.5925,-0.844,-0.8563,0.122,91,24.2,467,-5.9042,-2.9557,-4.4892,-0.8726,-0.2191,1.1646,63
23.675,457,2.6665,5.8016,-9.1716,0.625,-0.661,1.0051,86,23.585,455,0.8011,-0.6198,-12.4895,-0.2472,-0.2456,0.068,91,24.252,468,-8.1834,-1.4227,-2.7039,-1.0502,-0.0884,1.1197,63
23.727,458,1.7293,12.1682,-5.3068,0.5944,-1.2424,0.2358,86,23.637,456,-0.0723,2.2195,-11.234,0.4899,0.1344,0.4344,91,24.303,469,-9.0467,-1.3721,-2.8997,-0.902,0.3027,0.8338,63
23.779,459,1.4829,11.1969,-5.1186,-0.2765,-1.253,-0.4946,86,23.689,457,0.2133,6.8358,-10.2903,0.8739,-0.1413,-0.3702,91,24.355,470,-8.6349,-6.3041,-7.7928,-1.2549,-0.1684,1.1299,63
23.831,460,2.3151,8.0645,-5.9883,-0.9121,-0.7217,-0.1009,86,23.741,458,4.4216,10.205,-11.401,0.3141,0.1879,-0.8027,91,24.407,471,-3.5543,-6.9533,-2.326,-1.2994,-0.704,1.4282,63
23.882,461,0.838,6.8801,-5.3331,-1.1407,-0.6527,0.2409,86,23.792,459,2.084,12.664,-12.8146,-0.1864,0.7335,-1.2114,91,24.459,472,0.1538,-7.4472,-2.185,-0.6161,-0.5486,0.7918,63
23.934,462,-0.0714,8.7155,-3.7534,-0.7458,-0.6338,0.2465,86,23.844,460,1.1657,6.9099,-16.1305,-0.8175,1.2093,-1.5714,91,24.51,473,2.8302,-3.1083,-0.6673,0.0684,0.3105,0.0032,63
23.986,463,0.5192,7.3949,-2.9015,-1.0022,-0.6174,0.2226,86,23.896,461,0.9648,1.0091,-15.7398,-0.5282,0.6886,-0.7129,91,24.562,474,0.4938,-7.5713,-6.1743,0.7638,0.9375,-0.5707,63
24.038,464,3.1318,2.7434,-5.9668,-0.8886,-1.2938,0.8099,86,23.948,462,-0.1292,-0.8649,-14.718,-0.0143,0.5645,0.0689,91,24.614,475,-2.8766,-5.1272,-5.7078,-0.0669,0.6468,0.0977,63
24.09,465,6.7802,-0.6515,-9.8736,-0.462,-0.7559,0.9148,86,24.0,463,-0.1714,0.9393,-14.4903,0.4804,-0.1614,0.7148,91,24.666,476,-4.3788,-3.8452,-4.8306,-0.4393,0.2698,0.5297,63
24.141,466,6.0554,0.0168,-9.5113,0.2736,-0.3333,1.2904,86,24.051,464,1.6744,3.249,-12.5576,0.0918,-0.7319,-0.1087,91,24.718,477,-6.3173,-2.7792,-3.5787,-0.5783,0.1777,0.4786,63
24.193,467,2.3175,4.1435,-6.6053,-0.3742,-0.3002,1.152,86,24.103,465,2.1952,3.2713,-10.8371,0.3607,-0.4239,-0.4242,91,24.769,478,-7.2159,-2.2392,-2.6157,-0.0691,0.2058,0.2181,63
24.245,468,1.1854,10.1926,-3.0245,-0.1356,-0.3164,1.1585,86,24.155,466,1.9335,2.1949,-10.0807,-0.1539,-0.1915,-0.9969,91,24.821,479,-7.8055,-1.3597,-1.5974,0.2716,0.221,0.2341,63
24.297,469,0.5386,10.8852,-2.0056,-0.8093,-0.0506,0.4894,86,24.207,467,1.5099,5.2942,-9.3603,0.5505,0.5215,-0.5947,91,24.873,480,-6.3158,4.2939,3.7358,0.7888,0.7064,0.9479,63
24.349,470,0.8717,8.1029,-3.2129,-0.0678,0.3034,-0.3091,86,24.259,468,1.6679,9.0799,-12.6075,1.0472,0.7674,0.0678,91,24.925,481,-5.4282,-0.4833,1.9273,1.19,0.6468,1.4084,63
24.4,471,0.698,7.268,-3.7605,-0.5905,-0.6128,-0.2001,86,24.31,469,0.0969,11.8428,-12.219,1.136,0.6503,-0.3151,91,24.976,482,-2.1608,-4.3217,0.8087,0.6087,0.3215,0.8224,63
24.452,472,0.7968,5.2208,-3.3756,-0.3921,-1.0675,0.1303,86,24.362,470,-0.7256,10.9635,-11.0087,0.1477,-0.1686,-0.7691,91,25.028,483,-1.5088,-3.6196,-0.1239,1.0896,0.4614,0.2862,63
24.504,473,-0.2964,5.5042,-4.0466,0.1784,-1.4972,0.6943,86,24.414,471,-0.4614,7.0486,-10.0696,-0.2952,-0.1349,-0.9617,91,25.08,484,-2.7732,-1.4484,-1.762,1.0916,0.6909,0.153,63
