right_leg_timestamp,right_leg_index,right_leg_accel_x,right_leg_accel_y,right_leg_accel_z,right_leg_gyro_x,right_leg_gyro_y,right_leg_gyro_z,right_leg_battery_percentage,left_leg_timestamp,left_leg_index,left_leg_accel_x,left_leg_accel_y,left_leg_accel_z,left_leg_gyro_x,left_leg_gyro_y,left_leg_gyro_z,left_leg_battery_percentage
0.006,0,5.4828,0.1104,-10.588,0.473,0.562,-0.9965,90,0.097,1,3.0517,-1.2336,-15.8062,0.1239,-0.2946,0.5399,61
0.058,1,9.2673,-5.1564,-5.1435,0.0444,0.0332,-0.3369,90,0.149,2,2.4803,-1.8586,-15.4256,-0.2234,-0.8818,0.6758,61
0.109,2,12.0294,-0.2498,-9.2224,0.2501,-0.3446,0.0262,90,0.201,3,2.4091,-1.96,-13.3655,-0.806,-1.3104,0.9938,61
0.161,3,14.0045,0.3743,-11.6032,0.2342,0.0058,-0.213,90,0.253,4,5.7815,3.4407,-7.147,-1.2653,-1.5536,1.0276,61
0.213,4,15.124,-0.7518,-8.7118,-0.2758,0.6826,-0.7331,90,0.305,5,9.3369,-0.958,-10.3093,-0.3779,-1.5258,0.8944,61
0.265,5,10.5523,-5.7046,-14.3631,0.391,0.525,-0.4012,90,0.357,6,11.9318,0.2019,-11.1754,-0.197,-0.5166,0.5789,61
0.316,6,9.4602,-4.6419,-14.5033,0.3015,-0.2902,0.3778,90,0.408,7,8.6108,2.2058,-11.1824,0.5309,0.3068,0.4102,61
0.368,7,7.7402,-3.9779,-13.6588,0.1451,-0.8852,0.9521,90,0.46,8,7.2057,0.6218,-10.1092,1.0622,0.5504,-0.1624,61
0.42,8,6.4174,-2.2244,-12.0635,-0.0552,-1.3118,1.3632,90,0.512,9,6.7883,1.7243,-8.0055,0.6997,1.0033,-0.5486,61
0.472,9,4.7861,0.9964,-8.7386,-0.7155,-1.2561,1.5998,90,0.564,10,6.1457,1.6847,-8.4041,-0.1664,1.3554,-0.5779,61
0.524,10,8.7588,2.272,-5.5985,-0.2745,-0.7026,1.4879,90,0.616,11,5.1648,1.7643,-10.4116,-0.7985,1.3469,-0.3077,61
0.575,11,11.6583,0.2516,-9.4473,-0.2492,-0.5799,0.941,90,0.667,12,5.2751,1.6637,-15.58,-1.2276,1.2344,-0.1493,61
0.627,12,11.9142,-0.0009,-9.9219,-0.6532,0.1254,0.2675,90,0.719,13,8.9673,0.6417,-17.3531,-1.5731,1.0855,-0.5948,61
0.679,13,8.5647,2.1752,-9.5515,-0.0687,0.2472,-0.2987,90,0.771,14,9.5176,2.0319,-16.3778,-1.6415,0.888,-0.5571,61
0.731,14,8.0892,1.7901,-7.7888,0.0302,0.4078,-0.6498,90,0.823,15,9.5511,6.7751,-12.8574,-0.6752,1.3331,-0.5338,61
0.783,15,7.2703,1.0583,-7.5419,0.2463,0.9629,-1.0314,90,0.874,16,1.4982,10.2369,-13.6576,0.1819,0.6448,0.0855,61
0.834,16,6.3352,-0.144,-9.0398,0.265,1.3811,-1.3693,90,0.926,17,2.6478,7.5031,-12.8284,-0.207,-0.1962,0.2377,61
0.886,17,5.377,-3.3309,-12.3347,0.3792,1.6863,-1.5731,90,0.978,18,2.713,4.6105,-11.6857,-0.6144,-0.81,0.2096,61
0.938,18,5.1934,-0.3212,-6.4183,-0.0813,1.1784,-0.7913,90,1.03,19,3.1934,3.4756,-10.3387,-0.1279,-1.0073,0.0966,61
0.99,19,-1.1388,5.1175,-3.9094,0.6033,0.5574,-0.5441,90,1.082,20,2.9298,3.2717,-4.9379,0.25,-1.3994,0.1219,61
1.042,20,4.4346,3.3572,-5.9124,-0.2349,1.0298,-0.5976,90,1.133,21,7.2556,4.5359,-8.9997,-0.3302,-1.261,0.098,61
1.093,21,5.2163,-2.7868,-12.32,-0.4968,0.6824,-0.2429,90,1.185,22,9.9771,3.6889,-14.5495,-0.3473,-1.3339,-0.0821,61
1.145,22,9.0728,0.8917,-13.7817,0.314,-0.1754,0.452,90,1.237,23,12.399,3.7804,-12.6585,0.2047,-0.4589,-0.0202,61
1.197,23,10.295,1.7395,-12.0026,0.3251,-0.8014,1.0076,90,1.289,24,10.9228,2.6739,-14.4766,0.8225,-0.1995,-0.1389,61
1.249,24,7.5314,1.6909,-9.5515,-0.3658,-1.2583,1.4131,90,1.34,25,9.2108,1.4466,-13.1829,0.4663,-0.1639,-0.1755,61
1.301,25,6.5304,3.2184,-7.7477,-0.3682,-1.0192,1.6542,90,1.392,26,7.3063,2.5154,-10.2619,0.0608,0.5646,-0.2334,61
1.352,26,6.4652,-2.8881,-10.6944,-0.9439,-0.683,1.5642,90,1.444,27,6.4914,1.1985,-10.0152,-0.5606,1.097,-0.2282,61
1.404,27,9.9844,-4.148,-12.1415,-0.4262,-0.6913,0.9037,90,1.496,28,4.4221,1.3799,-13.1056,-1.0862,1.4856,0.1321,61
1.456,28,12.5528,-1.2981,-15.4726,-0.574,-0.2141,0.4993,90,1.548,29,4.0713,6.2992,-15.9238,-1.4503,0.5353,0.1343,61
1.508,29,12.4924,-3.4499,-14.5573,-0.7514,0.3218,0.0747,90,1.599,30,-2.5012,9.8896,-17.7611,-0.4209,1.0757,0.3396,61
1.56,30,7.9602,-3.3284,-14.3673,-0.0316,0.2746,-0.2749,90,1.651,31,3.2918,7.5856,-17.2967,0.1287,1.47,0.2423,61
1.611,31,7.3801,-0.352,-10.846,-0.0941,0.1557,-0.5396,90,1.703,32,7.1032,4.1072,-20.6051,0.5575,1.7579,-0.0641,61
1.663,32,6.1993,0.1254,-8.6536,-0.324,0.7835,-0.7686,90,1.755,33,6.6561,4.3206,-19.6157,1.0002,0.6162,-0.1155,61
1.715,33,6.8112,-1.6152,-9.7993,-0.1972,1.2502,-1.0548,90,1.807,34,5.3157,3.3052,-17.8448,0.8722,-0.2171,-0.2169,61
1.767,34,5.1122,-4.2452,-14.4244,0.5326,1.1554,-1.1934,90,1.858,35,5.0485,2.4581,-15.8716,1.3113,-0.8252,-0.4611,61
1.818,35,8.9969,0.6744,-7.9435,0.4668,0.3301,-0.3207,90,1.91,36,4.6209,1.745,-13.2967,1.465,-1.2691,-0.3652,61
1.87,36,11.8321,3.55,-12.3434,0.6916,0.0046,-0.0327,90,1.962,37,3.6338,0.4972,-7.8747,1.076,-1.387,-0.0378,61
1.922,37,12.6189,3.2973,-13.8196,0.1426,0.6618,-0.2868,90,2.014,38,7.7694,3.473,-13.7285,0.1082,-0.6652,-0.1846,61
1.974,38,14.4756,0.9647,-11.4892,-0.4487,1.1613,-0.7225,90,2.066,39,10.7878,3.2575,-16.878,0.2761,-0.6233,0.037,61
2.026,39,10.7915,1.4805,-12.7785,-0.9783,0.7264,0.0635,90,2.117,40,12.9907,1.5952,-14.037,0.5806,0.2194,0.1059,61
2.078,40,9.9863,-0.5289,-13.4828,-0.9594,-0.1432,0.6512,90,2.169,41,10.8805,3.206,-13.1537,0.0984,0.6772,0.1282,61
2.129,41,8.5361,-0.1319,-11.8399,-0.4392,-0.7779,0.9904,90,2.221,42,9.2673,3.1121,-9.737,0.0937,1.0549,0.044,61
2.181,42,6.3059,1.1548,-9.5017,-0.898,-0.9902,1.18,90,2.272,43,8.1428,2.4522,-9.4547,0.1567,1.4549,-0.0257,61
2.233,43,5.4051,4.7152,-6.9101,-1.3306,-0.6649,0.7919,90,2.324,44,7.0446,2.1928,-9.6497,-0.1355,1.7468,-0.1591,61
2.285,44,6.6447,4.5964,-8.1513,-0.2965,-0.5605,0.4348,90,2.376,45,5.6847,0.8689,-13.493,-0.2713,1.9017,-0.1366,61
2.336,45,10.1154,3.17,-9.8776,-0.844,-0.5662,0.3006,90,2.428,46,3.4768,-0.3239,-16.2743,-0.8751,1.2735,0.1924,61
2.388,46,11.9439,3.895,-9.9949,-1.2912,0.2569,-0.0808,90,2.48,47,2.5654,5.0558,-17.1489,-1.0936,0.5695,-0.0442,61
2.44,47,8.5758,1.336,-12.1065,-1.5127,0.846,-0.2225,90,2.531,48,-3.6003,8.5612,-16.868,-0.1837,0.9057,0.1206,61
2.492,48,8.237,1.771,-10.3833,-0.4275,0.389,-0.3226,90,2.583,49,2.4897,7.3207,-12.7177,0.3368,1.346,0.0304,61
2.544,49,7.4494,3.1945,-8.2908,-0.5526,0.7085,-0.4244,90,2.635,50,-3.6556,8.7443,-7.8559,0.9205,0.8407,0.5246,61
2.595,50,7.0228,0.6611,-8.8165,-0.857,1.1954,-0.351,90,2.687,51,-0.4087,8.1047,-7.9542,0.107,-0.0532,0.687,61
2.647,51,6.1109,-0.7272,-11.9267,0.051,1.5508,-0.5057,90,2.739,52,0.0934,5.0649,-7.7666,-0.2278,-0.7056,0.5248,61
2.699,52,2.725,-2.0468,-16.2636,0.2108,1.3236,-0.5916,90,2.79,53,0.8605,4.2038,-8.2,0.105,-1.1447,0.2412,61
2.751,53,7.2546,0.0202,-9.2859,0.8298,0.2926,0.0067,90,2.842,54,1.3366,2.6034,-7.6619,0.7513,-1.4253,-0.1071,61
2.803,54,-0.0294,-5.2223,-13.2932,0.632,0.8611,-0.0755,90,2.894,55,0.1933,-0.3806,-13.5732,1.223,-0.9433,-0.1543,61
2.855,55,5.2443,-2.2061,-13.3829,-0.0843,1.3069,-0.3435,90,2.946,56,5.2584,2.7824,-12.3763,0.2158,-0.9586,-0.0129,61
2.906,56,9.0932,-4.0838,-17.1523,-0.7166,1.5184,-0.8988,90,2.997,57,8.9551,1.5801,-16.0147,0.2139,-0.6643,-0.0336,61
2.958,57,5.7908,-5.4192,-16.8442,-1.0381,0.602,-0.2679,90,3.049,58,10.4632,3.6242,-13.6285,0.7773,0.1999,0.2256,61
3.01,58,6.2563,-3.0763,-15.2056,-0.5337,-0.234,0.3549,90,3.101,59,7.5679,3.8204,-11.2163,0.7928,0.5238,0.0028,61
3.062,59,6.0184,-1.7517,-12.9962,-0.505,-0.8442,0.8054,90,3.153,60,6.2309,4.4788,-8.3776,0.7475,0.9408,-0.2143,61
3.114,60,4.6711,0.4417,-11.3108,-0.7309,-1.2895,0.7115,90,3.205,61,5.6576,3.1728,-8.3626,-0.0401,1.3716,-0.1619,61
3.165,61,3.4527,2.2702,-8.4884,-0.5916,-1.32,0.1658,90,3.257,62,5.7722,2.6474,-11.4935,-0.7063,1.686,-0.0495,61
3.217,62,7.7857,-3.5802,-3.6307,0.2448,-0.6081,0.591,90,3.308,63,3.736,2.2152,-14.8344,-0.5841,1.5728,-0.0408,61
3.269,63,10.9481,-3.3595,-10.6547,0.0678,-0.873,0.0871,90,3.36,64,1.8724,1.1784,-15.2405,-1.1034,0.7818,0.3197,61
3.321,64,13.163,-1.2508,-11.0182,-0.4449,-0.0055,-0.5436,90,3.412,65,6.4838,4.8674,-14.6375,-1.4343,0.2521,-0.0532,61
3.373,65,9.9584,-2.372,-11.7685,-0.4664,0.6323,-0.4858,90,3.464,66,-0.7404,5.5835,-18.6643,-0.9693,0.869,0.0377,61
3.424,66,8.6867,-2.6376,-9.5432,-0.1575,0.8978,-0.3959,90,3.516,67,4.5769,4.9484,-15.5227,-0.0966,1.3192,-0.2423,61
3.476,67,7.6708,-1.6774,-8.9756,-0.3379,1.2398,-0.2798,90,3.567,68,1.2663,4.4389,-19.3103,0.6042,1.6477,-0.4127,61
3.528,68,6.0737,-0.8825,-9.6786,-0.9218,1.5832,0.2668,90,3.619,69,3.5469,5.4941,-17.3045,1.1156,0.5358,-0.2467,61
3.58,69,5.0135,0.3418,-11.3901,-1.348,1.8339,0.8591,90,3.671,70,3.946,2.153,-15.4511,0.9732,-0.2757,-0.0951,61
3.631,70,3.5512,1.4966,-15.3888,-0.3073,1.6349,0.6098,90,3.723,71,3.7356,0.0021,-13.6528,1.0326,-0.868,-0.1268,61
3.683,71,7.3121,3.249,-8.6473,0.3449,1.3943,0.677,90,3.774,72,4.2982,-0.5847,-11.5559,1.4283,-1.1575,-0.1364,61
3.735,72,5.5798,-0.1766,-10.2014,0.041,1.1193,0.4453,90,3.826,73,4.8779,-0.8271,-16.4152,0.3655,-0.4984,-0.2121,61
3.787,73,9.3381,0.5448,-8.6672,-0.1427,1.4833,-0.314,90,3.878,74,8.6774,0.2,-17.8022,0.6376,-0.46,-0.2969,61
3.839,74,9.5153,-4.8394,-14.3306,0.5724,0.4986,-0.8863,90,3.93,75,11.4505,0.697,-18.5384,0.4971,-0.3216,-0.0392,61
3.89,75,8.8751,-4.846,-14.8769,0.7567,-0.3095,-0.1526,90,3.982,76,10.8117,1.9757,-14.8551,0.9146,0.4503,0.246,61
3.942,76,7.4129,-2.2221,-12.1191,0.7445,-0.8993,0.309,90,4.033,77,5.4419,1.3335,-12.4325,0.579,0.8457,0.1671,61
3.994,77,6.8528,-1.5163,-10.8014,0.2917,-1.2291,0.5523,90,4.085,78,4.2064,1.0512,-8.9655,0.6383,1.0143,0.0757,61
4.046,78,5.6662,0.0258,-9.0913,-0.1123,-1.314,0.7231,90,4.137,79,3.823,1.9619,-8.4093,0.3959,1.4252,-0.1081,61
4.098,79,4.2176,1.4449,-6.651,-0.6098,-1.0212,0.724,90,4.189,80,4.6125,1.6508,-10.0001,-0.2218,1.7252,-0.5009,61
4.15,80,5.4781,-3.0735,-12.859,0.0807,-0.935,0.7349,90,4.24,81,4.0221,0.4856,-13.9327,-0.3717,1.8398,-0.5471,61
4.201,81,9.2639,-2.5895,-15.4258,-0.244,-1.0834,0.3982,90,4.292,82,3.9725,-1.3332,-18.1499,-0.9484,0.8683,-0.1355,61
4.253,82,12.027,-1.0419,-16.121,-0.2001,-0.5923,-0.0576,90,4.344,83,8.0166,-2.0481,-18.0838,-0.6578,0.1434,-0.1188,61
4.305,83,10.963,-3.4914,-14.8985,0.1885,-0.0223,-0.5473,90,4.396,84,8.3519,0.1912,-18.1268,-0.5132,-0.0574,0.0662,61
4.357,84,10.1884,-1.3614,-11.2161,0.18,0.5176,-0.7607,90,4.448,85,9.9832,0.5416,-17.6049,-0.2926,0.6106,-0.0397,61
4.408,85,10.0018,-1.6015,-9.588,-0.2172,0.9477,-0.7217,90,4.499,86,11.7485,3.0429,-15.1608,-0.4609,1.1306,0.0813,61
4.46,86,9.0652,-1.6805,-9.758,-0.3479,1.37,-0.6194,90,4.551,87,4.4216,3.2473,-18.1375,-0.3564,0.8487,-0.0413,61
4.512,87,8.2499,-2.8751,-11.8114,0.1011,1.6783,-0.5527,90,4.603,88,4.5272,2.2596,-16.9245,0.3764,-0.0474,-0.159,61
4.564,88,4.3481,-1.4778,-16.3075,0.7503,1.4238,-0.8406,90,4.655,89,4.728,2.2719,-15.0832,0.9494,-0.7014,-0.276,61
4.616,89,8.4392,-5.4597,-19.7305,1.2242,0.3657,-0.174,90,4.707,90,4.8297,2.1694,-12.995,1.3573,-1.1787,-0.1402,61
4.667,90,11.425,-3.3205,-17.9353,0.8569,0.2174,-0.0607,90,4.758,91,3.953,1.6531,-12.3128,0.6746,-1.4642,-0.111,61
4.719,91,12.6006,-2.5897,-16.9536,0.299,0.8038,-0.3776,90,4.81,92,8.0023,2.1895,-16.9676,0.1247,-0.8611,-0.5279,61
4.771,92,11.6724,-5.5365,-17.1637,-0.4524,1.265,-0.9025,90,4.862,93,10.9577,2.9504,-19.4305,0.1327,-0.8258,-0.1703,61
4.823,93,8.7088,-6.1764,-17.0194,-0.7995,0.3825,-0.0323,90,4.914,94,13.1147,0.426,-16.9845,0.1805,0.0789,-0.0561,61
4.875,94,7.4783,-4.739,-15.3863,-0.6892,-0.3942,0.6295,90,4.966,95,10.7422,2.4491,-15.0693,-0.3139,0.6201,0.065,61
4.926,95,6.5003,-3.777,-13.3316,-0.7765,-0.9611,1.0646,90,5.017,96,11.0301,2.9513,-11.3596,-0.5344,0.3915,0.1069,61
4.978,96,5.5051,-2.2603,-11.7821,-0.8829,-1.3749,1.3463,90,5.069,97,9.2508,0.9448,-8.8895,-0.2082,0.9013,0.224,61
5.03,97,3.7504,1.0869,-8.5042,-1.2524,-1.3358,1.3569,90,5.121,98,8.1175,1.9156,-9.1389,-0.6154,1.3428,0.2179,61
5.082,98,8.003,-4.4438,-13.8582,-0.2376,-1.5257,1.453,90,5.173,99,7.4033,1.2969,-10.3115,-0.9165,1.665,0.2,61
5.134,99,11.1067,-3.9396,-16.783,-0.2969,-1.5624,0.8859,90,5.224,100,7.2685,1.4053,-15.507,-1.1177,1.5208,0.2199,61
5.185,100,13.3719,0.649,-15.4224,-0.4985,-0.4917,0.2206,90,5.276,101,5.3632,6.3178,-15.7672,-1.4771,1.0773,-0.048,61
5.237,101,14.3165,-4.7634,-17.6916,-0.3541,-0.0452,-0.0278,90,5.328,102,7.7718,7.3297,-16.388,-0.9518,0.7496,0.3016,61
5.289,102,12.9499,-3.2869,-12.7001,-0.9058,0.4023,-0.2679,90,5.38,103,10.7895,4.6996,-15.6712,-0.6865,1.2321,-0.0223,61
5.341,103,11.5551,-4.0841,-10.6842,-0.7612,0.9516,-0.3301,90,5.432,104,11.3995,3.3461,-19.4187,0.1736,1.5807,-0.2972,61
5.393,104,9.7709,-3.4631,-10.5831,-0.5041,1.3729,-0.2647,90,5.483,105,10.7402,5.5575,-17.4305,0.8014,0.4869,-0.1691,61
5.444,105,7.784,-3.8813,-12.4393,0.2395,1.6804,-0.3668,90,5.535,106,8.2728,3.7337,-15.298,-0.0922,-0.3114,-0.1482,61
5.496,106,5.4628,-4.3343,-15.7675,0.8514,1.4161,-0.6643,90,5.587,107,6.73,3.4804,-14.3969,0.408,-0.7859,-0.2816,61
5.548,107,9.2528,-3.7884,-8.9238,1.2856,0.3601,0.0221,90,5.639,108,6.141,2.3754,-12.635,0.9067,-1.2404,-0.41,61
5.6,108,8.5749,-5.0774,-10.0516,1.1175,-0.0068,-0.091,90,5.691,109,5.3567,0.7869,-8.9497,1.3346,-1.5431,-0.3704,61
5.652,109,11.5241,-2.0794,-10.5165,0.2332,0.6734,-0.4181,90,5.742,110,9.0269,5.8665,-3.9242,0.4502,-1.6482,-0.3854,61
5.703,110,13.6766,-5.1642,-15.6803,-0.505,1.0731,-0.802,90,5.794,111,11.7055,3.773,-9.2,0.5684,-1.4717,-0.2162,61
5.755,111,13.042,-8.154,-16.9031,-0.7227,0.1098,0.0304,90,5.846,112,12.4057,3.1353,-8.4397,0.9536,-0.4075,0.0557,61
5.807,112,11.6081,-3.9342,-13.8306,0.1005,-0.5932,0.6193,90,5.897,113,6.5956,1.9805,-8.8639,0.0189,0.3345,0.1915,61
5.859,113,9.2944,-2.5547,-11.3806,-0.1153,-1.1064,0.8667,90,5.95,114,5.7651,2.9077,-6.7991,0.2798,0.7464,0.1888,61
5.911,114,7.6118,-1.4559,-9.9787,-0.4857,-1.2853,0.9681,90,6.002,115,5.7799,2.8395,-7.8111,-0.1659,1.2297,0.2263,61
5.962,115,5.1256,1.7719,-7.5258,-1.0297,-0.9925,0.8163,90,6.053,116,5.544,3.5782,-9.1856,-0.7071,1.5825,0.2751,61
6.014,116,9.0066,-3.9438,-8.9539,-0.075,-0.6811,0.7738,90,6.105,117,4.7723,2.8501,-11.7572,-1.0237,1.8399,0.1569,61
6.066,117,11.8392,-2.7699,-14.5114,-0.4368,-0.7471,0.2486,90,6.157,118,5.7641,0.6251,-16.5621,-1.1177,1.7246,0.2466,61
6.118,118,13.724,-0.7595,-13.2281,-0.7357,0.1331,-0.2434,90,6.209,119,4.6691,-0.1515,-20.069,-1.2283,0.8056,0.1064,61
6.169,119,10.1027,-1.5042,-13.0459,-0.2855,0.6436,-0.4122,90,6.26,120,6.1616,1.8896,-20.4457,-0.7278,0.974,0.2276,61
6.221,120,9.3584,-1.218,-10.6032,0.2581,0.3834,-0.5894,90,6.312,121,9.6143,1.6921,-16.546,-0.2783,1.3958,-0.0967,61
6.273,121,8.1966,-0.4876,-8.9807,0.2401,0.8444,-0.859,90,6.364,122,4.0344,1.5884,-20.0572,0.4716,1.4056,-0.3397,61
6.325,122,7.007,-0.0572,-8.7399,-0.093,1.2946,-1.033,90,6.416,123,6.644,2.4776,-18.9115,0.9416,0.3591,0.0299,61
6.377,123,5.9068,-1.8898,-12.935,0.2656,1.6232,-1.1257,90,6.468,124,5.5525,1.7649,-14.8652,0.0102,-0.4047,0.2567,61
6.429,124,3.5428,-3.5533,-16.2797,0.7903,1.3331,-0.8447,90,6.52,125,5.4531,1.5358,-13.6835,0.188,-0.7254,0.1309,61
6.48,125,7.8514,0.7324,-19.8865,0.9768,0.3069,-0.0567,90,6.571,126,5.2155,-0.1805,-11.6519,0.8082,-0.8694,-0.0669,61
6.532,126,10.9961,3.5302,-18.6515,0.7167,-0.3614,-0.1055,90,6.623,127,4.1731,4.8629,-5.9134,1.2162,-1.1356,0.1097,61
6.584,127,13.2912,2.3156,-15.8661,-0.066,0.4146,-0.4675,90,6.675,128,8.163,5.2504,-8.6772,0.5438,-1.1458,0.2084,61
6.636,128,9.4305,-3.547,-19.5846,-0.6289,0.7865,-0.0709,90,6.727,129,11.075,5.3549,-10.3236,0.4228,-0.621,0.2453,61
6.688,129,10.1866,-4.6336,-19.5471,0.1247,-0.0993,0.2854,90,6.779,130,9.3864,5.2035,-12.4312,0.9832,0.1879,0.2699,61
6.739,130,9.0747,-1.2036,-15.9935,0.6485,-0.7459,0.8682,90,6.83,131,4.4704,2.465,-15.4303,0.9896,0.7381,0.0171,61
6.791,131,7.7767,-0.6397,-13.2262,-0.2019,-1.2178,1.2352,90,6.882,132,4.5484,4.064,-12.3854,0.3223,0.5359,-0.1496,61
6.843,132,6.5207,1.197,-10.4943,-0.8226,-1.3427,1.3542,90,6.934,133,3.9973,1.6869,-10.9798,-0.0578,1.0534,-0.1805,61
6.895,133,4.6871,3.1355,-6.7192,-1.2756,-0.8753,1.0696,90,6.986,134,3.7792,3.0161,-11.1718,-0.6581,1.4538,-0.1973,61
6.946,134,8.6866,-0.0545,-2.3267,-0.4902,-0.5956,0.9427,90,7.038,135,2.2205,2.6487,-14.347,-1.1573,1.746,0.2746,61
6.998,135,11.6056,1.2131,-9.3011,-0.5573,-0.4191,0.2958,90,7.089,136,-1.3461,4.381,-17.9725,-1.4694,0.9454,0.7928,61
7.05,136,12.1705,0.7547,-8.7258,-1.0333,0.3165,-0.0102,90,7.141,137,1.9344,3.2387,-18.8054,-0.418,0.3858,0.8988,61
7.102,137,9.3666,-0.8026,-6.7031,-0.4725,0.6173,-0.1605,90,7.193,138,6.5291,1.0122,-19.3336,-0.6206,0.8462,0.6638,61
7.154,138,8.6666,-0.3225,-5.1508,-0.347,0.7683,-0.2977,90,7.245,139,8.7603,2.6044,-16.7342,0.2218,1.3025,-0.0806,61
7.206,139,7.7701,-1.2171,-5.8042,-0.709,1.2391,-0.1825,90,7.297,140,6.7404,4.3771,-17.62,0.8365,0.2839,-0.1049,61
7.257,140,5.9141,-1.7008,-8.5701,0.1192,1.5827,-0.0768,90,7.348,141,5.4146,3.0966,-16.6256,0.2382,-0.4596,-0.1118,61
7.309,141,2.8407,-3.3625,-14.2597,0.7635,1.7441,-0.3069,90,7.4,142,5.013,2.8145,-14.5422,0.3204,-1.0022,-0.1971,61
7.361,142,7.339,2.8978,-7.8233,0.9758,0.9437,-0.0089,90,7.452,143,5.7827,2.178,-12.3936,0.9085,-1.384,-0.3403,61
7.413,143,4.0454,1.5571,-9.3844,0.7979,0.6222,-0.4818,90,7.504,144,7.6869,5.2616,-6.4377,1.085,-1.6769,-0.264,61
7.465,144,8.2183,1.6205,-10.0483,-0.0381,1.1324,-0.5247,90,7.556,145,10.7275,5.7657,-8.6424,0.5161,-1.6443,-0.262,61
7.516,145,11.2533,-0.7523,-10.434,0.0286,1.2094,-1.0438,90,7.607,146,12.9467,5.1815,-12.808,0.3633,-1.2758,-0.142,61
7.568,146,8.8978,-1.1327,-11.8052,0.0074,0.4381,-0.1053,90,7.659,147,13.919,3.0103,-11.1378,0.8934,-0.2462,-0.0498,61
7.62,147,7.6532,-0.6924,-11.913,-0.527,-0.3537,0.5468,90,7.711,148,12.6608,4.0844,-12.19,-0.025,0.3154,0.2902,61
7.672,148,6.5667,-1.4823,-11.4664,-1.0599,-0.9315,0.9916,90,7.763,149,10.259,2.8839,-9.7192,0.2506,0.8025,0.191,61
7.724,149,5.1607,-1.1062,-10.9326,-0.5709,-1.3533,1.1644,90,7.815,150,8.6768,2.364,-9.3449,0.8576,1.2706,0.005,61
7.775,150,1.7201,0.2963,-10.4917,-0.1398,-1.4861,1.1219,90,7.866,151,7.6387,2.228,-9.3903,0.4636,1.6123,-0.1687,61
7.827,151,6.5211,-3.5629,-8.5932,0.4114,-1.057,0.9314,90,7.918,152,7.2861,3.2691,-10.1299,-0.0565,1.8617,-0.2979,61
7.879,152,9.955,-3.9168,-13.8588,0.2211,-1.3959,0.7954,90,7.97,153,7.1574,-0.0888,-15.3745,-0.0891,2.0136,-0.4347,61
7.931,153,12.5314,-1.0692,-13.5681,-0.2407,-0.4329,0.3244,90,8.022,154,10.3411,3.326,-16.588,-0.7392,1.8159,-0.7004,61
7.982,154,11.8461,-1.7886,-12.5243,0.3801,0.0508,-0.2471,90,8.073,155,7.479,2.6621,-17.3258,-0.5023,1.3283,-0.6241,61
8.034,155,11.3423,-0.8123,-10.8746,-0.3978,0.3061,-0.4568,90,8.125,156,10.5758,4.1716,-15.2854,0.2397,1.6545,-0.3823,61
8.086,156,9.9082,-2.4753,-10.1085,-0.8299,0.8819,-0.5613,90,8.177,157,8.5544,-0.6073,-19.1372,0.8422,1.8925,-0.8412,61
8.138,157,7.8554,-2.2508,-10.0853,-0.0251,1.322,-0.8147,90,8.229,158,9.2105,-0.4254,-18.7663,0.2794,0.7144,-0.3554,61
8.19,158,5.5469,-4.0203,-13.8041,0.6582,1.6432,-1.2254,90,8.281,159,8.1154,-0.6913,-16.7848,-0.4731,-0.1454,-0.2135,61
8.241,159,6.2008,-8.1712,-14.9733,0.1431,0.5651,-0.4951,90,8.332,160,7.3949,0.084,-15.1902,-0.0168,-0.7729,-0.4168,61
8.293,160,9.7913,-0.6118,-18.9331,-0.0425,-0.2012,-0.4354,90,8.384,161,7.0876,0.307,-13.1888,0.3301,-1.2309,-0.5678,61
8.345,161,12.4119,1.1822,-18.2667,0.4346,-0.2582,-0.4545,90,8.436,162,7.5123,1.1598,-7.5596,0.9156,-1.5557,-0.8637,61
8.397,162,11.0509,-0.8642,-17.4554,-0.358,0.489,-0.6686,90,8.488,163,10.6001,2.6289,-2.9096,0.5165,-1.6124,-0.4086,61
8.449,163,13.3312,-1.6878,-13.3165,-0.9349,1.0352,-1.1546,90,8.539,164,12.8537,2.3324,-7.7517,0.4595,-1.1975,-0.3329,61
8.501,164,8.5014,-4.5929,-17.7239,-1.3575,1.2003,-0.4374,90,8.591,165,12.283,1.64,-10.3159,0.4753,-0.1994,-0.2488,61
8.552,165,10.7811,-4.4568,-17.7346,-1.2895,0.2027,0.3435,90,8.643,166,10.8755,2.5032,-11.041,-0.3302,0.4192,0.1144,61
8.604,166,9.6253,-3.685,-15.3349,-0.9332,-0.5255,0.8882,90,8.695,167,11.2707,1.4682,-8.2266,0.1219,0.9176,-0.0324,61
8.656,167,7.7799,-1.0682,-11.7301,-0.856,-1.0569,1.0841,90,8.746,168,9.8792,1.0324,-7.9867,0.4701,1.3546,0.014,61
8.708,168,6.0418,-4.5547,-16.566,-0.9285,-1.1159,0.5521,90,8.798,169,7.3502,2.1614,-9.6556,-0.334,1.6736,0.5813,61
8.76,169,9.6753,-3.4043,-11.1081,-0.1155,-0.4677,0.0318,90,8.85,170,7.0169,-1.7285,-15.0283,-0.9208,1.9065,0.8944,61
8.811,170,12.3272,-0.8795,-13.1785,-0.7595,0.0578,0.0827,90,8.902,171,10.2385,3.89,-9.237,-0.8212,1.3015,0.1015,61
8.863,171,10.3496,-2.0625,-13.3973,-1.0865,0.5623,0.1013,90,8.954,172,3.3269,2.8397,-13.3565,-0.8644,1.1445,0.0582,61
8.915,172,9.4154,-3.5431,-9.9292,-0.7201,1.034,0.0842,90,9.006,173,7.5454,2.4836,-14.4863,-0.4618,1.5203,0.2339,61
8.967,173,8.1501,-2.0028,-8.3082,0.151,1.1931,-0.4737,90,9.058,174,10.6243,0.6692,-12.0392,-0.1873,1.7945,-0.0487,61
9.018,174,7.4298,-2.229,-8.4953,0.4067,1.5492,-0.7295,90,9.109,175,2.6985,5.7119,-11.3067,0.538,0.7949,0.3193,61
9.07,175,6.1706,-2.8262,-11.2564,0.9306,1.809,-0.648,90,9.161,176,2.9543,4.83,-11.6693,0.0049,-0.0867,0.3626,61
9.122,176,4.2564,-7.2997,-16.2203,1.1498,1.5123,-0.043,90,9.213,177,2.6486,2.8581,-10.7869,0.2057,-0.73,0.1785,61
9.174,177,5.7264,-4.0831,-11.8026,0.9871,0.84,0.21,90,9.264,178,2.8842,2.1415,-8.8215,0.8248,-0.9863,-0.0516,61
9.226,178,4.8279,-5.0375,-12.832,0.4815,0.7265,0.1313,90,9.316,179,5.2145,4.4108,-5.1655,0.7745,-0.9568,-0.302,61
9.277,179,8.6407,-3.3635,-13.8876,0.081,1.2086,-0.244,90,9.368,180,8.9231,4.4236,-7.202,0.0334,-1.1156,-0.2302,61
9.329,180,10.9378,-6.2251,-16.4576,-0.0461,1.5562,-0.8379,90,9.42,181,11.6297,3.8686,-11.4822,-0.0087,-0.6082,-0.0453,61
9.381,181,8.405,-4.2327,-16.6958,-0.4459,0.5739,-0.0354,90,9.472,182,12.2738,3.2082,-10.2522,0.3704,0.2411,-0.0707,61
9.433,182,7.8055,-3.0134,-14.7702,-0.2264,-0.2545,0.5389,90,9.523,183,11.1406,4.5917,-11.9899,-0.1809,0.5954,0.0534,61
9.485,183,5.7522,-2.0964,-12.6156,-0.19,-0.8471,0.8588,90,9.575,184,9.2793,4.2951,-9.8667,-0.1192,0.8184,0.1103,61
9.536,184,5.1948,-1.8469,-10.3285,-0.4793,-0.9129,0.9514,90,9.627,185,7.4117,3.3451,-9.2005,0.0615,1.2428,0.087,61
9.588,185,4.9057,-1.0557,-8.2629,-1.025,-0.8492,1.1006,90,9.679,186,5.59,3.6838,-9.9869,-0.1338,1.592,-0.0974,61
9.64,186,8.8461,2.8782,-4.612,-0.7862,-0.8714,0.9242,90,9.73,187,4.1822,2.9507,-12.9668,0.0976,1.5514,-0.298,61
9.692,187,11.7221,2.9656,-8.9793,-0.5804,-0.9396,0.5979,90,9.782,188,3.6616,0.2793,-17.4449,-0.6059,0.4682,0.0657,61
9.744,188,12.4278,2.371,-9.9093,-0.9562,-0.5215,0.3885,90,9.834,189,7.7897,0.1504,-15.9301,-0.4934,-0.299,-0.1109,61
9.795,189,9.4372,1.1507,-9.3834,-0.025,-0.0961,-0.1426,90,9.886,190,8.0158,-1.7273,-16.9828,-0.4051,-0.1074,0.1334,61
9.847,190,8.6252,1.8987,-7.6475,-0.0499,0.1748,-0.5243,90,9.938,191,9.8996,-0.5425,-16.4617,-0.3381,0.6066,0.2083,61
9.899,191,8.0499,0.6176,-7.4043,0.3822,0.5166,-0.8321,90,9.989,192,11.2259,0.9452,-14.557,-0.1768,1.1277,0.2293,61
9.951,192,7.3691,-0.4861,-7.8073,0.9555,0.9105,-1.0997,90,10.041,193,4.5983,3.5074,-18.396,0.5456,0.354,0.1278,61
10.003,193,5.4556,-2.0459,-8.9697,1.3739,1.2461,-1.4171,90,10.093,194,4.2439,2.6781,-16.8665,1.0523,-0.4084,-0.0754,61
10.055,194,5.7635,-6.7302,-3.9624,0.679,0.9386,-0.75,90,10.145,195,4.1576,2.999,-14.576,1.3836,-0.9649,-0.1211,61
10.106,195,9.4722,0.4399,-9.0021,0.2899,0.0117,-0.4037,90,10.196,196,3.3196,2.3972,-10.0667,1.277,-1.3653,-0.1397,61
10.158,196,10.3877,1.6995,-12.4959,0.2716,0.1679,-0.2287,90,10.248,197,3.624,1.9747,-15.3283,1.2265,-1.0689,-0.1201,61
10.21,197,10.9274,-0.2133,-12.4774,-0.477,0.8009,-0.5182,90,10.3,198,7.7622,4.7651,-15.9502,0.5111,-1.0678,0.1467,61
10.262,198,11.9155,-1.7597,-12.8222,-0.9811,1.2629,-1.0131,90,10.352,199,10.7825,2.4775,-16.247,0.4731,-0.6596,0.0447,61
10.314,199,7.5076,-4.7269,-14.3216,-1.3912,0.6406,-0.3157,90,10.404,200,10.9961,4.2172,-16.6808,0.6513,0.087,0.3082,61
10.365,200,6.7222,-2.8029,-13.9867,-1.1631,-0.2058,0.2839,90,10.456,201,7.0108,3.7539,-13.3122,-0.2018,0.6221,0.4485,61
10.417,201,6.9292,-1.9171,-12.0332,-1.0056,-0.8236,0.7241,90,10.507,202,6.6328,3.2685,-12.4934,0.5241,1.139,0.2816,61
10.469,202,5.5793,0.5125,-9.4087,-0.8567,-1.2745,0.8082,90,10.559,203,6.2008,2.8298,-11.8518,0.7914,1.5163,0.1085,61
10.521,203,7.6926,-3.8203,-9.6776,-0.6008,-1.2859,0.8352,90,10.611,204,4.6978,3.1044,-11.6846,-0.0761,1.7916,0.2649,61
10.573,204,10.8801,-5.1573,-6.6212,0.2369,-1.0538,0.6412,90,10.663,205,4.0141,3.1334,-13.2616,-0.7326,1.9918,0.3768,61
10.624,205,13.2065,-2.78,-11.8688,0.2309,-0.9347,0.3901,90,10.715,206,4.0882,7.579,-7.0712,-1.1261,0.8515,0.95,61
10.676,206,13.1271,-3.591,-11.7275,-0.4969,-0.1707,0.0542,90,10.766,207,8.1011,0.7536,-11.3424,-0.4579,0.0574,0.675,61
10.728,207,9.7488,-1.3995,-9.5164,0.0953,0.4622,-0.4269,90,10.818,208,11.0298,-0.9915,-14.2344,-0.4222,0.6362,0.4011,61
10.78,208,8.0001,-1.8844,-8.8753,-0.3709,0.8067,-0.5399,90,10.87,209,13.1673,2.5058,-11.2908,0.0774,1.1493,0.2056,61
10.832,209,7.1738,-2.2132,-9.5327,-0.5168,1.1861,-0.4511,90,10.922,210,6.239,1.6978,-16.2217,0.7312,1.5166,-0.0594,61
10.883,210,5.3462,-2.3693,-10.9657,-0.236,1.5327,-0.3449,90,10.973,211,5.996,1.3592,-15.3519,-0.1042,0.4401,0.1792,61
10.935,211,2.6756,-6.9662,-16.0081,0.5043,1.2735,-0.2317,90,11.025,212,5.8975,-0.1476,-13.9647,-0.545,-0.3456,0.0893,61
10.987,212,7.2185,-10.3213,-17.2762,0.7413,0.3731,0.4327,90,11.077,213,5.5835,-0.4088,-12.6453,0.2551,-0.919,-0.1935,61
11.039,213,6.0374,-10.6319,-16.2235,0.4559,0.3185,0.4481,90,11.129,214,6.7813,-1.4772,-11.2233,0.8609,-1.2653,-0.318,61
11.09,214,8.2296,-8.7173,-15.677,-0.2362,0.9108,-0.183,90,11.181,215,10.0666,0.7292,-10.5622,0.13,-0.7236,-0.3192,61
11.142,215,11.2721,-5.9793,-12.1262,-0.3475,1.3431,-0.8024,90,11.232,216,12.4643,0.3012,-13.0263,0.2955,-0.8003,-0.2791,61
11.194,216,4.0236,-9.601,-11.8752,-0.9289,0.8719,-0.2074,90,11.284,217,12.4146,0.1112,-13.3841,0.693,-0.2828,-0.1065,61
11.246,217,4.4857,-7.1418,-12.9612,-0.0014,-0.0371,0.2076,90,11.336,218,10.1619,1.6223,-12.6113,-0.1487,0.1859,0.2724,61
11.298,218,4.2165,-4.6197,-12.0868,0.3033,-0.7005,0.6466,90,11.388,219,8.4263,0.4597,-9.9608,-0.7785,0.7925,0.5366,61
11.349,219,2.9304,-2.7286,-10.4238,0.0513,-1.1846,0.8054,90,11.44,220,7.7522,1.451,-9.6332,-0.2613,1.2633,0.631,61
11.401,220,7.4045,-0.103,-5.0237,-0.145,-1.2238,1.1418,90,11.491,221,6.7173,2.1311,-10.2719,-0.4461,1.607,0.4175,61
11.453,221,10.6699,-1.6852,-8.6878,0.3263,-1.2067,1.1892,90,11.543,222,5.5579,2.0744,-11.8412,-1.0026,1.8578,0.3248,61
11.505,222,13.0531,-3.5868,-12.7019,0.1525,-1.1741,0.708,90,11.595,223,6.6463,-3.7591,-16.6234,-1.2878,1.7877,0.7617,61
11.557,223,14.7925,0.0711,-12.9183,-0.5601,-0.1786,0.2185,90,11.647,224,9.968,-4.9786,-17.4171,-1.4645,1.2967,0.0152,61
11.608,224,12.3983,-3.5694,-11.9621,0.0298,0.3235,-0.2895,90,11.699,225,6.1241,-4.4537,-20.174,-1.4531,0.7336,-0.1215,61
11.66,225,11.8941,-0.2909,-8.5434,-0.2198,0.7836,-0.4386,90,11.75,226,7.9301,1.6131,-14.8705,-0.3859,1.2204,-0.1083,61
11.712,226,10.5662,-0.8694,-8.1555,-0.7328,1.1989,-0.3635,90,11.802,227,5.2319,1.1748,-18.8343,0.393,1.5757,-0.7454,61
11.764,227,9.109,-2.1051,-8.7646,-0.0781,1.5533,-0.2546,90,11.854,228,5.2443,2.0461,-18.9067,0.5349,0.4832,-0.5609,61
11.816,228,7.3525,-1.1748,-11.7943,0.6195,1.7766,-0.4075,90,11.906,229,5.1402,1.6801,-17.2247,0.8044,-0.3141,-0.5843,61
11.867,229,4.1808,-6.0945,-16.6129,0.8137,0.7851,-0.4751,90,11.957,230,5.0242,2.1971,-14.1548,1.1021,-0.8961,-0.5556,61
11.919,230,8.3171,-3.3495,-20.1297,1.0699,-0.0805,-0.1486,90,12.009,231,4.0476,1.4734,-9.8629,0.8755,-1.3208,-0.6136,61
11.971,231,9.7368,0.234,-21.2395,0.9195,0.0367,-0.0643,90,12.061,232,8.0714,3.9594,-5.7117,0.4636,-1.3535,-0.3365,61
12.023,232,12.0818,-0.1752,-18.3107,0.0887,0.7052,-0.4515,90,12.113,233,11.0081,2.3382,-10.1553,0.6966,-1.4461,-0.2069,61
12.075,233,11.8907,-5.3649,-21.3688,0.2183,0.7062,-0.6549,90,12.165,234,13.0453,1.6654,-12.2589,0.3423,-0.6892,-0.2372,61
12.126,234,7.8484,-6.0196,-18.694,-0.5159,-0.1185,-0.0256,90,12.216,235,11.1345,3.4436,-16.4439,0.5293,0.1039,0.076,61
12.178,235,6.0538,-5.7799,-17.2632,-0.8904,-0.7599,0.5549,90,12.268,236,9.8039,0.6836,-12.7916,0.06,0.6348,-0.1362,61
12.23,236,5.4845,-3.8473,-15.21,-0.3634,-1.228,0.9135,90,12.32,237,8.7048,0.949,-11.9146,0.7185,1.1482,-0.273,61
12.282,237,4.3652,-0.5601,-13.1424,-0.0176,-1.5696,0.9913,90,12.372,238,7.075,1.2105,-11.5081,0.17,1.5229,-0.2573,61
12.334,238,8.4517,-3.8122,-7.0079,-0.1342,-1.5517,1.193,90,12.424,239,6.0991,1.4618,-11.7577,-0.553,1.6042,0.2758,61
12.385,239,11.4341,-3.2184,-7.1461,-0.1316,-1.2356,0.7045,90,12.475,240,3.9478,1.3858,-14.2796,-1.0807,1.4691,0.7138,61
12.437,240,13.6109,-2.4299,-12.9565,-0.269,-1.0224,0.6463,90,12.527,241,4.0408,6.3036,-17.3557,-1.4658,0.4054,0.4339,61
12.489,241,12.7876,-3.5291,-11.8501,-0.8278,-0.0696,0.151,90,12.579,242,6.558,7.965,-18.8562,-0.594,-0.2497,0.4591,61
12.541,242,9.3574,-3.1665,-8.5061,-0.1668,0.5355,-0.33,90,12.631,243,9.9036,5.7994,-19.2469,-0.6528,0.3192,0.3244,61
12.592,243,8.3357,-3.3627,-7.5861,-0.3036,0.9322,-0.441,90,12.683,244,12.3454,8.4278,-14.4646,-0.0016,0.9179,0.1957,61
12.644,244,7.2797,-2.3773,-7.55,0.0924,1.3515,-0.4245,90,12.734,245,4.899,8.3452,-18.5381,0.6735,1.2068,0.3161,61
12.696,245,4.9726,-2.0582,-9.6101,-0.0836,1.6648,-0.4394,90,12.786,246,6.9524,5.7731,-18.2486,-0.1855,0.214,0.5795,61
12.748,246,2.2662,-5.0074,-15.0188,0.6155,1.5659,-0.5987,90,12.838,247,5.4508,3.6555,-14.248,0.1664,-0.5106,0.305,61
12.799,247,6.0268,1.6973,-8.3773,0.8635,0.8476,-0.2836,90,12.89,248,5.5636,3.0297,-11.1461,0.7919,-0.5351,-0.0398,61
12.852,248,9.6644,5.7464,-12.3442,1.081,0.0578,0.0512,90,12.942,249,5.503,2.7603,-12.278,1.2527,-0.5318,-0.4044,61
12.903,249,11.8601,3.6399,-12.4397,0.6719,0.2327,0.0646,90,12.993,250,9.0641,3.2563,-11.7856,1.5889,-0.9907,-0.4196,61
12.955,250,9.7995,1.146,-12.0043,0.2492,0.5531,-0.056,90,13.045,251,9.352,6.5036,-14.5644,0.4826,-0.8435,-0.088,61
13.007,251,9.7809,0.4911,-11.1694,0.0766,0.6839,-0.2049,90,13.097,252,11.2835,2.9929,-14.7,0.6392,-0.2353,-0.1434,61
13.059,252,9.4209,0.0261,-10.4992,0.0595,0.5679,-0.2266,90,13.149,253,10.4879,2.8099,-14.9371,0.2938,-0.078,-0.0957,61
13.111,253,9.5549,-0.0887,-10.1221,0.0495,0.34,-0.1625,90,13.201,254,8.6904,2.6976,-15.1441,0.4044,0.1255,-0.1083,61
