right_hand_timestamp,right_hand_index,right_hand_accel_x,right_hand_accel_y,right_hand_accel_z,right_hand_gyro_x,right_hand_gyro_y,right_hand_gyro_z,right_hand_battery_percentage,left_hand_timestamp,left_hand_index,left_hand_accel_x,left_hand_accel_y,left_hand_accel_z,left_hand_gyro_x,left_hand_gyro_y,left_hand_gyro_z,left_hand_battery_percentage,right_leg_timestamp,right_leg_index,right_leg_accel_x,right_leg_accel_y,right_leg_accel_z,right_leg_gyro_x,right_leg_gyro_y,right_leg_gyro_z,right_leg_battery_percentage,left_leg_timestamp,left_leg_index,left_leg_accel_x,left_leg_accel_y,left_leg_accel_z,left_leg_gyro_x,left_leg_gyro_y,left_leg_gyro_z,left_leg_battery_percentage,ball_timestamp,ball_index,ball_accel_x,ball_accel_y,ball_accel_z,ball_gyro_x,ball_gyro_y,ball_gyro_z,ball_battery_percentage
0.13,2,-3.4371,-1.1743,-17.5588,2.134,-1.6727,0.7301,75,0.435,8,-0.4463,6.5762,-15.9551,0.7747,-0.0178,-1.0646,84,0.591,11,9.4902,-0.7995,-10.4172,0.1018,-0.2173,0.0312,72,0.068,1,9.0504,-0.5368,-11.0357,-0.1975,0.0205,-0.0006,40,82808.012,1601310,-4.9304,-10.0331,-8.4607,0.4886,0.7075,-0.3816,47
0.182,3,-3.6348,1.9612,-17.4607,2.2318,-1.8901,-0.1222,75,0.486,9,-0.1974,6.3287,-16.0477,0.3214,0.5368,-1.4634,84,0.643,12,9.386,-1.1187,-10.4283,0.1807,-0.2477,0.0826,72,0.12,2,8.9881,-0.4102,-10.9681,-0.1054,0.0175,0.0662,40,82808.064,1601311,-5.7122,-10.0036,-8.0694,0.9384,0.4701,0.0256,47
0.234,4,0.7483,-1.2367,-13.2302,2.1962,-2.0488,-0.7643,75,0.538,10,-0.171,5.8668,-17.2722,-0.2499,1.045,-1.7362,84,0.695,13,9.4262,-0.5616,-10.106,0.1325,-0.2771,0.1433,72,0.172,3,8.9187,-0.394,-10.8647,0.0797,-0.0615,0.1716,40,82808.115,1601312,-6.9596,-8.6097,-7.3317,1.3588,0.1221,0.1652,47
0.286,5,5.6038,-0.2103,-11.0541,2.2773,-2.1647,-1.2329,75,0.59,11,-0.7854,5.191,-18.394,-0.1606,1.4417,-1.7288,84,0.746,14,9.3278,-0.7412,-10.6919,0.0375,-0.4276,0.199,72,0.224,4,8.7118,0.013,-10.1296,0.2123,-0.3612,0.3217,40,82808.167,1601313,-7.1632,-6.7756,-7.1383,1.6656,-0.1184,0.1957,47
0.337,6,9.0211,-2.6496,-9.2006,0.9847,-1.1847,-0.2232,75,0.642,12,-1.6794,4.9978,-19.0115,-0.4931,1.6578,-1.649,84,0.798,15,9.3766,-0.9372,-11.0476,0.0033,-0.5273,0.2282,72,0.275,5,10.1251,0.4955,-9.9385,0.1115,-0.9304,0.4917,40,82808.219,1601314,-6.1157,-5.2002,-7.1117,1.8895,-0.4817,0.1488,47
0.389,7,9.1551,-5.4015,-6.9918,0.5006,-0.2763,0.5137,75,0.694,13,-2.3153,4.1445,-19.422,-0.6657,1.6073,-1.4133,84,0.85,16,9.4121,-1.5885,-11.4474,-0.0196,-0.5885,0.2087,72,0.327,6,10.7706,2.6104,-8.0905,-0.221,-1.1946,0.1718,40,82808.271,1601315,-5.2674,-4.0385,-6.9811,2.0529,-0.9111,0.2462,47
0.441,8,6.5679,-5.4482,-6.1504,0.2146,0.475,0.9973,75,0.745,14,-2.7593,3.867,-19.1544,-0.5771,1.5525,-1.0886,84,0.902,17,9.3647,-1.7609,-11.5909,-0.0426,-0.7189,0.151,72,0.379,7,10.8979,2.4601,-7.6035,-0.8384,-0.7072,-0.2831,40,82808.322,1601316,-4.6459,-3.5632,-7.1185,2.1722,-1.328,0.3644,47
0.493,9,2.5506,-5.5207,-6.0116,0.124,0.871,1.3511,75,0.797,15,-3.3393,3.896,-19.1353,-0.4045,1.433,-0.7544,84,0.954,18,9.2143,-1.4427,-12.364,0.0298,-0.8129,0.0954,72,0.431,8,10.5215,2.2461,-8.1507,-0.151,0.1688,-0.7419,40,82808.374,1601317,-4.4756,-3.5167,-7.7241,2.2592,-1.6323,0.3772,47
0.545,10,0.7491,-6.338,-4.9525,0.4443,0.7897,1.6103,75,0.849,16,-3.0851,4.3211,-19.3272,-0.1852,1.3176,-0.4678,84,1.006,19,9.7867,-1.2013,-12.2651,-0.0076,-0.8243,0.0728,72,0.483,9,9.8846,0.6066,-10.2246,0.4528,0.8082,-1.2116,40,82808.426,1601318,-5.3502,-3.7002,-9.4382,2.3228,-1.8374,0.3908,47
0.596,11,-2.4465,-6.0974,-4.3362,0.5139,1.1202,1.8519,75,0.901,17,-1.6496,4.6356,-19.2619,-0.2661,1.0926,-0.3475,84,1.057,20,10.4621,-0.9623,-12.1407,-0.1631,-1.2271,0.0629,72,0.534,10,7.2577,-3.004,-14.9679,1.0052,1.186,-1.4582,40,82808.478,1601319,-5.0705,-3.7781,-11.2149,2.3691,-1.3808,0.3871,47
0.648,12,-4.4902,-6.3061,-3.7625,0.8633,1.3369,2.0283,75,0.953,18,-0.7449,4.5401,-18.2542,-0.481,1.062,-0.3633,84,1.109,21,12.8536,-0.8001,-12.2157,-0.3892,-1.569,0.1067,72,0.586,11,10.4143,2.0636,-8.3165,0.0565,1.1231,-0.6773,40,82808.53,1601320,-3.3653,-2.543,-9.7332,2.403,-0.5592,0.0073,47
0.7,13,-4.9318,-6.2246,-4.9164,0.8732,1.3806,2.1092,75,1.005,19,0.0307,5.033,-17.239,-0.6448,1.0388,-0.2105,84,1.161,22,11.1778,-0.8492,-10.6907,0.3694,-1.8185,-0.3096,72,0.638,12,8.088,2.2714,-10.4621,0.7032,0.4999,-0.5356,40,82808.581,1601321,-2.1207,-1.5579,-8.6879,2.4277,0.0457,-0.2706,47
0.752,14,-4.3381,0.6142,-11.5847,0.0286,0.5666,1.1472,75,1.056,20,0.1782,5.2384,-17.4746,-0.9658,1.2118,-0.1515,84,1.213,23,10.1509,-1.3174,-8.3819,0.5961,-0.8714,-0.7417,72,0.69,13,8.1325,2.0298,-11.2924,0.1435,0.2513,-0.2282,40,82808.633,1601322,-1.2079,-0.6714,-7.9681,2.4457,0.4919,-0.4752,47
0.804,15,-6.9057,2.7227,-9.2895,0.6953,1.0791,0.4381,75,1.108,21,-0.3001,5.9992,-18.2651,-0.5634,1.2479,-0.1902,84,1.265,24,12.2735,-2.9563,-6.9765,0.3826,0.0092,-1.0958,72,0.742,14,9.1107,2.0182,-11.3088,0.1005,0.1576,-0.0024,40,82808.685,1601323,-0.7917,-0.0258,-8.8768,1.1071,0.1751,0.3289,47
0.855,16,-1.0008,6.0947,-14.7764,1.1026,0.1183,-0.3553,75,1.16,22,-0.572,7.5257,-18.8533,-0.8209,1.0598,-0.263,84,1.316,25,12.2026,-3.8317,-8.2795,0.9555,0.6851,-1.227,72,0.793,15,9.1059,2.2966,-11.3162,-0.0224,0.0586,0.1025,40,82808.736,1601324,0.098,0.2234,-8.6424,0.1301,-0.0264,0.9157,47
0.907,17,3.5618,-0.7495,-9.1618,0.5718,0.6831,0.388,75,1.212,23,-0.1967,8.1755,-17.8789,-0.4563,0.707,-0.4131,84,1.368,26,13.5647,-3.1824,-10.239,1.3739,1.1784,-1.3941,72,0.845,16,8.9105,1.2004,-11.3438,-0.1508,-0.0549,0.1841,40,82808.788,1601325,0.7939,0.3743,-8.4325,-0.5829,-0.1379,1.344,47
0.959,18,0.594,-3.68,-8.6854,0.326,1.1809,0.9593,75,1.264,24,0.3252,7.6481,-16.6651,-0.4119,0.6172,-0.9656,84,1.42,27,13.0622,-5.6933,-12.7482,1.6418,1.5384,-1.5305,72,0.897,17,8.5831,1.2349,-11.15,0.0931,-0.1782,0.206,40,82808.84,1601326,1.3042,0.4714,-8.282,-1.1033,-0.1896,1.6566,47
1.011,19,-1.3496,-7.034,-8.2033,0.0707,0.7335,1.3568,75,1.315,25,0.5598,7.873,-15.8755,0.0827,0.6714,-1.0642,84,1.472,28,8.0083,-3.1965,-16.8588,1.37,1.7331,-0.9294,72,0.949,18,8.5399,1.1259,-11.4792,0.3755,-0.3863,0.2374,40,82808.892,1601327,1.6683,0.5143,-8.1709,-1.4831,-0.1909,1.8848,47
1.063,20,-2.1663,-6.1679,-7.9614,0.4237,0.3244,1.6202,75,1.367,26,1.3356,8.2717,-15.351,0.2399,0.5042,-0.6068,84,1.523,29,11.1106,0.1027,-14.097,1.0694,0.7558,-0.5376,72,1.001,19,8.3786,2.0985,-11.9393,0.6002,-0.6856,0.3522,40,82808.943,1601328,1.9344,0.5238,-8.0918,-1.7603,-0.1614,2.0513,47
1.114,21,-1.5558,-5.5073,-7.5856,0.3848,0.073,1.6446,75,1.419,27,1.4473,7.8588,-14.9995,-0.3071,0.5696,-0.3644,84,1.575,30,11.2788,-4.4368,-18.2935,0.8637,-0.1218,-0.0156,72,1.052,20,9.891,2.4939,-12.5081,0.6319,-1.0927,0.5674,40,82808.995,1601329,-3.8198,5.7134,-13.4526,-1.868,-0.1437,2.1728,47
1.166,22,-2.0149,-4.9158,-6.6661,0.3184,0.1138,1.5103,75,1.471,28,1.381,7.0094,-14.422,0.099,0.6769,-0.4402,84,1.627,31,12.5945,-2.4245,-16.8799,0.3128,-0.7623,0.0979,72,1.104,21,11.9084,2.9724,-13.0037,1.1317,-1.4643,0.2901,40,82809.047,1601330,-8.0194,9.501,-11.8252,-1.6112,-0.0725,2.2615,47
1.218,23,-3.3371,-4.37,-5.8577,0.5525,0.1166,1.3239,75,1.523,29,1.3226,7.3712,-13.9859,0.2936,0.8253,-0.5322,84,1.679,32,11.4528,-2.0006,-15.7757,0.4938,-0.7429,0.1398,72,1.156,22,12.5081,3.1996,-13.2362,1.5007,-1.7355,-0.0743,40,82809.099,1601331,-6.4978,6.5408,-10.417,-0.5021,0.6358,2.3262,47
1.27,24,-4.3157,-3.6042,-5.1532,0.854,0.3376,1.1382,75,1.574,30,1.3563,6.803,-13.8094,0.0184,0.978,-0.4662,84,1.731,33,10.7819,-1.455,-14.4224,-0.0473,-0.5544,0.1783,72,1.208,23,10.9305,2.2808,-12.3166,0.76,-1.797,-0.4972,40,82809.15,1601332,-5.4182,4.3391,-9.3262,0.3074,1.1527,2.3735,47
1.322,25,-4.7622,-2.9405,-4.9236,0.98,0.3015,0.9478,75,1.626,31,1.6838,7.2074,-13.7052,0.0977,1.2735,-0.2994,84,1.783,34,10.0546,-1.7642,-13.3984,0.0753,-0.4779,0.173,72,1.26,24,10.3231,0.4619,-11.3747,0.192,-1.4455,-0.8777,40,82809.202,1601333,-4.6942,2.7263,-8.5161,0.8983,1.5299,2.408,47
1.373,26,-3.9212,-0.8893,-5.3121,1.1408,0.1766,0.4109,75,1.678,32,1.8162,7.338,-14.3087,-0.5104,1.6085,-0.0387,84,1.834,35,9.5849,-1.8456,-12.3824,0.3327,-0.5695,0.2067,72,1.311,25,10.1453,-0.4379,-10.1613,-0.1018,-0.7366,-1.0441,40,82809.254,1601334,-8.6576,-3.2681,-3.652,0.3035,1.8053,1.8055,47
1.425,27,-2.3143,4.6208,-8.9573,0.2171,-0.54,-0.3752,75,1.73,33,1.7704,7.0684,-14.7542,-0.0241,1.8478,0.0998,84,1.886,36,9.5888,-1.1102,-11.7091,0.2062,-0.6838,0.1763,72,1.363,26,10.6049,-0.9759,-9.0329,-0.1127,0.1474,-1.0526,40,82809.306,1601335,-7.4464,-1.0168,-2.3156,-0.4564,2.0062,0.6417,47
1.477,28,0.3618,3.1953,-4.5449,0.0992,-0.0512,-0.2496,75,1.782,34,0.4692,6.8905,-15.6863,-0.5857,2.0277,0.0917,84,1.938,37,9.2732,-1.1864,-11.9319,-0.0651,-0.8103,0.1343,72,1.415,27,11.6211,-1.0488,-9.267,-0.2431,0.7925,-0.9565,40,82809.357,1601336,-6.6039,0.5375,-1.5192,-1.011,2.1529,-0.2077,47
1.529,29,5.3217,7.6969,-3.8026,-0.5947,-0.7067,-0.8573,75,1.833,35,-1.151,8.0364,-15.2068,0.091,1.6356,0.2822,84,1.99,38,9.0849,-1.025,-12.4323,-0.3118,-0.9359,0.0399,72,1.467,28,12.6976,-0.6425,-9.7728,-0.4439,1.2634,-0.7845,40,82809.409,1601337,-6.0155,1.6354,-0.9466,-1.4157,2.2599,-0.8277,47
1.58,30,2.1652,0.4199,-2.6355,-0.8586,0.1666,-0.1182,75,1.885,36,-1.7932,8.1615,-16.2613,-0.2705,1.4059,0.3415,84,2.041,39,9.1486,-0.7371,-12.5464,-0.2931,-1.1269,-0.0659,72,1.518,29,12.7812,0.7715,-10.9116,-0.5373,1.607,-0.4945,40,82809.461,1601338,-5.6088,2.3996,-0.5201,-1.7111,2.3381,-1.2801,47
1.632,31,3.741,-1.9127,-1.9871,-0.9365,0.7611,0.5763,75,1.937,37,1.1146,9.6808,-17.7256,0.0984,0.3534,0.8526,84,2.093,40,9.5633,-1.0549,-12.9473,-0.3854,-1.4958,-0.1968,72,1.57,30,11.4035,0.1289,-13.0795,-1.0373,1.8578,-0.3584,40,82809.513,1601339,-5.3355,2.9323,-0.191,-1.9267,2.3951,-1.6104,47
1.684,32,4.1188,-3.4555,-1.8455,-0.5674,1.2076,1.0518,75,1.989,38,4.3193,10.1633,-17.2416,-0.1365,-0.3958,0.9609,84,2.145,41,11.6501,-0.305,-14.2526,-0.7823,-1.7651,-0.3194,72,1.622,31,6.7263,0.8628,-17.5272,-1.4298,1.5813,-0.0856,40,82809.565,1601340,-5.1827,3.281,0.0726,-2.0841,2.4367,-1.8514,47
1.736,33,1.6947,-3.6641,-2.9516,-0.3856,1.5638,1.3968,75,2.041,39,5.1184,8.1866,-16.4156,-0.7771,-0.9616,0.6658,84,2.197,42,13.7685,1.186,-13.2451,-1.1563,-1.9617,-0.2869,72,1.674,32,8.1691,-2.5628,-20.7733,-0.3689,0.5042,-0.2222,40,82809.616,1601341,-5.1096,3.5006,0.2777,-2.1989,2.4671,-2.0273,47
1.788,34,1.3027,-3.6984,-4.28,-0.3011,1.7322,1.2179,75,2.093,40,5.5006,8.1727,-15.2893,-0.6243,-1.1971,0.4523,84,2.249,43,14.928,-0.882,-13.3067,-0.6682,-2.1051,-0.405,72,1.726,33,10.8159,-0.9538,-18.435,-0.8427,-0.2988,-0.5759,40,82809.668,1601342,-5.0749,3.5877,0.4496,-2.2827,2.4893,-2.1556,47
1.839,35,-0.1169,-4.9444,-5.4911,-0.0603,1.6958,1.1304,75,2.144,41,4.3606,7.4638,-14.9167,-0.9887,-1.2442,0.3277,84,2.301,44,14.3478,-3.8941,-11.3034,0.1888,-2.1732,-0.702,72,1.777,34,10.8442,1.4314,-16.9027,0.0596,-0.6633,-0.7818,40,82809.72,1601343,1.2338,0.3439,-6.7756,-2.3439,1.359,-2.2258,47
1.891,36,-1.491,-6.4886,-7.7986,0.4575,1.5161,1.1916,75,2.196,42,3.1336,7.7312,-15.051,-1.1769,-1.3394,0.2068,84,2.352,45,12.1354,-3.3045,-10.2794,0.8144,-1.1559,-0.8187,72,1.829,35,10.2216,0.7673,-15.4377,0.324,-0.8834,-0.5668,40,82809.771,1601344,0.8685,0.2304,-7.6345,-2.2637,0.4051,-1.291,47
1.943,37,-3.0578,0.5394,-10.0407,1.0083,1.1288,1.2265,75,2.248,43,2.1507,7.1991,-15.1359,-1.1444,-1.3185,-0.0346,84,2.404,46,11.9429,-2.0871,-10.3022,0.0537,-0.1653,-0.6761,72,1.881,36,9.5383,2.4034,-13.7501,0.4918,-1.0126,-0.3816,40,82809.824,1601345,0.6698,0.2188,-7.848,-2.2038,-0.2838,-0.6077,47
1.995,38,-1.0177,-4.0018,-15.3247,0.0585,0.1583,0.7695,75,2.3,44,1.3564,7.4048,-15.1053,-1.09,-1.3748,-0.245,84,2.456,47,11.9898,-3.1354,-11.6732,-0.4358,0.5577,0.06,72,1.933,37,8.7541,2.9613,-13.0421,0.2363,-1.1972,-0.1557,40,82809.875,1601346,0.4081,0.1958,-7.4168,-1.6009,-0.1856,-0.3971,47
2.047,39,-1.1973,-1.6752,-12.2885,-0.3056,-0.5538,-0.1135,75,2.352,45,1.7015,7.0412,-14.8726,-1.3349,-1.4556,-0.4995,84,2.508,48,13.2993,-1.4355,-13.2356,0.1825,1.0854,0.6351,72,1.984,38,8.8388,2.1507,-13.3186,-0.0839,-1.5182,0.0908,40,82809.927,1601347,0.3084,0.5941,-4.1279,-1.2425,0.1005,-0.2797,47
2.098,40,4.1838,-5.4709,-12.2874,-0.9004,-1.0735,-0.7579,75,2.404,46,3.034,7.0702,-14.274,-1.356,-1.4738,-0.5756,84,2.559,49,13.1672,1.3162,-16.9128,-0.5366,1.4705,0.8981,72,2.036,39,9.273,1.2971,-14.0445,0.0138,-1.7191,0.1666,40,82809.979,1601348,0.2903,0.7661,-2.979,-1.5762,0.762,-0.253,47
2.15,41,4.8847,-8.5232,-7.4762,-1.0555,-0.2703,-0.2655,75,2.455,47,4.1653,6.9134,-13.6031,-0.7332,-1.2489,-0.4185,84,2.611,50,11.0981,1.8732,-20.3486,0.2849,1.7245,0.1354,72,2.088,40,9.6711,1.2296,-14.2253,0.1679,-1.8364,0.1787,40,82810.03,1601349,0.2947,0.8908,-2.1033,-1.8283,1.2448,-0.2775,47
2.202,42,2.8405,-9.4449,-4.9362,-1.3379,0.4851,-0.0232,75,2.507,48,4.8352,7.8508,-14.0223,0.0497,-0.8253,0.1263,84,2.663,51,10.5202,-2.2117,-20.2396,0.8845,0.5852,0.0042,72,2.14,41,10.2839,0.4643,-14.4574,0.7973,-1.9563,0.1185,40,82810.082,1601350,0.2996,0.9759,-1.4616,-2.0122,1.5972,-0.4678,47
2.254,43,2.0092,-9.6575,-4.9014,-0.664,1.0365,0.2455,75,2.559,49,3.7772,8.9871,-13.5692,-0.1429,-0.5596,0.5572,84,2.715,52,6.2531,-2.6132,-22.7766,1.3142,-0.0703,0.0323,72,2.192,42,11.9582,0.3732,-12.4903,1.2566,-2.0931,0.2985,40,82810.134,1601351,0.3117,1.0451,-1.008,-2.1465,1.8544,-0.6051,47
2.306,44,1.5162,-8.871,-5.5623,-0.0849,1.4389,0.5747,75,2.611,50,2.4053,7.6729,-13.3743,-0.0992,-0.3679,0.6681,84,2.767,53,3.7154,-0.8499,-22.0196,0.5717,-0.3868,0.2684,72,2.243,43,13.8449,2.0191,-11.6472,0.881,-2.1944,0.69,40,82810.186,1601352,0.3308,1.0903,-0.6816,-2.2445,2.0421,-0.6981,47
2.358,45,0.7815,-7.6699,-6.4172,0.202,1.7326,0.7355,75,2.663,51,1.1839,8.4103,-13.5768,-0.0163,-0.3614,0.7367,84,2.818,54,5.6446,-0.2131,-20.0543,0.2991,-0.7722,0.5911,72,2.295,44,12.5017,2.6729,-15.2244,0.2199,-2.1051,0.847,40,82810.238,1601353,-4.9901,-3.69,0.2933,-2.0202,2.1443,-0.4238,47
2.409,46,-0.3675,-6.1942,-6.3558,0.4767,1.8574,0.9558,75,2.714,52,0.288,8.9168,-14.307,-0.5275,-0.5049,0.6735,84,2.87,55,6.4002,-0.6492,-18.0415,0.0697,-0.9179,0.7363,72,2.347,45,10.7972,3.0573,-14.336,0.3247,-1.1276,0.6385,40,82810.289,1601354,-0.2614,-3.3876,2.1682,-2.1399,1.8071,-0.4302,47
2.461,47,-1.4142,-3.7151,-6.8374,1.0223,1.9202,0.9307,75,2.766,53,-0.115,8.7138,-15.0899,-0.4335,-0.8923,0.3823,84,2.922,56,6.5571,-1.0346,-16.9321,-0.1838,-0.9858,0.7419,72,2.399,46,10.0114,2.348,-13.2003,-0.3056,-0.138,0.6533,40,82810.341,1601355,-0.1597,-2.5276,-0.7718,-1.9957,0.6558,-0.714,47
2.513,48,-3.1462,0.8979,-7.7256,1.4205,1.6271,0.0133,75,2.818,54,-0.1414,9.0924,-15.2156,-0.7774,-1.3193,0.1268,84,2.974,57,6.8592,-1.5016,-16.3861,-0.2877,-1.0944,0.6889,72,2.451,47,9.7644,2.6805,-13.1648,-0.4265,0.5843,0.9438,40,82810.393,1601356,-0.0853,-1.878,-3.0096,-1.885,-0.1845,-0.922,47
2.565,49,-4.7769,6.0453,-9.608,0.5898,0.5888,-0.6654,75,2.87,55,0.1365,8.2861,-16.174,-1.0188,-1.6281,-0.0481,84,3.026,58,7.7689,-1.8168,-15.7952,-0.3935,-1.3236,0.702,72,2.502,48,10.7313,4.8607,-14.9846,-0.9883,1.1114,1.3649,40,82810.445,1601357,-0.0139,-1.3149,-4.7429,-1.7972,-0.7977,-1.0755,47
2.616,50,-6.241,5.2455,-8.3764,0.4045,0.8733,-1.1607,75,2.922,56,1.122,8.836,-17.1862,-1.3975,-1.6336,0.0381,84,3.077,59,10.9358,-2.7922,-15.3236,-0.787,-1.6394,0.9717,72,2.554,49,12.9256,6.8947,-18.9176,-1.1871,1.4961,1.6765,40,82810.496,1601358,1.1134,-0.2068,-6.0157,-1.9895,0.1047,-0.1418,47
2.668,51,0.5027,-0.4133,-7.3614,-0.3821,0.924,-0.3697,75,2.974,57,1.2788,8.423,-17.7171,-0.636,-1.8531,0.2636,84,3.129,60,13.2472,-2.7143,-15.1483,-1.2496,-1.7223,1.3869,72,2.606,50,10.2521,6.6538,-21.7881,-0.2469,1.3036,0.6041,40,82810.548,1601359,1.3767,-0.2174,-5.9079,-2.1299,0.7651,0.5722,47
2.72,52,0.5053,-1.6889,-4.6927,0.3901,1.3568,0.336,75,3.025,58,1.2724,9.1344,-16.5209,-0.633,-2.023,0.5387,84,3.181,61,13.8374,-3.1694,-9.1653,-1.5872,-1.3872,1.69,72,2.658,51,12.1495,10.0427,-23.8831,-0.8572,0.349,0.1011,40,82810.6,1601360,1.5798,-0.2535,-5.8517,-2.2324,1.2471,1.0933,47
2.772,53,-1.0422,-4.5229,-3.8769,-0.0707,1.6727,0.9219,75,3.077,59,0.8161,8.1169,-15.0275,-0.6133,-2.0185,0.5484,84,3.233,62,13.276,-1.8267,-9.0407,-0.4851,-0.3341,1.9111,72,2.71,52,8.6804,7.3075,-22.7365,0.049,-0.0562,-0.5345,40,82810.652,1601361,1.7089,-0.2849,-5.8037,-2.3072,1.5988,1.4736,47
2.824,54,-2.3253,-4.9781,-4.1433,0.3276,1.9032,1.341,75,3.129,60,0.0885,8.4439,-14.2631,-0.5303,-1.9161,0.5545,84,3.285,63,13.4557,4.0187,-10.5376,-1.0293,0.4345,2.0726,72,2.761,53,8.5862,3.2325,-20.5501,-0.6413,-0.5068,-0.6214,40,82810.703,1601362,1.8045,-0.3179,-5.7587,-2.3617,1.8556,1.7512,47
2.875,55,-2.2801,-4.8762,-5.6389,0.5654,2.0707,1.5451,75,3.181,61,0.1726,8.8088,-14.4866,-0.6482,-1.826,0.5895,84,3.336,64,14.4977,3.6293,-12.2583,-1.0151,0.9955,2.1904,72,2.813,54,8.7147,3.0699,-18.4033,0.2066,-0.5881,-0.7111,40,82810.755,1601363,1.867,-0.3556,-5.7165,-2.4016,2.0429,1.9538,47
2.927,56,-3.9796,-4.2078,-6.9519,0.3922,2.1937,1.7507,75,3.232,62,0.6275,8.5981,-14.4464,-0.5521,-1.5576,0.4127,84,3.388,65,14.1879,4.6462,-13.1237,-0.9776,1.4049,1.6971,72,2.865,55,8.4641,1.6498,-16.9515,-0.1176,-0.7263,-0.5345,40,82810.807,1601364,1.918,-0.4133,-5.7312,-2.4306,2.1797,2.1017,47
2.979,57,-6.343,-3.7716,-7.3691,0.9011,2.0135,1.5946,75,3.284,63,1.3248,9.2127,-13.5962,-0.4648,-1.1405,0.3945,84,3.44,66,12.9288,0.7704,-14.7204,-0.1116,1.7037,0.7339,72,2.917,56,8.4086,1.9559,-15.8129,-0.1875,-0.9697,-0.355,40,82810.859,1601365,1.4469,-0.2031,-8.8011,-2.4134,1.3288,1.8281,47
3.031,58,-8.7723,-2.0344,-8.7306,0.4551,1.3951,1.5066,75,3.336,64,1.6244,8.5409,-13.2273,-0.2939,-0.727,0.4335,84,3.492,67,10.6714,2.1086,-15.5318,0.0912,1.3127,0.2134,72,2.968,57,8.3603,1.4861,-15.6038,0.0853,-1.236,-0.1795,40,82810.91,1601366,1.1684,-0.1174,-8.5662,-2.4338,0.3067,1.5342,47
3.083,59,-6.7274,1.2205,-11.3377,1.0065,0.3489,0.4497,75,3.388,65,1.4567,8.2787,-12.6677,-0.2288,-0.2341,0.473,84,3.543,68,10.4177,-3.6981,-12.5631,0.2936,1.0881,-0.0556,72,3.02,58,9.7552,0.336,-15.68,0.1514,-1.5682,0.0622,40,82810.962,1601367,0.9885,-0.0661,-8.4149,-2.4493,-0.4392,1.3212,47
3.134,60,-2.2519,6.2807,-15.6796,0.7704,-0.4147,-0.3469,75,3.44,66,2.1942,9.0703,-12.054,-0.1771,-0.0037,0.5605,84,3.595,69,4.6848,-7.9361,-15.0875,0.476,1.0155,-0.3469,72,3.072,59,12.0098,-0.7803,-15.2105,0.3193,-1.8113,0.3447,40,82811.014,1601368,1.1613,-0.3799,-8.0709,-2.4587,-0.9837,1.1694,47
3.186,61,-6.2177,9.9739,-9.5762,0.8802,-0.6341,-0.9283,75,3.491,67,2.5632,7.7792,-12.161,-0.4517,0.1658,0.4602,84,3.647,70,3.2163,-3.1064,-15.4962,-0.0031,0.3437,-0.0296,72,3.124,60,12.0852,-1.4802,-13.8819,-0.0688,-1.9696,0.7407,40,82811.065,1601369,0.2157,-0.858,-5.2278,-1.3361,-0.0293,1.5292,47
3.238,62,-1.0217,6.2434,-8.4835,0.029,0.2196,-0.2115,75,3.543,68,3.2221,9.3155,-12.1244,0.0679,0.1273,0.5054,84,3.699,71,4.4294,-6.2243,-15.2494,-0.6065,-0.0889,0.1629,72,3.176,61,12.1531,-0.0049,-11.2252,-0.2178,-1.6495,1.0212,40,82811.117,1601370,-0.0224,-1.7086,-4.9047,-0.4547,0.6673,1.7917,47
3.29,63,2.7889,-0.641,-7.1093,-0.468,0.8427,0.437,75,3.595,69,2.6729,8.91,-11.8154,0.0838,0.0612,0.6521,84,3.751,72,5.0202,-5.4997,-15.1102,-0.5064,-0.478,0.2016,72,3.227,62,11.1976,0.7547,-10.0818,-0.836,-1.7865,1.4257,40,82811.169,1601371,-0.2602,-2.305,-4.6583,0.2472,1.1757,1.9834,47
3.342,64,2.0821,-5.4441,-6.6514,-0.9575,1.2975,0.9956,75,3.647,70,1.3044,9.0572,-11.6632,0.2478,0.2203,0.838,84,3.803,73,5.7788,-4.6983,-14.7503,-0.3199,-0.9959,-0.0001,72,3.279,63,12.5892,3.2242,-9.1257,-0.4647,-1.2591,1.6312,40,82811.221,1601372,-0.4691,-2.7045,-4.4828,0.8246,1.5467,2.1233,47
3.393,65,0.4887,-5.8565,-6.6318,-0.7939,1.6294,1.4032,75,3.699,71,0.0241,10.4761,-12.4903,0.2172,0.2835,0.8754,84,3.854,74,7.2285,-3.8429,-14.8817,-0.2987,-1.4002,-0.2217,72,3.331,64,13.483,4.2334,-10.0491,0.058,-0.234,1.7085,40,82811.273,1601373,-0.6624,-2.9685,-4.3688,1.2722,1.8175,2.2253,47
3.445,66,-1.4069,-4.5127,-7.6702,-0.5382,1.8716,1.6991,75,3.751,72,-1.6537,10.2775,-13.6362,0.0675,0.0105,0.5156,84,3.906,75,7.3626,-3.8307,-15.1909,-0.2436,-1.5757,-0.3403,72,3.383,65,13.8348,5.4146,-11.4493,-0.6347,0.5142,1.147,40,82811.324,1601374,-0.8249,-3.1333,-4.2924,1.6024,2.0152,2.2998,47
3.497,67,-3.5029,-2.8683,-6.0159,-0.0502,1.6832,1.5098,75,3.803,73,-3.5567,10.4188,-15.1024,0.3444,-0.6461,0.1314,84,3.958,76,7.895,-3.7143,-15.7603,-0.4074,-1.6071,-0.3432,72,3.434,66,14.2808,2.6825,-12.4525,-0.7089,1.0603,0.91,40,82811.376,1601375,-0.954,-3.2755,-4.1429,1.8433,2.1594,2.3542,47
3.549,68,-5.4316,-0.8302,-4.7974,-0.1502,1.2022,0.9973,75,3.854,74,-3.5446,11.2486,-18.9622,-0.4286,-1.1442,0.1718,84,4.01,77,9.0729,-3.0937,-15.9658,-0.6429,-1.734,-0.2127,72,3.486,67,14.6993,2.8876,-14.8964,-0.8711,1.4588,0.9945,40,82811.428,1601376,2.7031,-6.692,-4.0039,1.551,2.2647,2.3939,47
3.601,69,-4.6443,2.9668,-3.681,0.5647,0.9551,0.1368,75,3.906,75,1.7199,10.2483,-21.7793,-0.9929,-1.5078,0.0126,84,4.062,78,11.6742,-3.9058,-15.3926,-1.0084,-1.939,-0.1399,72,3.538,68,11.1047,4.0615,-18.8532,-1.3128,1.7496,1.2993,40,82811.48,1601377,2.1773,-5.0347,-5.5111,0.8584,2.3409,2.4229,47
3.653,70,-3.1063,7.5552,-6.1792,-0.1813,0.0278,-0.5752,75,3.958,76,3.99,9.042,-20.9984,-0.6347,-1.7731,-0.6571,84,4.113,79,13.7861,-5.9239,-15.1174,-0.9976,-2.0228,-0.3357,72,3.59,69,10.1167,5.6045,-13.6952,-1.1755,0.6973,0.9909,40,82811.532,1601378,1.7836,-3.8036,-6.5503,0.3626,2.3969,2.444,47
3.704,71,-1.1701,8.663,-4.6984,-0.6121,-0.6491,-1.0949,75,4.01,77,4.805,6.883,-19.2695,-0.7207,-1.9668,-0.6792,84,4.165,80,15.3274,-9.5605,-9.7003,-0.2533,-1.3413,0.4108,72,3.641,70,12.3241,-0.4335,-10.1492,-1.2975,0.5912,0.0518,40,82811.583,1601379,6.6601,2.5551,-12.8062,0.1355,2.437,2.356,47
3.756,72,4.2037,6.3855,-3.9303,-1.1241,-0.9026,-1.0462,75,4.062,78,3.5923,8.1329,-17.739,-0.5253,-2.0285,-1.1709,84,4.217,81,14.6794,-4.5207,-9.0175,0.1556,-0.3006,0.9775,72,3.693,71,11.937,-2.7957,-12.0691,-1.1294,-0.0934,-0.2069,40,82811.635,1601380,4.9401,1.7524,-11.8048,-0.2736,2.4673,2.1962,47
3.808,73,4.5078,-0.5373,-3.5967,-0.4828,0.0237,-0.0869,75,4.113,79,3.1797,9.4204,-16.0547,-0.6431,-2.1525,-1.083,84,4.269,82,15.9794,-1.8696,-10.3524,-0.4134,0.4589,1.3912,72,3.745,72,11.8211,-1.7241,-12.2935,-1.2327,-0.6795,-0.3071,40,82811.687,1601381,3.7728,1.1874,-10.9861,-0.5645,2.4894,2.0771,47
3.86,74,3.5241,-0.3193,-3.2833,-0.8462,0.6997,0.3291,75,4.165,80,2.598,8.2403,-14.6052,-0.7441,-2.14,-1.0299,84,4.321,83,16.6509,3.7505,-12.264,-0.9769,1.0133,1.6931,72,3.797,73,10.4513,-1.7518,-13.0146,-0.8698,-0.9593,-0.4308,40,82811.739,1601382,2.9201,0.7735,-10.3788,-0.7708,2.5055,1.9906,47
3.911,75,0.9041,-2.0737,-4.8513,-0.1963,1.1931,0.5963,75,4.217,81,0.8331,7.6998,-13.3647,-0.1228,-1.8433,-0.766,84,4.372,84,14.3626,6.421,-16.9557,-1.3882,1.4179,1.8915,72,3.849,74,10.784,-2.7481,-14.0671,-0.5081,-1.2529,-0.7384,40,82811.79,1601383,2.3048,0.4518,-9.9354,-0.9138,2.5173,1.9274,47
3.963,76,-0.7133,-1.0064,-6.7332,0.17,1.4032,0.6688,75,4.269,82,-0.0112,8.2961,-12.6278,0.5821,-1.5734,-0.5223,84,4.424,85,15.7482,2.8408,-9.791,-1.0978,0.9533,1.0345,72,3.901,75,11.2762,-2.8917,-14.3025,-0.122,-1.5809,-0.7148,40,82811.842,1601384,1.8517,0.2162,-9.6016,-1.0133,2.5259,1.8808,47
4.015,77,-1.187,-2.8962,-7.6657,0.0759,1.5775,0.621,75,4.321,83,-0.8437,8.9117,-12.8055,0.5335,-1.2853,-0.1703,84,4.476,86,9.804,3.5232,-12.5304,-1.1342,0.0272,0.9388,72,3.953,76,13.3471,-3.7541,-13.4673,0.2508,-1.8206,-0.1996,40,82811.894,1601385,1.4949,0.0173,-9.3934,-1.0783,2.5322,1.8472,47
4.067,78,-2.9803,-3.035,-8.1825,-0.0496,1.5403,0.6263,75,4.372,84,-1.1138,8.7829,-13.5023,0.7227,-0.9733,0.0711,84,4.528,87,9.3195,-2.5622,-11.1533,-1.2203,-0.0938,0.6867,72,4.004,77,14.3951,-0.8068,-12.1715,-0.4941,-1.6704,0.5347,40,82811.946,1601386,-4.1405,-3.0381,-10.4315,-0.3295,1.7811,1.5317,47
4.119,79,-4.9388,-1.4701,-7.6544,0.4268,1.244,0.5868,75,4.424,85,-1.2263,9.387,-13.0969,0.5199,-0.7748,0.3839,84,4.58,88,9.0127,-1.7382,-12.1323,-1.162,-0.4238,0.5071,72,4.056,78,14.4833,1.2331,-11.2426,-1.0377,-1.4768,1.0706,40,82811.997,1601387,-2.8608,-2.1087,-9.6129,0.4334,0.6368,1.2062,47
4.17,80,-4.3441,4.1219,-7.5692,0.9859,0.2721,-0.2468,75,4.476,86,-0.8526,9.2318,-12.3005,0.0096,-0.6528,0.6437,84,4.631,89,8.2166,-3.304,-12.4776,-0.8689,-0.5647,0.2132,72,4.108,79,15.4888,2.9381,-12.0634,-0.0826,-1.0174,1.4617,40,82812.049,1601388,-1.9368,-1.4366,-9.0404,0.9902,-0.1983,0.9699,47
4.222,81,1.8871,-2.1894,-2.9806,0.1094,0.4989,0.0846,75,4.528,87,-0.9249,9.3687,-11.5123,-0.0375,-0.5443,0.6754,84,4.683,90,7.8332,-3.4793,-13.3664,-0.9218,-0.5235,-0.0229,72,4.16,80,15.1569,4.3057,-10.994,-0.5875,-0.1695,1.7472,40,82812.101,1601389,3.9448,4.2826,-14.6236,0.3827,0.206,0.2234,47
4.274,82,2.7659,3.3227,-2.6845,0.1642,-0.3052,-0.6134,75,4.58,88,-1.8347,9.9191,-11.3056,-0.1491,-0.5278,0.5093,84,4.735,91,7.8007,-3.0938,-13.929,-0.9956,-0.5503,-0.1687,72,4.212,81,15.9141,4.524,-9.9729,0.0319,0.5613,1.9555,40,82812.153,1601390,3.0413,3.9255,-12.682,-0.2659,0.839,-0.513,47
4.326,83,6.8578,-2.7726,-3.8866,-0.5575,0.4596,-0.3297,75,4.631,89,-3.0159,9.8637,-12.1836,0.3244,-0.7336,0.2692,84,4.787,92,8.2736,-3.3113,-14.3558,-1.1431,-0.6433,-0.2678,72,4.263,82,16.2793,7.0183,-10.0185,-0.4887,1.0946,1.9643,40,82812.204,1601391,2.1294,3.6904,-10.8639,-0.7756,1.301,-1.0505,47
4.378,84,6.1787,-5.0412,-3.3782,-0.4756,0.8027,0.2711,75,4.683,90,-3.9308,9.5488,-12.964,0.2794,-1.0541,0.3508,84,4.838,93,8.1072,-2.6028,-14.8276,-1.371,-0.8024,-0.258,72,4.315,83,16.9986,6.5495,-12.0201,-1.006,1.4839,1.9558,40,82812.256,1601392,1.4163,3.5148,-9.5296,-1.1912,1.6382,-1.4428,47
4.429,85,4.9624,-5.4407,-2.4804,-0.6023,1.0826,0.7162,75,4.735,91,-3.594,9.7544,-15.7017,0.4562,-1.2325,0.6458,84,4.89,94,9.7268,-3.1458,-14.8469,-1.5176,-1.1703,-0.2886,72,4.367,84,14.8219,8.1056,-16.754,-1.1101,1.7679,1.4993,40,82812.308,1601393,0.8703,3.3831,-8.5515,-1.5231,1.8843,-1.729,47
4.481,86,3.2126,-5.1164,-3.4011,-0.895,1.4725,1.0952,75,4.787,92,-2.63,9.3549,-17.1326,0.2447,-1.5722,0.7581,84,4.942,95,12.3115,-4.0369,-13.5927,-1.7828,-1.5275,-0.0146,72,4.419,85,8.8592,7.5248,-20.209,-0.2499,1.9753,0.6036,40,82812.359,1601394,0.4357,3.2655,-7.8484,-1.7846,2.0639,-1.938,47
4.533,87,1.4648,-4.9616,-5.4633,-1.2842,1.6833,1.4228,75,4.839,93,-1.8478,8.7549,-16.5732,0.3089,-1.7976,0.669,84,4.994,96,14.2512,-3.0425,-11.8286,-1.9764,-1.7793,0.3819,72,4.471,86,11.5831,8.0708,-22.7306,-0.8561,1.8924,-0.18,40,82812.411,1601395,0.1042,3.1669,-7.319,-1.9804,2.195,-2.0905,47
4.585,88,0.7896,-2.7024,-5.3415,-0.751,1.4137,1.619,75,4.89,94,-1.0902,7.8182,-16.3502,0.2567,-1.8876,0.7123,84,5.046,97,13.1162,-5.2289,-12.9306,-1.3953,-1.6283,0.7425,72,4.522,87,7.944,11.1826,-24.571,0.0499,0.9314,0.0157,40,82812.463,1601396,5.4344,-2.2776,-6.676,-2.0854,2.2115,-2.0502,47
4.636,89,-0.6175,1.1252,-6.0005,-0.1688,1.4072,0.9834,75,4.942,95,-0.7884,7.2855,-15.6472,0.05,-1.7877,0.724,84,5.098,98,14.8385,-0.6125,-11.8811,-0.4636,-0.6448,1.2168,72,4.574,88,7.6241,6.6601,-21.0569,-0.6406,0.3108,-0.1891,40,82812.515,1601397,5.8479,-2.5941,-9.2096,-1.8603,2.3025,-1.2788,47
4.688,90,4.6069,6.2112,-1.7883,0.533,1.206,0.0426,75,4.994,96,-0.8646,6.9286,-14.7385,-0.1339,-1.7713,0.7688,84,5.149,99,14.3274,2.7654,-12.2042,-1.0136,0.2077,1.5658,72,4.626,89,7.1591,4.727,-19.1177,-0.1408,0.1744,-0.2788,40,82812.566,1601398,4.2702,-1.9667,-9.2185,-1.6338,2.3462,-0.5773,47
4.74,91,3.1458,0.1902,-2.3405,-0.2884,0.2109,-0.644,75,5.046,97,-0.4243,6.9204,-14.0188,-0.3362,-1.6987,0.8522,84,5.201,100,15.7225,-0.0239,-12.1038,-0.6474,0.83,1.8205,72,4.677,90,7.5258,2.0656,-17.3978,-0.2145,-0.0355,-0.3666,40,82812.618,1601399,3.0118,-1.5006,-9.2765,-1.4638,2.3772,-0.0672,47
4.792,92,7.3536,-5.0589,-5.9748,-0.8878,-0.0005,-0.1192,75,5.098,98,0.3169,7.8583,-14.3463,-0.5118,-1.5077,1.0303,84,5.253,101,14.4562,3.9619,-12.9899,-0.7111,1.2841,1.9415,72,4.729,91,7.8384,1.804,-15.8483,0.2556,-0.1194,-0.4709,40,82812.67,1601400,2.5279,-1.7828,-12.9888,-1.0114,2.4237,0.0206,47
4.844,93,10.2512,-5.7642,-4.7079,0.0264,0.6801,0.5896,75,5.15,99,0.5442,8.4021,-14.5324,-0.5228,-1.3656,1.1088,84,5.305,102,12.7822,2.8039,-15.424,-1.1942,1.6155,2.0617,72,4.781,92,7.8774,0.4169,-15.2424,0.1913,-0.4345,-0.3968,40,82812.722,1601401,1.9017,-1.3093,-11.3613,-0.6816,2.4576,0.0848,47
4.895,94,6.5227,-4.199,-3.4909,0.1588,1.1788,1.107,75,5.201,100,1.2671,8.9988,-15.3221,-0.1475,-1.196,1.0329,84,5.357,103,10.4999,7.3983,-18.6458,-0.7895,1.8526,1.4282,72,4.833,93,9.4302,-0.7735,-14.0909,0.3071,-0.9839,-0.3357,40,82812.774,1601402,1.4391,-0.977,-10.1596,-0.439,2.4823,0.132,47
4.947,95,2.5915,-3.1207,-4.0402,0.0259,1.5022,1.0906,75,5.253,101,2.1476,8.8988,-15.4137,0.1134,-1.0815,1.0554,84,5.408,104,12.929,8.5415,-21.6134,-0.2376,0.6787,1.3414,72,4.885,94,11.0515,-3.2654,-13.1171,0.7129,-1.3849,-0.258,40,82812.825,1601403,1.1179,-0.7377,-9.2882,-0.2597,2.5004,0.1667,47
4.999,96,-0.1672,-2.2523,-5.9533,0.3361,1.6931,0.8306,75,5.305,102,1.7833,8.5138,-15.443,0.2302,-0.9381,1.139,84,5.46,105,11.9386,7.1644,-23.7793,-0.4934,-0.1781,1.4372,72,4.936,95,13.1832,-2.054,-10.6827,0.7814,-1.6776,0.0705,40,82812.877,1601404,0.9027,-0.5663,-8.6522,-0.1262,2.5135,0.1929,47
5.051,97,-1.7523,-4.1564,-5.6855,0.5008,1.7096,0.6517,75,5.357,103,1.5484,8.3944,-15.4513,0.1886,-0.8668,0.9305,84,5.512,106,11.0791,1.5835,-20.35,-0.97,-0.1519,1.3376,72,4.988,96,14.196,1.0695,-10.4474,-0.1068,-1.8911,0.7318,40,82812.929,1601405,6.0172,2.1451,-3.7513,0.2249,2.5232,0.1757,47
5.103,98,-2.1863,-1.3645,-6.2846,1.0399,1.9189,0.3527,75,5.409,104,2.2946,8.6898,-15.0512,0.0654,-0.7142,0.6265,84,5.564,107,10.441,0.6066,-18.3711,-1.1538,-0.3624,0.9873,72,5.04,97,13.4071,3.2576,-10.327,-0.2235,-1.4195,1.2144,40,82812.981,1601406,4.4948,-3.6923,-3.562,0.838,2.2285,0.3816,47
5.155,99,-3.2708,3.5991,-10.6629,0.1241,1.5238,-0.4177,75,5.46,105,2.797,8.1162,-14.0509,-0.2131,-0.564,0.4432,84,5.616,108,10.6968,-1.8077,-16.6128,-1.1153,-0.4799,0.6089,72,5.092,98,11.6938,6.0352,-10.4218,0.0275,-0.351,1.5667,40,82813.032,1601407,3.2951,-2.6868,-4.5458,1.2855,1.8023,0.5165,47
5.206,100,-3.2904,7.4067,-5.1911,0.7637,1.3088,-0.98,75,5.512,106,2.2663,8.2388,-13.1697,-0.2227,-0.3819,0.4011,84,5.667,109,10.2793,-2.7638,-15.9632,-1.158,-0.5392,0.3031,72,5.143,99,11.5557,7.0536,-10.89,0.1605,0.4288,1.8238,40,82813.084,1601408,2.4319,-1.9293,-5.3032,1.6121,1.4831,0.6146,47
5.258,101,2.6562,0.208,-4.0842,0.8514,0.2859,-1.3903,75,5.564,107,1.2021,7.7845,-13.1244,-0.1714,-0.35,0.2608,84,5.719,110,9.5187,-3.3253,-15.2918,-0.8664,-0.7198,0.0208,72,5.195,100,12.9055,9.7477,-11.5894,-0.1981,0.9979,1.6228,40,82813.136,1601409,-3.0445,3.923,-1.3071,0.4987,1.5415,-0.2275,47
5.31,102,6.9962,-2.1345,-4.6871,0.3724,0.8495,-0.3419,75,5.616,108,0.5191,8.1097,-13.5705,0.0784,-0.4514,0.1025,84,5.771,111,9.2534,-2.7141,-15.3525,-1.095,-0.9123,0.1038,72,5.247,101,14.3993,9.2337,-12.7855,-0.8217,1.4133,1.2405,40,82813.188,1601410,-3.1352,3.4759,-2.3393,-0.3139,1.6197,-0.8421,47
5.362,103,8.8967,-6.23,-3.1522,0.6826,1.1647,0.4271,75,5.668,109,1.0119,7.1775,-15.7098,0.594,-0.4545,0.1061,84,5.823,112,7.9963,-2.9598,-15.6769,-1.2883,-1.0557,0.1713,72,5.299,102,15.0821,8.6009,-14.3004,-0.0344,1.7164,0.7677,40,82813.239,1601411,-3.1634,3.0939,-3.2136,-0.907,1.6296,-1.2907,47
5.413,104,7.4978,-5.7382,-2.4911,0.7565,1.5324,0.9748,75,5.719,110,2.839,8.4825,-17.6117,0.6521,-0.3532,0.3082,84,5.875,113,9.7029,-2.7911,-16.2015,-1.1244,-1.3873,0.0487,72,5.351,103,12.7412,6.693,-17.9473,0.202,1.9377,0.052,40,82813.291,1601412,-3.2156,2.7937,-3.8345,-1.3398,1.582,-1.618,47
5.465,105,4.6803,-4.6155,-4.8926,-0.0958,1.8009,1.1739,75,5.771,111,3.459,7.6325,-17.0242,0.611,-0.6885,0.5183,84,5.926,114,12.3474,-2.3411,-15.6491,-1.4959,-1.6846,0.3413,72,5.403,104,10.9597,4.0278,-21.0799,-0.5057,0.9595,0.014,40,82813.343,1601413,-3.2628,2.551,-4.2824,-1.6557,1.501,-1.857,47
5.517,106,2.4099,-4.2152,-5.0558,-0.3175,1.829,0.992,75,5.823,112,3.1677,6.6563,-17.0339,0.6274,-0.4765,0.5128,84,5.978,115,12.5327,-3.9742,-16.1889,-1.767,-1.3568,0.871,72,5.455,105,7.8891,-2.3571,-23.3662,-1.0461,0.1395,-0.5104,40,82813.395,1601414,-3.3112,2.3256,-4.5971,-1.8863,1.3854,-2.0314,47
5.569,107,-0.3129,-3.6327,-6.0791,-0.2786,1.9101,0.8935,75,5.875,113,2.4935,7.4183,-16.8127,0.9144,-0.3348,0.6301,84,6.03,116,13.1885,-3.991,-14.765,-1.7179,-1.6479,1.0108,72,5.507,106,10.8751,-0.5576,-21.0508,-0.5323,-0.5649,-0.9428,40,82813.446,1601415,-1.3351,0.5267,-11.3581,-1.9898,0.987,-1.4711,47
5.621,108,-2.657,-3.6032,-7.4635,0.2034,1.4916,0.6849,75,5.927,114,2.1659,7.0708,-15.9597,0.2445,-0.5168,0.7797,84,6.082,117,12.6822,-4.2465,-13.1551,-0.5932,-1.2861,1.0454,72,5.558,107,10.7458,-0.8881,-19.2349,-0.8361,-0.7742,-0.9372,40,82813.498,1601416,-1.1116,-0.7215,-11.6214,-2.1301,0.2741,-0.4564,47
5.672,109,-4.1318,-1.5577,-11.0703,-0.24,0.4193,-0.103,75,5.978,115,2.0624,6.2615,-15.2393,-0.1794,-0.5475,0.7339,84,6.134,118,12.5243,-2.8546,-11.6802,0.1179,-0.299,0.9401,72,5.61,108,10.1133,1.1479,-17.4643,-0.4324,-0.8629,-0.7845,40,82813.55,1601417,-0.552,-0.2646,-10.6557,-2.2325,-0.3291,0.3426,47
5.724,110,-6.203,2.4241,-13.4204,0.4992,0.07,-0.4062,75,6.03,116,1.8739,5.6161,-14.7627,-0.1986,-0.4816,0.4163,84,6.185,119,12.3554,-1.6119,-11.2225,0.1507,0.4602,0.5771,72,5.662,109,9.6579,0.7021,-16.4216,-0.4031,-0.9614,-0.5693,40,82813.602,1601418,4.9555,5.138,-5.2136,-1.804,-0.3998,-0.085,47
5.776,111,0.5304,-3.4285,-17.7913,-0.1103,-0.6183,-0.9716,75,6.082,117,1.9545,5.1908,-15.3402,-0.1563,-0.5268,0.023,84,6.237,120,12.541,-1.5363,-11.8473,0.6642,1.0142,0.3297,72,5.714,110,8.9815,0.2998,-15.9328,-0.506,-1.0336,-0.4233,40,82813.653,1601419,3.621,4.0608,-4.7291,-1.9945,0.3969,-0.415,47
5.828,112,5.4447,-6.1689,-14.7533,0.5939,-0.8367,-0.5349,75,6.134,118,2.2198,5.2433,-16.1328,-0.2665,-0.4953,-0.1739,84,6.289,121,13.3648,-1.5249,-15.0903,1.1613,1.4186,-0.3173,72,5.766,111,7.6249,0.7471,-15.9499,-0.3205,-1.1088,-0.3959,40,82813.705,1601420,2.6019,3.2788,-3.8423,-2.1336,0.9783,-0.6495,47
5.88,113,4.2413,-8.7992,-12.6391,0.2014,-0.1624,0.2862,75,6.186,119,4.7738,5.4919,-17.4957,0.378,-0.4922,-0.3148,84,6.341,122,9.9647,-1.9965,-19.0184,1.4003,1.7137,-0.5757,72,5.817,112,5.6755,0.4062,-15.2858,-0.2865,-1.1286,-0.3541,40,82813.757,1601421,1.8669,2.6956,-3.2009,-2.235,1.4027,-0.8157,47
5.931,114,1.5989,-9.0277,-10.6991,0.7062,-0.2469,0.8855,75,6.237,120,5.8053,6.6959,-16.563,0.4346,-0.0188,-0.2307,84,6.393,123,12.5384,-4.1558,-11.2964,0.3468,0.5773,0.1658,72,5.869,113,6.2872,-0.3061,-14.9717,0.0525,-1.2624,-0.4403,40,82813.809,1601422,1.3215,2.2655,-2.7515,-2.3091,1.7124,-0.9328,47
5.983,115,-0.9708,-7.3808,-9.4344,0.8843,-0.3224,1.3117,75,6.289,121,5.9413,5.7501,-16.3933,0.4071,0.5413,-0.151,84,6.444,124,3.8269,-8.2701,-16.2495,-0.0213,0.1118,0.3539,72,5.921,114,9.706,-1.0981,-15.7104,0.5256,-1.5881,-0.6075,40,82813.86,1601423,0.9419,1.9533,-2.4502,-2.3632,1.9385,-1.0136,47
6.035,116,-2.4672,-6.7717,-7.8641,1.2718,-0.4132,1.508,75,6.341,122,4.6388,6.3042,-16.2204,0.9682,0.998,-0.5066,84,6.496,125,4.8543,-6.2813,-15.7461,-0.6058,-0.0084,0.6143,72,5.973,115,12.2011,0.1808,-16.8661,0.9676,-1.8259,-0.5871,40,82813.912,1601424,0.6833,1.7249,-2.2208,-2.4026,2.1034,-1.0696,47
6.087,117,-3.6065,-4.2746,-7.0915,1.1561,-0.3618,1.3251,75,6.393,123,3.7939,5.9064,-16.3416,0.5236,1.2394,-0.9322,84,6.548,126,6.1115,-4.0392,-14.6733,-0.6572,-0.016,0.5488,72,6.025,116,9.5797,1.8865,-16.8796,0.8816,-1.7837,-0.6192,40,82813.964,1601425,-2.7817,3.9536,0.9425,-2.4314,2.1272,-1.1286,47
6.139,118,-4.4605,-0.0955,-8.8235,1.2977,0.2881,0.619,75,6.445,124,3.3525,5.4595,-16.1742,0.4233,1.4683,-1.2529,84,6.6,127,6.383,-4.65,-13.3017,-1.0012,0.0813,0.5259,72,6.076,117,8.9224,0.4771,-15.1731,0.6788,-1.0329,-0.6097,40,82814.016,1601426,-4.4435,5.2015,-0.2706,-2.3145,2.2412,-1.2561,47
6.19,119,-3.047,2.3067,-13.4424,0.2697,-0.457,-0.2234,75,6.496,125,3.0566,4.2502,-15.8435,0.2707,1.7498,-1.3413,84,6.652,128,7.0183,-3.3777,-12.5525,-0.9299,-0.2463,0.3527,72,6.128,118,7.3222,0.953,-13.698,0.5395,-0.0699,-0.6426,40,82814.067,1601427,-3.1417,4.1301,-1.6042,-2.1621,2.3244,-1.3683,47
6.242,120,2.8338,-3.5142,-17.8073,-0.4805,0.011,0.2392,75,6.548,126,2.4977,5.3893,-15.823,0.8362,1.9562,-1.3485,84,6.703,129,7.623,-3.3986,-12.4265,-0.2524,-0.7234,0.1459,72,6.18,119,7.551,1.3967,-12.6596,0.1318,0.634,-0.8317,40,82814.119,1601428,-2.1052,3.405,-2.6111,-2.0672,2.3851,-1.4471,47
6.294,121,0.9286,-1.9307,-18.8243,0.3237,-0.6613,-0.5006,75,6.6,127,1.5925,5.468,-15.5008,0.2479,2.1068,-1.1313,84,6.755,130,8.1216,-1.7431,-13.5203,-0.1428,-1.0315,0.092,72,6.232,120,8.3988,1.3211,-12.4562,0.2248,1.1477,-1.1618,40,82814.171,1601429,-2.5137,5.0328,0.6577,-2.1866,2.4294,-1.7322,47
6.346,122,5.7354,3.9808,-21.7353,0.9106,-1.152,-1.0389,75,6.652,128,0.6128,6.4622,-16.0761,0.8527,2.2167,-1.046,84,6.807,131,8.6277,-0.9614,-14.1566,-0.2687,-1.225,0.1932,72,6.284,121,9.5424,1.6548,-13.0058,0.541,1.5226,-1.5193,40,82814.223,1601430,-2.9443,5.8875,1.773,-2.2737,2.4618,-1.9403,47
6.397,123,5.7487,-2.2923,-15.9352,-0.0122,-0.6258,-0.0816,75,6.704,129,-0.0884,6.9874,-17.0307,-0.0324,1.2998,-0.5896,84,6.859,132,9.9766,-1.1079,-13.9598,-0.7875,-1.5657,0.3495,72,6.336,122,9.1198,0.6317,-15.5422,0.9733,1.7962,-1.7803,40,82814.275,1601431,-3.3383,6.4215,2.6865,-2.3373,2.4854,-2.0922,47
6.449,124,4.9493,-4.7377,-11.7459,0.6355,-0.4419,0.3329,75,6.756,130,4.8553,7.5593,-16.6737,0.6328,0.5903,-0.4159,84,6.91,133,12.5471,0.2586,-12.3242,-1.2016,-1.8161,0.4785,72,6.387,123,7.6815,-2.3449,-19.0586,1.385,1.9708,-1.8386,40,82814.326,1601432,-3.7107,6.7384,3.3602,-2.3838,2.5026,-2.203,47
6.501,125,4.1634,-6.6286,-10.1101,0.3825,-0.1164,0.7861,75,6.807,131,4.0104,9.6429,-15.2307,0.9509,0.5726,-0.78,84,6.962,134,13.4875,-0.0308,-8.221,-0.762,-1.9989,-0.1243,72,6.439,124,8.1862,2.1027,-15.106,0.3667,0.8448,-0.9039,40,82814.378,1601433,-4.0419,6.8918,3.8561,-2.4177,2.5152,-2.2839,47
6.553,126,4.0917,-6.7156,-8.995,0.7204,0.0636,0.899,75,6.859,132,1.0817,9.4622,-16.3027,0.562,0.5225,-0.8966,84,7.014,135,10.2349,-5.2547,-11.2733,0.1204,-1.9432,-0.7647,72,6.491,125,11.0919,-3.7622,-19.0062,0.6753,-0.0502,-0.6806,40,82814.43,1601434,-4.3397,6.942,4.216,-2.4424,2.5243,-2.343,47
6.605,127,3.0596,-7.6961,-7.2618,0.9456,0.1366,0.9664,75,6.911,133,2.6983,10.2915,-15.2492,0.3404,-0.2871,-0.7908,84,7.066,136,10.7866,-9.0722,-12.819,-0.0939,-1.663,-1.2322,72,6.543,126,13.2127,-2.7486,-16.5161,0.2927,-0.7034,-0.5909,40,82814.482,1601435,-2.1213,10.3977,-4.2347,-2.4604,2.531,-1.8724,47
6.656,128,0.9437,-6.8971,-6.2519,1.3645,0.4372,1.1732,75,6.963,134,0.9168,8.9947,-14.0527,-0.2709,-0.5507,-0.9629,84,7.118,137,10.3777,-6.429,-10.5538,-0.7418,-0.5611,-1.5724,72,6.595,127,11.9978,0.2944,-16.0772,0.3174,-0.8989,-0.5863,40,82814.534,1601436,-0.9341,12.9198,-6.2504,-1.2167,2.5359,-1.4103,47
6.708,129,-2.4183,-5.6187,-6.4768,0.8741,0.7413,1.4084,75,7.015,135,-0.1775,8.5222,-13.0146,-0.3595,-0.613,-1.1667,84,7.17,138,8.8751,-9.9292,-10.3036,-0.4325,0.2689,-1.7812,72,6.646,128,11.1003,1.5602,-15.5011,0.9063,-0.8712,-0.7419,40,82814.585,1601437,-0.6856,9.2769,-5.4528,-0.2141,2.5395,-0.8283,47
6.76,130,-4.2112,-4.3806,-8.1571,0.7638,0.6304,1.2697,75,7.066,136,1.7358,9.3611,-13.3456,-0.816,-0.545,-0.8265,84,7.221,139,9.1885,-9.0246,-10.7689,0.3609,0.8746,-1.974,72,6.698,129,8.0925,4.3962,-15.5735,1.3361,-0.8223,-1.2025,40,82814.637,1601438,-0.4048,6.5531,-4.8122,0.5176,2.5421,-0.4045,47
6.812,131,-4.3784,-6.2031,-9.8199,0.2771,-0.2063,0.4706,75,7.118,137,3.2433,8.991,-13.3494,-0.3999,0.2655,-0.9755,84,7.273,140,11.9719,-9.6015,-11.6378,0.1653,1.3167,-2.1147,72,6.75,130,6.8618,4.7476,-14.6296,1.6499,-0.791,-1.549,40,82814.689,1601439,5.0629,-0.4751,-10.7162,1.0517,1.8098,-0.8361,47
6.864,132,-2.2019,-5.7352,-11.3654,-0.1621,-0.8199,0.0131,75,7.17,138,3.864,7.9587,-12.7225,-0.6524,0.8729,-0.8841,84,7.325,141,13.1173,-10.4242,-13.7009,0.3634,1.6393,-1.5114,72,6.802,131,8.1104,1.5897,-14.5409,1.8788,-0.7624,-1.2242,40,82814.741,1601440,6.3558,0.2359,-5.2578,1.4414,1.027,-1.2863,47
6.915,133,-0.6228,-7.5729,-10.0559,-0.2672,-0.8789,-0.1876,75,7.222,139,3.1789,6.2418,-13.2006,-0.6965,1.3161,-0.5878,84,7.377,142,10.5539,-10.5048,-18.0044,-0.41,1.8748,-0.857,72,6.854,132,8.5297,1.82,-15.6867,1.3849,-0.6331,-0.3301,40,82814.792,1601441,7.2783,0.8182,-1.274,1.7259,0.5291,-1.6148,47
6.967,134,-0.2919,-8.9945,-7.8706,-0.372,-1.2392,-0.222,75,7.274,140,2.7983,7.7795,-13.6109,-0.1069,1.6397,-0.1215,84,7.428,143,11.1269,-3.2121,-16.818,-0.1413,0.6949,-0.4331,72,6.905,133,11.0948,2.0584,-16.0065,1.4397,-0.5591,0.3988,40,82814.844,1601442,7.9276,1.2731,1.6336,1.9335,0.2514,-1.8546,47
7.019,135,-0.1514,-10.3326,-6.1555,0.3737,-1.2324,-0.2716,75,7.326,141,1.7162,7.6704,-13.3253,-0.1675,1.7337,0.1517,84,7.48,144,7.8905,-1.8567,-20.277,0.5734,-0.1021,0.2806,72,6.957,134,13.0607,3.0521,-13.8632,1.4572,-0.6994,0.9029,40,82814.896,1601443,8.3995,1.6308,3.7557,2.085,0.1347,-2.0297,47
7.071,136,0.3718,-10.1677,-5.3683,0.2736,-1.1644,-0.1788,75,7.377,142,1.8197,9.639,-13.5171,-0.0879,1.7972,-0.0202,84,7.532,145,10.6539,-6.5921,-19.0376,-0.1309,-0.7479,0.5689,72,7.009,135,14.6496,4.4478,-15.3631,1.547,-1.1772,1.3391,40,82814.947,1601444,8.7166,1.9164,5.3044,2.1956,0.1208,-2.1574,47
7.123,137,0.4348,-10.5149,-5.6408,0.1031,-0.5775,-0.0174,75,7.429,143,1.4532,9.7584,-13.2245,0.1226,1.5877,-0.2111,84,7.584,146,9.0808,-3.3515,-16.7413,0.4865,-1.2193,0.8019,72,7.061,136,15.0724,4.5949,-15.308,0.452,-1.526,1.6102,40,82814.999,1601445,8.9474,2.1378,6.4348,2.2763,0.198,-2.2506,47
7.174,138,-0.5655,-9.498,-6.2533,0.3281,-0.745,-0.5506,75,7.481,144,-0.3841,9.582,-13.618,0.1599,1.5791,-0.3533,84,7.636,147,8.588,-2.7471,-16.2487,0.128,-1.5633,0.8493,72,7.113,137,12.7825,1.7273,-15.382,0.1175,-0.938,1.0286,40,82815.051,1601446,9.1192,2.3395,7.2598,2.3353,0.3275,-2.3187,47
7.226,139,-1.6175,-8.3693,-6.9336,-0.4379,-0.2288,-0.4943,75,7.533,145,-1.3138,7.3621,-14.2356,0.5491,1.1329,-0.3671,84,7.687,148,9.3029,-1.8357,-16.3806,0.1069,-1.8143,0.9508,72,7.164,138,10.0829,-0.7175,-14.128,0.7509,0.0004,0.3494,40,82815.103,1601447,9.2438,2.5691,7.8619,2.3783,0.5103,-2.3683,47
7.278,140,-1.6326,-7.0714,-9.1277,0.3548,-0.3433,-0.8935,75,7.585,146,-1.2163,7.4798,-13.1998,0.7693,0.8003,-0.3176,84,7.739,149,8.8939,-2.1626,-17.2354,-0.1332,-1.9976,1.1234,72,7.216,139,10.3653,-1.6847,-14.5229,-0.0825,0.6853,-0.4164,40,82815.154,1601448,9.3231,2.815,8.3014,2.4096,0.7171,-2.4046,47
7.33,141,2.4121,-1.9822,-11.1951,-0.3121,-0.2559,-0.3719,75,7.636,147,0.4139,6.8184,-12.8711,0.7046,0.4878,-0.3423,84,7.791,150,9.7694,-2.6034,-18.2645,-0.6439,-2.0224,1.0232,72,7.268,140,11.5038,-3.0836,-15.6566,0.1822,1.1851,-0.3717,40,82815.206,1601449,9.3594,3.0747,8.6221,2.4325,0.9571,-2.431,47
7.382,142,3.4782,-6.5169,-10.2187,0.0242,-0.8141,-0.5829,75,7.688,148,2.0586,7.8379,-14.1988,1.186,0.5531,-0.3304,84,7.843,151,12.3959,-3.7687,-18.2513,-1.0179,-2.1495,0.5782,72,7.32,141,10.6185,-1.1417,-18.2078,0.6467,1.5499,-0.4191,40,82815.258,1601450,9.3625,3.2909,8.8562,2.4492,1.2049,-2.4503,47
7.433,143,3.9716,-3.5144,-8.6786,0.4475,-0.8856,-0.4089,75,7.74,149,2.6674,10.6956,-13.108,0.9499,0.7404,0.0337,84,7.895,152,14.3128,-1.1887,-15.1177,-1.2404,-2.2422,0.496,72,7.372,142,9.7314,-2.8652,-21.2701,1.1467,1.8161,-0.4936,40,82815.31,1601451,1.6016,7.7329,-1.5619,2.4614,1.2815,-2.4644,47
7.485,144,3.306,-5.2771,-8.856,0.3772,-0.8972,-0.5325,75,7.792,150,2.1483,11.2423,-11.439,0.0132,0.4353,0.5345,84,7.946,153,15.7119,-3.1666,-13.5583,-0.6054,-2.3098,-0.0253,72,7.423,143,7.6402,3.201,-17.3888,1.0072,0.6731,0.0669,40,82815.361,1601452,2.1475,6.0011,1.1437,2.4704,0.8047,-2.4128,47
7.537,145,5.7268,-3.9887,-7.3142,0.9497,-1.3201,-0.8592,75,7.844,151,5.2392,8.2684,-11.3278,-0.6704,0.5579,1.0429,84,7.998,154,15.7399,-3.3234,-13.2092,0.1465,-1.7149,-0.6764,72,7.475,144,10.2027,0.1279,-10.0833,0.9331,-0.1747,0.0864,40,82815.413,1601453,2.556,4.778,3.2698,2.4769,0.464,-2.3782,47
7.589,146,6.2004,-0.8644,-7.2517,1.0225,-1.609,-0.8664,75,7.895,152,6.6685,8.6211,-11.9305,-0.5492,1.0863,1.0549,84,8.05,155,12.7177,-1.6473,-11.9567,-0.421,-0.5732,-1.1677,72,7.527,145,12.5636,-0.583,-12.7072,0.7157,-0.2947,-0.0028,40,82815.465,1601454,2.8657,3.8861,4.8703,2.4816,0.2232,-2.3542,47
7.64,147,6.4664,-2.3899,-10.5858,1.4207,-1.7339,-0.938,75,7.947,153,6.3903,7.0908,-12.0535,-1.0808,1.4719,1.4352,84,8.102,156,13.4634,-3.7393,-12.5112,-0.7571,0.26,-1.4046,72,7.579,146,8.6801,0.7936,-13.6314,1.197,-0.5576,-0.6377,40,82815.517,1601455,3.095,3.2782,6.0658,2.4851,0.0576,-2.3382,47
7.692,148,-0.8128,-1.5084,-13.0171,1.1951,-0.5831,-0.0079,75,7.999,154,5.6903,6.0704,-11.4996,-0.7446,1.6742,1.3222,84,8.154,157,13.0748,-7.8608,-17.1361,0.124,0.8681,-1.6835,72,7.63,147,8.4279,3.7842,-12.4741,1.5435,-0.2144,-1.1368,40,82815.569,1601456,3.2624,2.883,6.9321,2.4876,-0.0515,-2.3295,47
7.744,149,1.2912,1.5142,-14.3349,0.9909,-1.0029,0.3934,75,8.051,155,3.7748,5.5993,-8.9351,-0.4991,1.0144,1.5142,84,8.205,158,14.6161,-10.9742,-20.5116,0.767,1.3119,-1.9027,72,7.682,148,7.8689,3.7969,-12.9769,1.8012,0.2774,-1.5011,40,82815.62,1601457,3.3893,2.6246,7.5077,2.4894,-0.1219,-2.3269,47
7.796,150,5.5292,0.0217,-12.4209,0.7489,-1.1943,0.5682,75,8.103,156,5.637,4.2992,-7.5088,-0.7534,0.302,1.7366,84,8.257,159,10.5563,-13.2465,-22.9751,0.8844,1.2904,-1.6875,72,7.734,149,8.9306,2.6733,-13.6223,1.9893,0.6748,-1.4344,40,82815.672,1601458,3.4801,2.4331,7.8723,2.4908,-0.1629,-2.3299,47
7.847,151,7.2068,-1.2659,-10.6875,0.4043,-1.541,1.0913,75,8.155,157,6.5042,4.1136,-6.372,0.1218,-0.1999,1.3637,84,8.309,160,12.9702,-6.4662,-18.7773,1.322,0.2684,-0.8219,72,7.786,150,7.9045,2.1215,-13.775,1.6219,1.1775,-0.5109,40,82815.724,1601459,3.5334,2.2691,8.1217,2.4918,-0.1841,-2.3349,47
7.899,152,5.1749,-0.4219,-10.5877,0.293,-1.5239,1.4731,75,8.207,158,6.3913,4.3986,-6.6427,0.1587,-0.4688,1.1063,84,8.361,161,10.5324,-6.2844,-17.4287,1.6414,0.2399,-0.1819,72,7.838,151,7.5344,4.6926,-13.1912,1.7588,1.5443,0.3075,40,82815.776,1601460,3.5862,2.0941,8.2707,2.4925,-0.1899,-2.3423,47
7.951,153,1.4407,0.9778,-9.6778,-0.1304,-0.4298,1.2278,75,8.258,159,5.0493,4.2175,-7.0972,0.7022,-0.7576,0.782,84,8.413,162,12.6079,-4.2981,-16.1045,1.6426,0.0433,0.2579,72,7.889,152,7.5069,0.7371,-13.164,1.3173,1.8005,0.8925,40,82815.828,1601461,-2.6142,-3.7295,-1.9893,2.493,-0.2562,-2.3629,47
8.003,154,-0.7587,-0.9114,-13.06,-0.7725,0.3686,0.2213,75,8.31,160,4.5741,3.8025,-7.208,0.653,-0.9197,0.3916,84,8.464,163,10.1668,-5.4473,-15.5425,1.1981,0.1967,0.5915,72,7.941,153,7.4268,3.0892,-12.8802,1.2383,1.9983,0.9639,40,82815.879,1601462,3.4504,-5.5521,1.1116,2.0609,-0.85,-2.1951,47
8.055,155,-0.1629,0.0304,-12.773,-0.4768,-0.4003,-0.5136,75,8.362,161,3.047,1.6956,-8.2201,1.148,-1.0397,-0.1157,84,8.516,164,10.2548,-3.4807,-14.907,0.8319,0.2439,0.7021,72,7.993,154,7.132,2.5527,-14.0542,1.3017,1.0878,0.5376,40,82815.931,1601463,5.3059,1.2789,3.3747,1.569,-1.2835,-1.768,47
8.107,156,-3.7532,-5.1756,-8.5772,0.0647,0.185,-0.2822,75,8.414,162,1.0677,2.0658,-9.8492,1.5096,-0.7266,-0.2937,84,8.568,165,10.5494,-2.8015,-14.4821,0.7678,0.1364,0.5298,72,8.045,155,7.7407,0.0908,-10.823,1.4594,0.3936,0.2699,40,82815.983,1601464,-1.3591,-4.3244,-4.2427,1.2437,-1.2746,-1.2542,47
8.159,157,1.2761,-2.5327,-7.2149,-0.6301,0.3586,0.4667,75,8.466,163,4.5175,3.3582,-11.4332,1.3516,-1.203,0.408,84,8.62,166,9.8986,-1.5976,-13.7971,0.672,0.0011,0.5435,72,8.096,156,8.879,-1.8184,-7.4705,1.1522,0.3035,0.2294,40,82816.035,1601465,-2.9032,-7.1535,-4.5519,0.3882,-0.7886,-0.8489,47
8.21,158,-0.1084,-0.8677,-10.0068,-0.9122,0.4597,0.0579,75,8.517,164,7.5425,3.0163,-12.9139,1.6582,-1.1752,0.609,84,8.672,167,9.875,-2.1736,-13.7774,0.5126,0.0317,0.6397,72,8.148,157,8.3859,-2.9168,-8.3499,0.9154,0.3647,0.2466,40,82816.086,1601466,-1.9928,-8.3594,-7.9728,-0.3945,-0.5647,-0.2741,47
8.262,159,0.671,-2.5255,-15.2999,0.0061,0.9088,-0.6329,75,8.569,165,8.127,4.0062,-12.6305,0.9974,-1.1439,0.8294,84,8.723,168,9.4776,-2.1088,-13.6719,0.3301,0.0512,0.583,72,8.2,158,8.427,-2.5856,-8.9337,0.5169,0.3837,0.2255,40,82816.138,1601467,-1.9657,-6.1619,-8.6911,-0.9658,-0.6179,0.4756,47
8.314,160,5.5473,-7.0409,-15.8698,0.0321,0.1674,-0.0355,75,8.621,166,8.2919,2.2764,-14.8482,1.1991,-1.1608,0.4544,84,8.775,169,9.4569,-1.8677,-13.4529,0.3219,0.0164,0.4612,72,8.252,159,8.4777,-2.4672,-9.3366,0.5975,0.3391,0.1323,40,82816.19,1601468,-2.8605,-3.9456,-10.1174,-1.3828,-0.6647,1.0228,47
8.366,161,4.8104,-6.7193,-16.0163,0.4156,-0.5242,-0.2046,75,8.673,167,8.8517,3.2705,-17.5485,1.5469,-1.5123,-0.2931,84,8.827,170,9.4238,-1.8453,-13.3279,0.203,0.0219,0.4492,72,8.304,160,8.1108,-2.8657,-9.6052,0.438,0.2918,0.0473,40,82816.241,1601469,-2.768,-2.1059,-10.4399,-1.6871,-0.6883,1.4222,47
8.418,162,5.5834,-6.5388,-15.5849,0.1286,-0.767,-0.0074,75,8.725,168,11.3803,5.2769,-10.1598,1.0764,-1.2704,0.3455,84,8.879,171,8.9944,-2.4799,-13.1572,0.2058,0.0429,0.3186,72,8.355,161,7.7362,-2.5913,-9.6479,0.491,0.2207,-0.095,40,82816.293,1601470,-2.6172,-0.3869,-10.3969,-1.9092,-0.7202,1.7137,47
8.469,163,5.5638,-6.0381,-17.5205,0.2565,-1.2115,-0.0206,75,8.776,169,12.7068,4.6565,-14.1846,0.8949,-1.2667,-0.2481,84,8.93,172,8.9129,-1.9248,-13.1286,0.0967,-0.0362,0.16,72,8.407,162,8.3648,-1.7979,-9.7149,0.395,0.1735,-0.1346,40,82816.345,1601471,-3.7949,0.9493,-8.7257,-2.0713,-0.3718,0.9976,47
8.521,164,5.7361,-6.1154,-18.1624,0.4472,-1.5535,0.1364,75,8.828,170,10.3652,4.1635,-17.2353,0.6452,-0.9859,-0.6943,84,8.982,173,8.9513,-2.1365,-12.9794,0.1946,-0.1644,0.039,72,8.459,163,8.0016,-2.523,-9.8451,0.2778,0.0482,-0.157,40,82816.397,1601472,-3.4568,0.73,-9.1968,-2.1896,0.1139,0.1556,47
8.573,165,4.9371,-7.2307,-18.0233,-0.1378,-1.6396,0.6479,75,8.88,171,9.1622,3.1357,-18.9802,0.6397,-1.0391,-1.1931,84,9.034,174,8.72,-2.1769,-13.1394,0.1252,-0.2012,-0.0623,72,8.511,164,8.288,-1.8287,-9.9832,-0.0114,-0.085,-0.1002,40,82816.448,1601473,-5.2991,3.0974,-9.3864,-2.2759,0.3267,-0.4343,47
8.624,166,2.5285,-6.9127,-18.5454,0.0104,-1.5151,0.8713,75,8.932,172,8.7527,2.55,-19.3127,0.217,-1.1339,-1.5508,84,9.086,175,8.8633,-1.7811,-13.3844,0.1118,-0.1758,-0.1265,72,8.562,165,8.4703,-2.0424,-10.258,-0.127,-0.1582,-0.0052,40,82816.5,1601474,-6.1242,4.0509,-9.3063,-2.3389,0.4592,-0.9076,47
8.676,167,1.6599,-7.1486,-17.3656,0.2613,-1.7751,0.7842,75,8.984,173,6.4699,2.0522,-19.1874,0.0027,-1.2267,-1.8009,84,9.138,176,8.5888,-1.7738,-13.4924,0.057,-0.104,-0.1906,72,8.614,166,8.7304,-2.4267,-10.5639,-0.2061,-0.1096,-0.0252,40,82816.552,1601475,-5.2523,3.9418,-14.297,-2.3849,0.0598,-1.2506,47
8.728,168,-0.5899,-5.9716,-17.0536,0.8651,-1.932,0.9544,75,9.035,174,4.0231,1.4962,-18.8942,-0.5499,-1.1821,-1.7477,84,9.189,177,8.9117,-1.5176,-13.1972,0.0139,-0.1093,-0.275,72,8.666,167,8.932,-2.1741,-10.2445,-0.0499,-0.0465,-0.0794,40,82816.604,1601476,-9.0649,6.167,-12.1756,-2.4185,-0.3846,-1.5888,47
8.78,169,-0.8462,-7.1413,-16.1125,1.3057,-2.0331,1.0553,75,9.087,175,2.1041,1.6325,-17.4952,-0.6242,-1.1725,-1.8076,84,9.241,178,8.7963,-1.2456,-13.274,-0.0651,-0.1542,-0.3245,72,8.718,168,8.7814,-1.9845,-10.2072,-0.0181,-0.0224,-0.1096,40,82816.656,1601477,-11.4265,7.9204,-10.7492,-2.0855,-0.5488,-0.8446,47
8.832,170,-2.3244,-6.2422,-15.2445,1.2465,-2.1055,1.4387,75,9.139,176,0.4377,2.726,-17.249,-0.533,-1.269,-1.9736,84,9.293,179,8.9171,-0.8754,-13.3598,-0.1686,-0.1653,-0.3721,72,8.77,169,8.7053,-0.245,-9.7508,-0.1937,-0.1245,0.1032,40,82816.707,1601478,-11.6082,9.2264,-9.8312,-1.5612,-0.7173,0.0572,47
8.883,171,-2.5589,-6.4829,-15.3327,1.5841,-1.8243,1.4561,75,9.191,177,-0.6067,3.8268,-16.3327,-0.5465,-1.5159,-1.8798,84,9.345,180,8.9811,-0.7153,-13.3257,-0.1871,-0.2408,-0.4148,72,8.821,170,9.0982,-1.441,-9.8374,-0.6385,-0.3267,0.3977,40,82816.759,1601479,-11.8514,9.4968,-7.8168,-0.95,-0.9731,0.7174,47
8.935,172,-2.3141,-5.1866,-13.5646,1.7165,-1.6111,1.5399,75,9.243,178,-1.899,4.0999,-16.1327,-0.7072,-1.5433,-1.7285,84,9.397,181,8.7618,-0.7901,-13.5926,-0.2286,-0.2877,-0.5086,72,8.873,171,9.2817,-2.5132,-10.0436,-0.8808,-0.5121,0.4264,40,82816.811,1601480,-11.402,9.4215,-6.722,-0.4664,-1.2359,1.1993,47
8.987,173,-2.3607,-5.4029,-12.3054,1.781,-1.3585,1.4218,75,9.294,179,-2.5562,4.0029,-15.8234,-0.4998,-1.5384,-1.5282,84,9.448,182,8.8129,-0.4311,-13.9317,-0.2381,-0.2363,-0.7237,72,8.925,172,9.3715,-2.8465,-10.3654,-0.0035,-0.6808,-0.0081,40,82816.863,1601481,-9.7362,8.7303,-6.1965,-0.1819,-1.3122,1.551,47
9.039,174,-2.4949,-4.2369,-10.8745,1.9441,-1.2021,1.2057,75,9.346,180,-2.7174,3.8099,-16.1427,-0.6865,-1.249,-1.1536,84,9.5,183,9.2999,0.0416,-13.9594,-0.2987,-0.1551,-0.9802,72,8.977,173,9.2204,-1.9849,-10.77,0.6351,-0.9306,-0.5238,40,82816.914,1601482,-7.52,8.1137,-6.5337,-0.0266,-1.039,1.8077,47
9.09,175,-2.2168,-3.4206,-9.1707,1.4008,-1.0426,0.8562,75,9.398,181,-2.4358,3.0235,-16.8064,-0.6593,-0.9707,-0.8085,84,9.552,184,10.1189,-0.2781,-13.8842,-0.1027,0.003,-1.3553,72,9.028,174,7.7368,-3.0252,-11.17,1.1382,-1.0511,-0.9046,40,82816.966,1601483,-5.1099,7.4029,-5.87,-0.0616,-0.7136,1.995,47
9.142,176,-1.9824,-4.0858,-8.8448,0.6446,-0.717,0.5836,75,9.45,182,-3.0659,1.4825,-17.645,-0.5195,-0.4981,-0.7134,84,9.604,185,11.4408,-0.4153,-13.3412,0.3212,-0.1048,-1.6632,72,9.08,175,7.8637,-0.8751,-12.3545,0.1547,-1.1058,-0.6979,40,82817.018,1601484,-2.8069,6.9864,-6.0484,-0.3504,-0.2045,2.1317,47
9.194,177,-1.9166,-4.5647,-8.2596,-0.1475,-0.4594,0.448,75,9.502,183,-2.9643,2.6001,-17.8143,0.2926,-0.3745,-0.885,84,9.656,186,11.5031,-3.3944,-15.3672,0.911,-0.4531,-1.8879,72,9.132,176,8.4124,-1.7162,-13.0224,0.3457,-1.0082,-0.7034,40,82817.07,1601485,-0.9007,6.4877,-6.1257,-0.6094,0.0375,2.2276,47
9.246,178,-2.1481,-4.9388,-7.8219,-0.785,0.0703,0.4021,75,9.554,184,-3.9363,1.8271,-17.5483,0.3507,-0.1506,-0.9866,84,9.707,187,11.0426,-2.4475,-12.8451,1.3414,-0.4028,-1.6354,72,9.184,177,8.4145,-0.7461,-13.3484,-0.2041,-0.9303,-0.5869,40,82817.121,1601486,0.372,5.5202,-6.3302,-0.9021,0.0516,2.1979,47
9.298,179,-3.1313,-5.4569,-8.6309,-1.2503,0.7337,0.0284,75,9.605,185,-3.8005,1.3234,-16.6105,0.8007,0.0102,-1.1,84,9.759,188,11.0035,-1.7172,-10.4737,0.8358,0.3413,-0.8316,72,9.236,178,8.2378,-0.0708,-13.673,0.031,-0.721,-0.5784,40,82817.173,1601487,1.1969,4.7299,-6.0886,-1.1436,0.0,2.0435,47
9.349,180,-4.5186,-1.9184,-10.5197,-1.3565,0.9441,-0.6544,75,9.657,186,-4.2643,1.6014,-16.7144,0.6224,0.5581,-0.9818,84,9.811,189,10.423,-2.362,-10.2581,-0.0652,0.9274,0.0081,72,9.287,179,8.2245,-0.2293,-13.7674,0.0915,-0.6022,-0.5847,40,82817.225,1601488,0.8775,4.3488,-5.8546,-1.2465,0.0561,1.6887,47
9.401,181,-2.5408,-2.961,-11.353,-1.5555,0.7731,-1.1527,75,9.709,187,-4.1721,1.6603,-13.1658,-0.1424,1.0864,-0.103,84,9.863,190,11.2929,-2.2444,-11.1585,0.2614,1.3552,0.668,72,9.339,180,8.2895,0.2098,-13.7487,0.1912,-0.5906,-0.5304,40,82817.277,1601489,0.5102,4.1808,-5.4161,-1.1037,0.282,1.2979,47
