right_hand_timestamp,right_hand_index,right_hand_accel_x,right_hand_accel_y,right_hand_accel_z,right_hand_gyro_x,right_hand_gyro_y,right_hand_gyro_z,right_hand_battery_percentage,left_hand_timestamp,left_hand_index,left_hand_accel_x,left_hand_accel_y,left_hand_accel_z,left_hand_gyro_x,left_hand_gyro_y,left_hand_gyro_z,left_hand_battery_percentage,ball_timestamp,ball_index,ball_accel_x,ball_accel_y,ball_accel_z,ball_gyro_x,ball_gyro_y,ball_gyro_z,ball_battery_percentage
0.78,15,-7.8517,-8.1239,-5.6744,0.1998,0.6427,1.5884,90,0.369,7,-5.7452,11.0216,-7.5447,-0.1286,-0.2776,-0.0768,90,6645.223,128481,-8.1486,-5.2704,-9.1289,0.1721,-0.0564,0.0659,60
0.831,16,-7.4707,-7.7144,-6.144,0.1584,0.5127,1.5691,90,0.421,8,-5.7851,11.9983,-6.9808,-0.432,-0.4131,-0.485,90,6645.274,128482,-7.8113,-4.9284,-9.2546,0.1387,-0.0704,0.0877,60
0.883,17,-6.8236,-7.0562,-6.3955,0.2286,0.5274,1.4356,90,0.473,9,-6.1752,11.4605,-7.3986,-0.9953,-0.1772,-1.0297,90,6645.326,128483,-8.0147,-5.1475,-9.3557,0.2677,-0.309,0.109,60
0.935,18,-5.9735,-5.3321,-6.854,0.5972,0.4747,1.1328,90,0.524,10,-5.9624,11.3554,-6.7968,-0.9495,-0.0527,-1.4379,90,6645.378,128484,-9.5962,-5.8577,-9.4084,0.3556,-0.5133,0.1377,60
0.987,19,-4.4557,-3.6226,-7.735,0.5384,0.1523,0.602,90,0.576,11,-6.4995,9.8421,-6.6843,-1.373,0.1133,-1.6144,90,6645.43,128485,-11.0655,-6.5766,-9.0555,0.2999,-0.3844,0.2078,60
1.039,20,-2.1589,-2.2429,-8.1571,0.3334,-0.3713,-0.2065,90,0.628,12,-5.8686,8.1186,-6.7274,-1.5292,0.2758,-1.4369,90,6645.482,128486,-11.7929,-6.4506,-8.5229,0.1482,-0.0564,0.2589,60
1.09,21,0.4537,-2.3104,-7.3862,0.1823,-0.9403,-0.8258,90,0.68,13,-5.1616,6.6171,-7.092,-1.7961,0.2091,-1.1792,90,6645.533,128487,-11.5951,-6.3359,-7.7792,-0.0305,0.138,0.2257,60
1.142,22,1.488,-4.9692,-8.374,0.8074,-1.3556,-1.2778,90,0.732,14,-4.3076,4.5895,-8.4425,-1.2214,0.2519,-0.9795,90,6645.585,128488,-10.7223,-6.0731,-7.7881,-0.2928,0.37,0.0268,60
1.194,23,0.5054,-6.3014,-6.3116,1.2637,-1.6587,-1.6077,90,0.783,15,-2.7206,3.1598,-9.0157,-1.1443,-0.2222,-0.5453,90,6645.637,128489,-9.4266,-4.9105,-8.052,-0.445,0.5277,-0.1459,60
1.246,24,5.4252,0.5386,-2.0153,0.2719,-1.6843,-1.8485,90,0.835,16,-0.8218,1.6228,-9.5103,-0.5184,-0.8348,0.2455,90,6645.689,128490,-7.2796,-3.9715,-8.233,-0.333,0.6056,-0.1451,60
1.297,25,5.4952,-4.8046,-3.5375,-0.4789,-0.5469,-2.0242,90,0.887,17,1.1254,2.6746,-10.1068,0.2934,-1.282,0.8446,90,6645.74,128491,-5.395,-3.2238,-8.3422,-0.2617,0.5136,-0.0929,60
1.349,26,2.4166,-5.3972,-3.8866,0.3249,-0.0794,-1.6685,90,0.939,18,2.5462,6.4371,-9.9358,0.8859,-1.6083,1.2818,90,6645.792,128492,-3.4046,-1.4887,-8.8556,-0.2867,0.3158,-0.293,60
1.401,27,1.5663,-3.6864,-3.728,0.0133,-0.1624,-1.3736,90,0.991,19,6.5313,7.4124,-4.7283,-0.0335,-1.829,1.6009,90,6645.844,128493,-0.6538,0.8369,-8.9666,-0.2915,0.1931,-0.4386,60
1.453,28,1.4622,-3.8389,-4.1791,-0.6677,-0.0054,-1.302,90,1.042,20,8.0883,7.4014,-2.7172,0.6473,-1.2611,1.827,90,6645.895,128494,2.6192,3.1926,-8.5466,-0.0303,0.0615,-0.5045,60
1.505,29,1.7599,-7.7206,-6.6258,-1.1647,-0.0376,-0.9097,90,1.094,21,5.2506,10.7287,-4.479,1.1442,-0.2413,1.3863,90,6645.947,128495,3.2982,2.3383,-7.6928,0.0318,0.0836,-0.0898,60
1.557,30,3.4195,-10.297,-8.3732,-1.5029,-0.6968,0.0127,90,1.146,22,3.4081,9.9051,-5.3259,0.2119,-0.5101,1.067,90,6645.999,128496,2.4126,1.653,-8.2509,-0.1915,0.1348,0.4789,60
1.608,31,5.4555,-12.7129,-9.7285,-1.7742,-1.1779,0.6859,90,1.198,23,3.1182,7.2207,-6.4179,0.5543,-0.413,0.7643,90,6646.051,128497,1.73,1.128,-8.6232,-0.3518,0.1732,0.8949,60
1.66,32,4.4735,-14.4761,-9.7707,-1.9723,-1.523,1.1773,90,1.25,24,3.1543,6.8651,-8.8938,1.0763,-0.5204,0.2764,90,6646.102,128498,-0.5873,-0.3881,-9.2112,-0.466,0.1998,1.1989,60
1.712,33,1.7935,-12.8481,-10.113,-1.3666,-1.78,1.5359,90,1.302,25,5.056,10.0018,-14.0055,1.4573,-0.844,-0.4846,90,6646.154,128499,-0.1886,-0.3989,-9.7946,-0.1314,0.4493,0.9735,60
1.764,34,1.0188,-11.3501,-12.042,-0.47,-1.9684,1.7976,90,1.354,26,6.9813,12.6266,-16.6847,1.6797,-1.2886,-1.0401,90,6646.206,128500,-0.1308,-0.3128,-9.7652,0.1154,0.631,0.809,60
1.815,35,-4.7887,-13.4815,-14.2782,-0.9901,-0.7542,1.0148,90,1.405,27,5.5487,13.9518,-15.1638,0.9323,-1.6132,-1.4455,90,6646.258,128501,-0.0852,-0.2572,-9.7226,0.2972,0.7622,0.6896,60
1.867,36,-2.8254,-9.8905,-12.3794,-0.437,-0.7005,1.2257,90,1.457,28,2.1812,10.6599,-15.7824,0.0004,-1.6455,-1.6504,90,6646.31,128502,-0.0597,-0.2217,-9.7149,0.4306,0.8571,0.6026,60
1.919,37,-2.936,-9.0263,-11.0324,-0.1099,-0.6007,1.1166,90,1.509,29,-2.1578,12.9494,-19.3827,-0.6104,-1.8217,-1.8909,90,6646.361,128503,-0.0448,-0.1916,-9.7177,0.5284,0.9264,0.5388,60
1.971,38,-3.5527,-7.0509,-11.4326,0.2075,-0.5211,0.6708,90,1.561,30,-0.509,13.0771,-18.062,0.2262,-0.6763,-1.9608,90,6646.413,128504,-0.0417,-0.1598,-9.7255,0.6018,0.9747,0.4926,60
2.023,39,-4.2936,-5.7297,-11.0113,0.0532,-0.4687,0.1982,90,1.613,31,-2.1062,11.1712,-17.5108,-0.4883,-0.5727,-2.0598,90,6646.465,128505,-0.0414,-0.1364,-9.7235,0.6562,1.0084,0.4596,60
2.074,40,-4.857,-5.8423,-8.7947,0.3086,-0.6106,-0.1413,90,1.665,32,-1.5768,10.1587,-15.869,-0.5315,-0.473,-1.6354,90,6646.517,128506,-0.0263,-0.136,-9.7193,0.6975,1.0311,0.4353,60
2.126,41,-5.7322,-8.9833,-9.7642,-0.4186,-0.0133,-0.702,90,1.716,33,-2.2602,7.2039,-14.9317,-1.0431,-0.1048,-1.2045,90,6646.568,128507,-5.2507,-5.3571,-4.7192,0.5048,1.4279,0.0061,60
2.178,42,-6.7989,-9.6321,-8.6614,0.3672,0.1597,-0.6522,90,1.768,34,-3.7311,6.4757,-14.2588,-0.7583,0.0152,-0.7061,90,6646.62,128508,-4.3512,-3.6743,-5.7114,0.2603,1.1958,-0.1073,60
2.23,43,-7.5467,-8.486,-7.8101,0.9328,0.0875,-0.5527,90,1.82,35,-4.1205,6.4382,-13.3366,-0.9652,0.1652,-0.2147,90,6646.672,128509,-3.7972,-2.9214,-7.6051,0.1441,1.1034,-0.0885,60
2.281,44,-8.3311,-9.0382,-7.5686,1.0325,0.15,-0.2625,90,1.872,36,-5.2393,6.9466,-13.2976,-0.9437,0.1576,0.243,90,6646.724,128510,-2.5313,-2.5998,-9.6092,0.0129,0.7445,-0.2271,60
2.333,45,-8.4757,-8.2635,-6.5068,0.7618,0.3753,0.0451,90,1.924,37,-6.1722,8.8216,-12.0099,-0.8672,0.1804,0.4791,90,6646.775,128511,-1.8982,-2.2975,-10.3893,-0.2074,0.2129,-0.2696,60
2.385,46,-8.8229,-8.0561,-6.1749,0.9074,0.4122,0.4502,90,1.975,38,-7.364,8.9925,-11.8296,-0.5739,0.1485,0.5589,90,6646.827,128512,-1.6468,-1.2632,-10.5661,-0.3574,-0.3893,-0.3328,60
2.437,47,-9.1283,-7.9275,-6.4505,0.8872,0.4462,0.7859,90,2.027,39,-8.0044,9.7889,-11.9,-0.4121,-0.1088,0.3492,90,6646.879,128513,-2.9338,-1.7263,-11.5469,-0.3662,-0.9358,-0.1081,60
2.488,48,-8.8285,-7.1185,-6.3067,1.0745,0.6465,1.1544,90,2.079,40,-7.7797,10.738,-11.0236,-0.6681,-0.3184,-0.1464,90,6646.93,128514,-5.2088,-1.4562,-12.1891,-0.2083,-1.3461,0.0041,60
2.54,49,-7.4271,-5.863,-7.0571,0.865,0.5606,1.0871,90,2.131,41,-8.0115,11.5005,-10.4717,-1.1599,-0.3607,-0.7337,90,6646.982,128515,-7.6307,-1.6789,-12.2968,0.1817,-1.6455,0.2423,60
2.592,50,-6.4453,-3.6503,-8.3369,1.0272,0.1726,0.7732,90,2.183,42,-8.8156,10.4869,-10.1847,-1.5266,-0.2166,-1.2105,90,6647.034,128516,-10.8008,-2.8727,-11.4742,0.4762,-1.6841,0.4006,60
2.644,51,-4.0852,-1.9344,-8.8557,0.9405,-0.4079,0.2776,90,2.234,43,-7.6145,9.0977,-9.6114,-1.7942,-0.4991,-1.5699,90,6647.086,128517,-13.1145,-3.2357,-10.7624,0.3571,-1.1944,0.4153,60
2.696,52,-2.3364,-1.8991,-8.196,0.6228,-0.9553,-0.3029,90,2.286,44,-6.6909,5.1852,-8.3737,-0.7763,0.1248,-1.2282,90,6647.138,128518,-13.1574,-2.8156,-10.9482,0.2009,-0.417,0.1173,60
2.747,53,-0.8312,-1.2938,-6.4666,0.8068,-1.3666,-0.8962,90,2.338,45,-6.3686,5.1799,-9.7779,-0.7029,-0.3705,-0.7394,90,6647.189,128519,-11.081,-2.4673,-10.9538,0.1517,0.0453,-0.0486,60
2.799,54,-0.3005,-4.5306,-5.9196,1.2632,-1.6667,-1.3292,90,2.39,46,-3.5327,3.3567,-9.5332,-0.9179,-0.8204,-0.3522,90,6647.241,128520,-8.3998,-2.2636,-11.0358,0.2454,-0.0602,0.0588,60
2.851,55,3.8187,-3.4133,-1.7293,0.9116,-1.8858,-1.6452,90,2.442,47,-2.8952,2.7597,-9.4491,-0.6377,-0.7749,0.1361,90,6647.293,128521,-7.8563,-0.9288,-11.1611,0.4685,-0.707,0.0234,60
2.903,56,1.9288,-4.5395,1.2675,-0.0121,-0.6939,-1.8759,90,2.493,48,-1.8156,3.1899,-9.0711,-0.4608,-1.2382,0.7647,90,6647.345,128522,-6.9986,-1.7058,-10.1548,0.9293,-1.1791,0.2556,60
2.955,57,-0.1598,-6.7443,0.7994,-0.0087,-0.5638,-1.7872,90,2.545,49,-0.1766,7.3245,-6.561,0.3354,-1.5764,1.2235,90,6647.396,128523,-7.1063,-2.2947,-9.8563,0.8572,-1.3754,0.2254,60
3.007,58,-1.0348,-5.9763,-0.1004,-0.6064,-0.418,-1.4152,90,2.597,50,-3.2621,8.1371,-5.1162,-0.2989,-1.7826,1.5583,90,6647.448,128524,-5.1104,-1.7332,-9.9741,0.4703,-0.9403,-0.0116,60
3.059,59,-1.1201,-5.8365,-1.1006,-1.113,-0.0657,-1.1646,90,2.649,51,2.5384,9.9188,-1.9704,0.4536,-1.3362,1.2737,90,6647.5,128525,-0.9903,-0.953,-10.5132,0.0864,-0.7945,-0.197,60
3.11,60,-0.948,-5.8413,-1.4658,-1.4897,0.4219,-1.0448,90,2.701,52,-3.2791,12.4962,-1.9226,0.8291,-0.2961,1.1729,90,6647.552,128526,1.5782,0.1938,-11.087,-0.2321,-0.9578,-0.4465,60
3.162,61,-0.4944,-8.2949,-3.745,-1.7646,0.578,-0.7759,90,2.752,53,-2.6453,9.8363,-2.8644,-0.0749,-0.219,0.9662,90,6647.603,128527,1.2216,0.1213,-10.6092,-0.5893,-0.6559,-0.5261,60
3.214,62,1.3914,-11.2517,-6.9858,-1.9653,-0.1157,0.1063,90,2.804,54,-3.5431,7.9082,-3.8726,0.3123,0.2107,0.9287,90,6647.655,128528,0.8351,0.0495,-10.3148,-0.8721,-0.4148,-0.5546,60
3.265,63,2.4925,-13.1722,-8.6495,-1.5223,-0.7538,0.7543,90,2.856,55,-2.3425,6.5597,-5.378,0.8996,0.0215,1.22,90,6647.707,128529,0.5216,-0.0323,-10.0345,-1.078,-0.2415,-0.5749,60
3.317,64,2.7396,-13.4709,-8.7923,-1.3073,-1.1743,1.2271,90,2.908,56,-0.0084,9.6363,-9.1343,1.3283,-0.2038,0.7499,90,6647.759,128530,-4.8509,-5.2814,-6.6045,-1.1185,-0.2134,-0.3972,60
3.369,65,5.993,-8.0734,-14.3826,-0.4064,-1.4899,0.8644,90,2.96,57,-0.0194,12.3599,-12.8565,1.5228,-0.2955,0.0638,90,6647.811,128531,-3.4196,-3.9074,-7.6405,-0.7264,-0.1537,-0.3668,60
3.421,66,1.7256,-8.7907,-14.0948,-0.3557,-0.4658,0.9371,90,3.012,58,1.1794,13.5658,-15.3396,1.7831,-0.8883,-0.6398,90,6647.862,128532,-2.4697,-2.8636,-8.223,-0.4393,-0.1086,-0.3446,60
3.473,67,-0.3343,-7.9033,-14.6285,0.0259,-0.576,1.0085,90,3.063,59,1.4427,13.1318,-16.8297,1.2216,-1.321,-1.1533,90,6647.914,128533,-1.7641,-2.114,-8.6526,-0.2281,-0.0764,-0.3265,60
3.524,68,0.1675,-5.5397,-11.9036,-0.4852,-0.1886,0.4025,90,3.115,60,2.2421,12.421,-15.4454,0.2116,-1.6368,-0.5739,90,6647.966,128534,-1.2691,-1.5722,-8.9569,-0.0746,-0.0511,-0.3138,60
3.576,69,-1.1279,-6.2656,-11.1241,-0.4929,-0.2528,0.1182,90,3.167,61,-0.54,12.4124,-14.7727,0.7951,-0.5155,-0.2139,90,6648.018,128535,-0.9058,-1.1795,-9.1924,0.0384,-0.0332,-0.304,60
3.628,70,-3.2626,-6.2805,-10.8403,-0.2689,0.0075,-0.1605,90,3.219,62,-1.1556,10.0585,-14.777,-0.0997,-1.0489,-0.177,90,6648.069,128536,-0.6484,-0.8913,-9.363,0.121,-0.0197,-0.2965,60
3.68,71,-4.1425,-6.7257,-10.1107,-0.474,-0.1809,-0.5688,90,3.271,63,-1.7,9.2933,-15.8053,-0.132,-0.6378,0.0144,90,6648.121,128537,-0.4638,-0.6834,-9.4942,0.1822,-0.0107,-0.2907,60
3.732,72,-6.4701,-9.1178,-10.5447,0.0533,-0.0553,-0.2698,90,3.322,64,-2.9932,8.0373,-14.6001,-0.4046,-0.4089,-0.0015,90,6648.173,128538,-0.641,-1.8787,-10.351,0.1461,0.2437,-0.2644,60
3.783,73,-6.3327,-9.5014,-8.3765,0.5747,-0.1618,0.1687,90,3.374,65,-3.0509,8.3419,-13.8783,-0.3347,-0.2237,-0.0189,90,6648.225,128539,-0.151,-1.997,-9.2463,-0.0715,0.104,-0.3487,60
3.835,74,-7.0162,-9.3524,-7.3351,0.9909,-0.2211,0.6641,90,3.426,66,-4.8927,8.9409,-13.3511,-0.4378,-0.2592,0.1565,90,6648.276,128540,-1.6162,-2.6673,-8.0749,-0.2463,-0.117,-0.7024,60
3.887,75,-7.0193,-7.901,-6.9014,1.1399,-0.117,1.1555,90,3.478,67,-5.5899,9.8644,-12.5376,-0.785,-0.5134,0.237,90,6648.328,128541,-1.5886,-2.2451,-8.1034,0.0946,-0.3177,-0.5795,60
3.939,76,-7.4899,-7.6036,-6.8964,1.0155,0.0984,1.4858,90,3.53,68,-6.1638,10.207,-11.8072,-0.7668,-0.6023,0.073,90,6648.38,128542,-1.4202,-2.0592,-7.4227,0.5888,-0.8878,-0.529,60
3.99,77,-7.4802,-6.5375,-7.0813,0.8611,0.2233,1.5851,90,3.581,69,-5.9255,10.8436,-11.565,-1.0283,-0.5325,-0.3769,90,6648.432,128543,-2.6416,-2.5555,-6.1484,1.1036,-1.311,-0.7863,60
4.042,78,-6.9136,-5.7739,-7.7129,0.758,0.2269,1.4709,90,3.633,70,-7.0096,10.8611,-10.453,-1.4305,-0.619,-0.9613,90,6648.483,128544,-3.4156,-4.5793,-4.3837,1.4794,-1.6199,-0.8631,60
4.094,79,-5.7105,-4.174,-7.908,0.7549,0.1037,1.2348,90,3.685,71,-7.6879,10.2743,-10.1651,-1.6012,-0.4525,-1.388,90,6648.535,128545,-4.1293,-5.9543,-1.5102,1.7536,-1.8434,-0.891,60
4.146,80,-3.9625,-2.8501,-8.5016,0.6663,-0.2163,0.7646,90,3.737,72,-6.4975,9.6497,-9.6779,-1.8487,-0.4437,-1.6994,90,6648.587,128546,-5.3478,-7.891,0.4095,1.5907,-1.497,-0.7333,60
4.198,81,-2.1779,-2.224,-8.2897,0.2818,-0.8262,-0.1082,90,3.789,73,-6.0051,6.9105,-9.4632,-1.7968,-0.1147,-1.8231,90,6648.639,128547,-4.8274,-7.6721,1.7324,0.6081,-0.6524,-0.4966,60
4.249,82,-0.8046,-2.6384,-7.6809,0.2679,-1.2723,-0.7541,90,3.84,74,-4.8493,5.3056,-9.2421,-1.5901,-0.16,-1.6876,90,6648.69,128548,-4.0917,-6.5934,1.9547,-0.0811,-0.1109,-0.3975,60
4.301,83,0.8602,-5.286,-5.8497,0.5406,-1.5979,-1.2255,90,3.892,75,-3.4334,3.4076,-9.3567,-1.3594,-0.3273,-1.1676,90,6648.742,128549,-3.3095,-5.6183,0.71,-0.3946,0.2383,-0.2666,60
4.353,84,1.8829,-7.1607,-1.6782,0.7083,-1.5074,-1.5695,90,3.944,76,-2.7356,3.0141,-9.6141,-0.7849,-0.6761,-0.2596,90,6648.794,128550,-2.5413,-4.9888,-0.4579,-0.5259,0.3121,-0.1443,60
4.405,85,0.6139,-9.6215,-0.1426,-0.1605,-0.4182,-1.8206,90,3.996,77,-1.5282,3.4796,-8.6505,0.0602,-1.1661,0.4759,90,6648.846,128551,-2.0567,-4.1138,-2.2548,-0.5697,0.1799,-0.0563,60
4.457,86,-1.3995,-10.6796,-1.0133,0.1027,0.1954,-1.6591,90,4.048,78,0.0412,6.3664,-6.5392,0.7157,-1.5238,1.0127,90,6648.897,128552,-2.0214,-3.0435,-4.3942,-0.616,0.186,0.0269,60
4.509,87,-1.9169,-10.3775,-1.9921,0.5283,0.2881,-0.9403,90,4.1,79,0.926,8.9225,-5.7014,1.1941,-1.7848,1.4045,90,6648.949,128553,-1.1321,-1.4531,-6.8548,-0.6519,0.3747,0.034,60
4.56,88,-1.8253,-9.23,-2.5098,0.5789,0.4269,-0.255,90,4.151,80,1.3798,11.8389,-2.8031,0.9201,-0.7188,1.6905,90,6649.001,128554,0.5256,0.2437,-9.4884,-0.5456,0.1785,-0.0428,60
4.612,89,-1.7274,-7.7567,-2.8639,-0.1032,0.4842,0.0472,90,4.203,81,-1.3652,13.1812,-2.9827,1.3409,-0.1978,1.5145,90,6649.053,128555,0.9647,1.514,-10.7417,-0.4804,-0.2425,-0.1259,60
4.664,90,-1.2185,-6.0868,-3.2201,-0.7527,0.2104,-0.112,90,4.255,82,-1.7354,12.5003,-3.7441,0.3268,-0.2301,0.7185,90,6649.104,128556,0.7298,1.0687,-10.4535,-0.4543,-0.2897,0.1387,60
4.716,91,1.3936,-9.6401,-7.3818,-1.2267,-0.4697,0.3521,90,4.307,83,-1.4016,10.3259,-4.7644,0.0401,-0.3327,-0.0731,90,6649.156,128557,0.5692,0.7245,-10.2125,-0.4359,-0.3222,0.3353,60
4.768,92,3.1763,-9.0967,-6.2854,-0.4387,-0.4179,0.9336,90,4.359,84,-1.2216,8.9289,-5.2569,0.701,-0.2969,-0.3996,90,6649.208,128558,0.4483,0.4613,-10.0071,-0.423,-0.3446,0.4797,60
4.819,93,0.185,-8.6281,-7.4366,-0.0629,0.1273,1.358,90,4.411,85,-0.4403,8.2609,-7.4837,1.1833,-0.3563,-0.2965,90,6649.26,128559,0.254,0.0877,-9.6863,-0.4138,-0.3579,0.587,60
4.871,94,-1.1932,-8.8157,-8.14,-0.2826,0.0638,1.6672,90,4.463,86,2.7255,11.356,-12.6033,1.5354,-0.9327,-0.7041,90,6649.311,128560,0.4012,0.0927,-8.6998,-0.8388,0.1735,0.3988,60
4.923,95,-1.4865,-8.9672,-8.8226,0.1639,0.0858,1.6603,90,4.514,87,3.4004,9.1486,-16.2457,0.4438,-1.3534,-1.1773,90,6649.363,128561,0.3273,0.0573,-8.8303,-1.1747,0.5575,0.1799,60
4.975,96,-1.0567,-5.5427,-8.7144,0.0579,-0.0298,1.2964,90,4.566,88,2.5757,12.0039,-14.4209,0.2429,-0.3087,-1.171,90,6649.415,128562,0.2562,0.0527,-8.8967,-1.4213,0.8364,0.0214,60
5.026,97,-0.6132,-5.0078,-9.1886,0.0195,-0.2573,0.5877,90,4.618,89,0.789,9.5361,-14.6791,0.224,-0.898,-1.4382,90,6649.467,128563,0.2241,0.0369,-8.9809,-1.6031,1.0393,-0.0924,60
5.078,98,-0.244,-5.4246,-9.9181,-0.6053,-0.2098,-0.0817,90,4.67,90,1.3062,8.5812,-13.5293,-0.224,-0.9079,-1.5305,90,6649.518,128564,2.8198,-2.5141,-14.1125,-1.7867,1.2054,-0.247,60
5.13,99,-2.5478,-4.9073,-11.0335,-0.089,0.4624,-0.7347,90,4.722,91,0.8105,7.6459,-13.101,-0.4702,-0.5899,-1.3118,90,6649.57,128565,-3.1735,-7.0927,-13.6975,-1.857,1.4015,0.0136,60
5.182,100,-2.9486,-8.2498,-10.9254,0.2489,0.1041,-1.0181,90,4.773,92,0.7965,6.2795,-13.5621,-0.0762,-0.4385,-0.7427,90,6649.622,128566,-2.5146,-8.344,-12.6518,-1.9566,1.3305,0.3364,60
5.234,101,-3.3272,-10.3975,-11.03,0.206,0.0424,-0.8541,90,4.825,93,0.2022,5.9241,-12.4793,0.6161,-0.0667,0.1233,90,6649.674,128567,-2.5563,-7.1391,-12.7983,-2.1059,1.0467,0.5219,60
5.285,102,-4.2478,-12.0668,-11.2618,0.3107,0.0225,-0.2643,90,4.877,94,-1.0588,7.5333,-13.8652,0.7777,0.4095,0.7485,90,6649.725,128568,-1.796,-5.6187,-12.439,-2.2074,0.7822,0.7023,60
5.337,103,-4.6214,-11.3856,-11.194,0.9012,-0.2281,0.4837,90,4.929,95,-3.0789,7.4643,-13.9882,0.3088,0.616,0.8349,90,6649.777,128569,-1.249,-4.4297,-11.8415,-2.076,0.467,0.5945,60
5.389,104,-4.9043,-11.816,-10.6749,1.013,-0.3445,0.9713,90,4.981,96,-3.1277,9.0202,-14.4021,0.3408,0.5075,0.8578,90,6649.829,128570,-1.1625,-3.48,-11.508,-1.8199,0.2539,0.381,60
5.441,105,-5.0792,-11.6377,-10.0716,0.7748,-0.1918,1.3856,90,5.032,97,-3.374,10.0217,-15.4051,0.2993,0.2886,0.6371,90,6649.881,128571,-2.0159,-2.8472,-12.0303,-1.4456,0.1152,-0.119,60
5.493,106,-5.6783,-11.4675,-9.3654,0.8153,-0.0044,1.6879,90,5.084,98,-3.8881,11.5249,-14.6032,-0.411,-0.0419,0.1489,90,6649.932,128572,-2.3812,-1.8523,-13.1437,-0.3812,-0.0865,-0.7629,60
5.544,107,-6.4069,-11.1148,-9.2918,0.8644,0.2212,1.9085,90,5.136,99,-3.7611,11.1988,-13.63,-0.98,-0.3102,-0.5302,90,6649.984,128573,-2.6938,-5.2273,-12.8854,0.3957,-0.2679,-1.2329,60
5.596,108,-7.0899,-10.3651,-9.8023,1.3038,0.3608,2.0696,90,5.188,100,-3.8757,11.7447,-12.9477,-1.3953,-0.2376,-1.0733,90,6650.036,128574,-2.944,-8.8046,-12.4775,0.9627,-0.4862,-1.3939,60
5.648,109,-5.8201,-6.8476,-8.0686,0.9406,0.3123,1.7782,90,5.24,101,-4.1873,12.0673,-12.3402,-1.6984,-0.1028,-1.4697,90,6650.088,128575,-3.3245,-11.0487,-11.6034,1.2887,-0.6972,-1.1116,60
5.7,110,-5.1088,-5.0297,-8.2139,1.3009,0.1358,1.6402,90,5.291,102,-5.4228,10.8001,-10.6999,-1.9196,0.0755,-1.7591,90,6650.139,128576,-3.5532,-12.5505,-10.961,1.2735,-0.8099,-0.9184,60
5.752,111,-4.9791,-3.542,-8.3074,1.1874,0.1084,1.3588,90,5.343,103,-5.5989,10.2651,-10.1524,-2.0305,0.1645,-1.9696,90,6650.191,128577,-2.8431,-14.4177,-9.5719,0.7326,-0.5029,-0.6268,60
5.804,112,-4.6289,-1.3382,-8.6776,0.6964,-0.0714,0.7926,90,5.395,104,-5.1867,7.931,-8.3358,-1.8157,0.1342,-2.0696,90,6650.243,128578,-2.5016,-13.9243,-8.7718,-0.1432,-0.1868,0.1975,60
5.855,113,-3.0931,-1.4358,-8.9561,0.1542,-0.7193,-0.0966,90,5.447,105,-5.3523,7.7498,-7.9229,-1.9465,0.2665,-1.854,90,6650.295,128579,-2.2918,-11.9253,-9.3364,-0.7262,0.0318,0.8059,60
5.907,114,-1.09,-0.9371,-8.5404,0.2332,-1.1943,-0.7456,90,5.499,106,-5.2623,5.4721,-8.5386,-1.9652,0.3504,-1.4731,90,6650.346,128580,-1.6582,-9.9836,-9.9846,-0.5944,-0.0711,0.8461,60
5.959,115,-0.1968,-3.2484,-7.8006,0.7376,-1.541,-1.2193,90,5.55,107,-4.8137,4.8971,-8.8961,-1.5793,-0.0375,-1.1226,90,6650.398,128581,-2.9772,-9.4651,-9.6844,-0.3133,-0.272,0.4224,60
6.011,116,2.5451,-7.3968,-3.1021,1.2127,-1.794,-1.565,90,5.602,108,-3.5701,4.0168,-8.9149,-1.3568,-0.6606,-0.6387,90,6650.45,128582,-2.5355,-9.4419,-9.7533,-0.0789,-0.1138,0.1778,60
6.062,117,2.8293,-5.4813,0.3271,0.342,-0.7908,-1.8173,90,5.654,109,-2.677,4.1116,-7.3601,-0.9305,-1.1548,0.0441,90,6650.502,128583,-1.977,-8.619,-9.4265,-0.3048,0.0828,0.2889,60
6.114,118,0.7922,-8.331,-0.2607,-0.4278,0.1053,-1.9894,90,5.706,110,-3.1264,2.8207,-6.8186,-0.0764,-1.5155,0.6976,90,6650.553,128584,-1.7659,-6.6253,-9.784,-0.6328,0.1591,0.2447,60
6.166,119,-0.8557,-9.5125,-1.1785,-0.081,0.3348,-1.3503,90,5.758,111,-1.4823,4.0129,-3.7927,0.6159,-1.7787,1.1745,90,6650.605,128585,-1.1845,-3.9615,-9.934,-0.8132,0.044,0.039,60
6.218,120,-0.8187,-9.1708,-1.4607,0.1559,0.3415,-0.4997,90,5.809,112,0.1569,6.8522,-1.254,-0.0099,-0.6191,1.5226,90,6650.657,128586,-0.2227,-1.5335,-9.6869,-0.9279,-0.2451,-0.5348,60
6.27,121,-0.5156,-8.7166,-1.4335,-0.0398,0.6953,0.1473,90,5.861,113,-3.8767,10.0147,-3.3101,0.6645,0.2272,1.321,90,6650.709,128587,0.5184,0.4826,-8.2996,-1.1885,-0.5259,-1.0664,60
6.321,122,0.0045,-8.3701,-1.5063,-0.1164,1.0507,0.7273,90,5.913,114,-4.9064,11.1132,-3.4307,-0.1212,-0.1761,0.3896,90,6650.761,128588,1.0526,0.7534,-8.001,-1.5449,-0.6128,-1.2249,60
6.373,123,-0.0199,-7.9288,-1.8185,0.0025,1.2185,1.125,90,5.965,115,-4.8411,9.3505,-3.0882,-0.763,-0.1164,-0.402,90,6650.812,128589,0.7444,0.5012,-8.3823,-1.8054,-0.6347,-1.2242,60
6.425,124,-0.4282,-6.586,-2.3639,0.4162,1.3083,1.2597,90,6.017,116,-4.8272,10.6835,-2.2526,-0.5337,-0.229,-0.9798,90,6650.864,128590,0.5317,0.2893,-8.6662,-1.9955,-0.6574,-1.2215,60
6.477,125,-1.2786,-5.1803,-3.3956,0.5389,1.2058,1.0327,90,6.069,117,-3.6567,11.1556,-0.7567,-1.0695,-0.0744,-1.4015,90,6650.916,128591,0.3761,0.0963,-8.9447,-2.1331,-0.6789,-1.2184,60
6.528,126,-2.5653,-5.0845,-4.4524,0.4149,0.6103,0.5346,90,6.12,118,-4.0724,5.9237,-8.4921,-0.1235,0.6248,-1.4794,90,6650.968,128592,1.3566,0.1255,-8.062,-1.2285,-0.9945,-0.4147,60
6.58,127,-2.5142,-5.0602,-4.4536,0.3061,-0.1536,0.1613,90,6.172,119,-2.5916,7.7765,-9.8586,-0.7667,-0.1098,-1.4514,90,6651.019,128593,0.9554,0.1983,-8.3736,-0.5245,-1.2297,0.1815,60
6.632,128,-2.4138,-4.6765,-3.3802,0.5185,-0.4708,-0.1359,90,6.224,120,-1.8568,2.3752,-12.9442,-0.8399,-0.7249,-0.9045,90,6651.071,128594,0.7033,0.2352,-8.6447,-0.0149,-1.4037,0.6176,60
6.684,129,-3.1852,-3.7092,-2.8058,0.1912,-0.4101,-0.6859,90,6.276,121,-2.2052,4.1921,-10.5917,0.0553,-1.2017,0.0039,90,6651.123,128595,0.5282,0.2588,-8.8401,0.3526,-1.5338,0.9379,60
6.736,130,-4.0801,-2.7091,-2.7989,0.1079,-0.4227,-1.1757,90,6.328,122,-2.1562,1.9494,-8.7655,-0.6397,-1.5497,0.6682,90,6651.175,128596,0.5456,0.9141,-8.6093,0.4433,-1.2729,0.9214,60
6.787,131,-3.5725,-2.1659,-2.9201,-0.3488,-0.3826,-1.5332,90,6.379,123,3.3456,6.7496,-3.929,0.2049,-0.6402,0.318,90,6651.226,128597,4.6174,2.4938,-8.6247,0.8628,-1.3019,1.033,60
6.839,132,-1.4056,-2.7475,-3.461,-0.9319,-0.2548,-1.7941,90,6.431,124,-1.2901,7.2177,-3.9048,0.2108,0.2118,0.2504,90,6651.278,128598,4.4591,3.589,-6.387,1.0783,-1.6008,1.3668,60
6.891,133,0.7728,-6.5691,-5.8178,-1.3575,0.0157,-1.9845,90,6.483,125,-2.311,4.6174,-5.4941,0.2678,0.7298,0.51,90,6651.33,128599,7.5134,4.9678,-6.4086,1.3072,-1.8314,1.6719,60
6.943,134,0.6972,-9.9921,-8.5461,-1.3767,0.2791,-1.1118,90,6.535,126,-2.1261,2.7884,-7.0077,0.8672,0.5717,1.0376,90,6651.382,128600,5.3335,4.0342,-6.5389,1.5951,-1.9997,1.8959,60
6.995,135,1.5115,-10.9414,-11.0249,-0.7322,-0.4656,-0.1348,90,6.587,127,0.3236,4.9569,-8.4916,1.3047,0.4476,1.4227,90,6651.434,128601,3.7366,3.359,-6.6322,1.7861,-2.1226,2.0594,60
7.046,136,6.1548,-13.1832,-12.1117,-0.0969,-1.0092,0.5783,90,6.638,128,0.389,5.1402,-11.35,1.5815,1.0047,1.7037,90,6651.485,128602,2.5289,2.8765,-6.6609,1.9002,-2.2122,2.1787,60
7.098,137,2.4772,-14.8194,-8.5243,-0.6196,-0.0703,0.8269,90,6.69,129,0.5223,9.0784,-15.7497,1.809,0.0819,1.7172,90,6651.537,128603,0.2893,2.1379,-5.9591,1.0623,-1.4483,1.4634,60
7.15,138,2.0029,-12.5477,-8.5626,-0.5334,0.2046,1.1065,90,6.742,130,0.3799,8.1059,-18.8409,0.7712,-0.6129,1.2003,90,6651.589,128604,0.1643,1.7235,-6.7383,0.3873,-0.4001,0.6244,60
7.202,139,0.7642,-12.095,-8.6753,-0.7986,0.5554,1.4842,90,6.794,131,2.1442,11.2429,-21.4341,0.0698,-1.12,0.8016,90,6651.641,128605,0.0713,1.3963,-7.3266,-0.1109,0.3647,-0.0997,60
7.254,140,-0.6024,-11.3984,-8.6526,-1.0675,0.4151,1.5861,90,6.846,132,3.896,13.0249,-23.5834,0.2093,-0.4763,-0.1013,90,6651.692,128606,0.0022,1.1698,-7.7666,-0.4823,0.9197,-0.6362,60
7.306,141,-0.923,-9.7493,-9.9093,-1.4525,-0.2639,1.3595,90,6.898,133,3.4806,11.474,-23.9306,-0.5273,-1.0203,-0.4671,90,6651.744,128607,-0.0625,0.9992,-8.0864,-0.7601,1.3227,-1.0259,60
7.357,142,-0.8134,-8.1033,-11.5575,-1.4439,0.0951,0.5278,90,6.949,134,2.6357,11.1987,-21.6706,-0.3967,-0.2496,-0.932,90,6651.796,128608,-0.1115,0.8686,-8.3238,-0.9709,1.6127,-1.3083,60
7.409,143,-3.5551,-4.5743,-11.8617,-1.3229,0.1729,-0.2899,90,7.001,135,1.4569,10.6156,-19.9938,-0.7045,-0.7236,-1.3666,90,6651.847,128609,-2.1949,3.5542,-13.7282,-1.2903,1.5921,-1.4449,60
7.461,144,-5.9855,-8.3937,-12.9086,-1.0667,0.4418,-0.5844,90,7.053,136,2.1177,8.9127,-18.3851,-1.1942,-0.8601,-1.3829,90,6651.899,128610,1.7805,-2.6639,-14.9764,-0.4977,1.5546,-1.0165,60
7.513,145,-6.5865,-10.3202,-12.7936,-0.4609,-0.0002,-0.1922,90,7.105,137,1.0139,6.4524,-16.2005,-1.3017,-0.3952,-1.352,90,6651.951,128611,0.3722,-5.4593,-14.1523,-0.3858,0.7095,-0.0662,60
7.564,146,-6.2505,-10.0001,-12.0316,-0.0332,-0.3652,0.2029,90,7.157,138,-2.3002,4.8068,-12.4796,-1.3509,0.2458,-0.7532,90,6652.003,128612,-2.961,-4.309,-13.5292,-0.5083,0.0029,0.6274,60
7.616,147,-6.2554,-11.321,-11.5705,0.5741,-0.5232,0.8063,90,7.208,139,-5.0347,6.7118,-11.7288,-0.745,0.799,0.1157,90,6652.054,128613,-4.0525,-3.1665,-12.716,-0.5954,-0.0995,1.1175,60
7.668,148,-5.8164,-8.9765,-10.079,1.0934,-0.4659,1.2651,90,7.26,140,-5.1474,9.2088,-11.7668,-0.8966,0.3157,-0.1105,90,6652.106,128614,-3.6057,-2.3706,-11.9536,-0.9152,-0.0266,0.9986,60
7.72,149,-6.6089,-9.2195,-10.3658,1.2814,-0.1674,1.6,90,7.312,141,-4.9188,9.2786,-15.5397,-1.1233,0.5923,-0.6956,90,6652.158,128615,-2.9919,-1.6042,-11.6058,-1.2663,0.2198,0.749,60
7.772,150,-6.4592,-7.7631,-9.2886,1.3764,-0.1297,1.8444,90,7.364,142,-4.7268,9.2949,-15.8587,-1.1437,-0.1645,-0.9842,90,6652.21,128616,-4.4469,0.9357,-10.4772,-1.1539,0.7723,0.3619,60
7.823,151,-6.7923,-7.5364,-9.1511,1.2028,-0.0577,2.0227,90,7.416,143,-5.1175,9.8034,-13.7651,-1.3807,-0.2245,-1.2676,90,6652.262,128617,-8.0202,2.3743,-10.7703,-0.5704,0.9457,-0.173,60
7.875,152,-6.7343,-6.4219,-9.0276,1.2688,-0.0461,1.9297,90,7.467,144,-6.0215,9.7382,-13.0602,-1.6826,-0.1951,-1.58,90,6652.313,128618,-10.2518,-0.4239,-11.5809,-0.3716,1.1602,-0.8023,60
7.927,153,-6.4683,-4.7216,-8.5779,1.3297,-0.0016,1.668,90,7.519,145,-6.3665,8.9334,-11.5308,-1.908,-0.205,-1.7412,90,6652.365,128619,-9.6354,-1.8565,-12.2235,-0.4584,1.1578,-1.2577,60
7.979,154,-5.7465,-3.3882,-8.6019,1.2359,-0.0657,1.2218,90,7.571,146,-6.8152,8.2908,-10.0184,-1.5235,-0.2536,-1.6181,90,6652.417,128620,-8.3147,-3.013,-13.1412,-0.3641,0.728,-1.1091,60
8.031,155,-4.7146,-2.0755,-8.7062,0.8707,-0.2462,0.6437,90,7.623,147,-6.8461,7.8772,-9.2064,-1.792,-0.1317,-1.4601,90,6652.469,128621,-8.3265,-4.1303,-13.9556,-0.1843,0.1878,-0.867,60
8.082,156,-3.4074,-1.563,-8.7338,0.6346,-0.7158,0.0035,90,7.675,148,-6.3382,6.3245,-8.6136,-1.9879,0.0067,-1.2655,90,6652.52,128622,-7.6273,-4.586,-13.8133,-0.0516,-0.304,-0.5076,60
8.134,157,-2.4569,-1.2021,-8.2041,0.6103,-1.1917,-0.6725,90,7.727,149,-5.9388,5.1983,-8.5308,-1.8764,0.0584,-1.1263,90,6652.572,128623,-8.3197,-4.4922,-13.3475,0.0044,-0.7099,-0.1932,60
8.186,158,-0.9188,-2.738,-7.7654,0.8893,-1.5391,-1.1659,90,7.778,150,-4.9443,3.7038,-8.6716,-1.5353,-0.171,-0.8583,90,6652.624,128624,-7.9524,-4.1817,-12.7437,0.1443,-0.8324,0.155,60
8.238,159,-0.5102,-6.5733,-6.0474,1.3234,-1.7926,-1.5261,90,7.83,151,-3.9584,3.382,-8.4082,-0.9552,-0.601,-0.3392,90,6652.676,128625,-7.3148,-3.8262,-11.9478,0.179,-0.8654,0.3913,60
8.29,160,1.8044,-5.1573,-1.8225,0.3599,-1.8475,-1.7889,90,7.882,152,-2.9113,2.6961,-8.2649,-0.9041,-1.1113,0.4178,90,6652.727,128626,-6.7779,-2.9747,-11.3726,0.1057,-0.725,0.2849,60
8.341,161,1.0616,-7.9035,-0.6998,-0.4147,-0.6659,-1.9807,90,7.934,153,-1.6121,2.9522,-8.2378,-0.0211,-1.4837,0.9703,90,6652.779,128627,-6.0131,-2.5353,-10.7341,-0.041,-0.4919,-0.0428,60
8.393,162,-0.431,-8.7986,-1.2192,0.016,-0.3165,-1.6065,90,7.986,154,-1.2427,6.287,-5.0409,0.6563,-1.7556,1.3735,90,6652.831,128628,-4.6224,-2.0364,-10.3111,-0.3272,-0.1482,-0.36,60
8.445,163,0.286,-8.561,-1.4463,0.2316,-0.257,-0.8023,90,8.037,155,-0.5593,8.991,-5.2027,0.342,-1.9318,1.6679,90,6652.883,128629,-2.5487,-1.2082,-9.7937,-0.5828,0.1423,-0.512,60
8.497,164,1.1752,-8.3097,-1.8256,0.1139,0.2885,0.0143,90,8.089,156,3.0688,10.006,-2.9901,0.9019,-1.7648,1.8144,90,6652.935,128630,-0.6094,-0.2791,-9.6024,-0.8413,0.358,-0.4858,60
8.549,165,1.356,-8.0142,-1.9287,-0.177,0.8757,0.687,90,8.141,157,0.733,12.6297,-3.825,1.3299,-0.6089,1.1939,90,6652.986,128631,0.7892,0.6206,-9.6219,-1.0258,0.5791,-0.3457,60
8.6,166,0.9689,-7.0509,-2.06,-0.0531,1.2218,1.1781,90,8.193,158,1.7457,12.6957,-3.6637,0.2906,-0.8093,0.3189,90,6653.038,128632,0.6526,0.4311,-9.6781,-1.0371,0.6296,-0.2025,60
8.652,167,0.0713,-5.6413,-2.3396,0.1737,1.1652,1.3899,90,8.245,159,1.2431,12.8367,-3.1988,-0.2517,-0.0973,-0.4537,90,6653.09,128633,0.4676,0.2754,-9.7406,-1.0424,0.6599,-0.0987,60
8.704,168,-0.5805,-4.3621,-2.6118,0.3854,0.8309,1.2398,90,8.296,160,1.0733,12.2421,-2.9314,-0.8415,0.3603,-1.0175,90,6653.141,128634,0.3024,0.1391,-9.8281,-1.0444,0.679,-0.0223,60
8.756,169,-1.3503,-3.8903,-2.5216,0.2419,0.495,0.755,90,8.348,161,0.8915,9.6229,-4.0153,-1.2942,0.5705,-1.429,90,6653.193,128635,-5.0108,-3.8396,-15.1985,-0.5611,0.1417,0.0102,60
8.807,170,-1.809,-3.9927,-2.3363,-0.0758,0.1943,0.2702,90,8.4,162,1.7281,4.8364,-10.8704,-1.3246,0.8712,-1.4908,90,6653.245,128636,-3.666,-2.7156,-13.7619,-0.223,-0.3287,0.1781,60
8.859,171,-2.3109,-4.4714,-2.1459,-0.0528,-0.0682,-0.0887,90,8.452,163,2.1538,4.1065,-11.0635,-0.5747,-0.0221,-0.5707,90,6653.297,128637,-2.6715,-1.9589,-12.6319,0.0229,-0.6761,0.3008,60
8.911,172,-3.0009,-4.7708,-2.0986,0.0771,-0.2162,-0.3901,90,8.504,164,-0.3751,4.8435,-9.2537,-0.1618,-0.3523,0.2316,90,6653.348,128638,-1.9235,-1.4118,-11.8069,0.2016,-0.9307,0.391,60
8.963,173,-3.0955,-5.2661,-2.0119,-0.0626,-0.1623,-0.457,90,8.556,165,1.9463,7.1432,-10.8961,0.5537,-0.9298,0.586,90,6653.4,128639,-1.3838,-1.005,-11.2112,0.3309,-1.1177,0.4565,60
9.015,174,-3.0232,-5.4016,-2.0559,0.1766,0.0366,-0.3142,90,8.608,166,2.087,9.2634,-6.3911,-0.241,0.0005,-0.025,90,6653.452,128640,0.5152,-0.1621,-9.3635,0.3878,-1.1027,0.5048,60
9.066,175,-2.7478,-5.3522,-1.8864,0.1878,0.1439,-0.259,90,8.659,167,-1.7621,7.9975,-5.5922,-0.07,0.6794,-0.4506,90,6653.504,128641,3.4125,0.6507,-8.6029,0.7349,-1.4679,0.4578,60
9.118,176,-2.6207,-5.0659,-1.495,0.4381,0.1641,-0.1672,90,8.711,168,-2.8769,7.6383,-6.1463,-0.4432,0.7228,-0.9817,90,6653.556,128642,5.5368,0.8551,-9.395,0.9754,-1.7344,0.5334,60
9.17,177,-2.4286,-4.4684,-1.8731,0.6461,0.1656,-0.1258,90,8.763,169,-3.9798,5.7088,-6.6922,-0.653,0.416,-1.2471,90,6653.607,128643,4.0122,0.8057,-8.701,1.2072,-1.9289,0.7576,60
9.222,178,-2.1002,-3.856,-2.428,0.5397,-0.1082,-0.3531,90,8.815,170,-2.6983,5.3302,-6.2217,-1.1172,-0.3691,-0.6918,90,6653.659,128644,2.8797,0.7835,-8.1715,1.3637,-2.0709,0.9223,60
9.274,179,-2.1097,-4.3814,-2.2852,-0.0198,-0.5159,-0.5499,90,8.867,171,-0.5323,5.9207,-4.2757,-0.6741,-0.9341,-0.3511,90,6653.711,128645,2.024,0.7579,-7.7264,1.4672,-2.1745,1.0434,60
9.325,180,-1.4471,-4.6355,-1.6602,0.0326,-0.66,-0.6118,90,8.918,172,-1.7752,4.8812,-5.545,-0.5071,-0.5347,0.037,90,6653.763,128646,1.6822,0.5649,-6.4886,0.4902,-1.394,0.4122,60
9.377,181,-2.0686,-3.5185,-1.6551,0.0363,-0.5173,-0.7016,90,8.97,173,3.0488,8.8894,-4.0426,-0.3226,-1.0629,0.1991,90,6653.814,128647,1.1711,0.4942,-7.1975,-0.2448,-0.6678,-0.0627,60
9.429,182,-3.7021,-2.7274,-2.8885,0.0897,-0.3273,-0.6084,90,9.022,174,1.1471,11.331,-5.5687,-0.3566,-1.3746,0.4865,90,6653.866,128648,0.7987,0.4197,-7.7052,-0.7844,-0.1432,-0.409,60
9.481,183,-4.4822,-1.6016,-3.8877,-0.0316,-0.3304,-0.6599,90,9.074,175,4.5397,4.2551,-11.3766,-0.078,-1.6759,1.0204,90,6653.918,128649,0.5322,0.3665,-8.0854,-1.18,0.235,-0.661,60
